asset,adx_length,total_return,sharpe_ratio,sortino_ratio,omega_ratio,calmar_ratio,max_drawdown,win_rate,profit_factor,volatility,num_trades
doge,5,-0.10414193734872967,-4.054559336627798,-3.921012693726759,0.4110265302701604,-18.490249880360818,0.13886641016437548,0.375,0.4110265302701604,0.6332808107486054,8
shib,5,-0.07891412878227011,-2.1462289347735752,-5.0,0.5888477374134673,-10.818034095195058,0.1626492356771948,0.3333333333333333,0.5888477374134673,0.8198309828950936,3
pepe,5,-0.17631126234419792,-2.6182045177908524,-5.0,0.5221903182748393,-21.796928505210694,0.17631126234419792,0.3333333333333333,0.5221903182748393,1.4678165719546432,3
doge,6,-0.15521898672886247,-6.110627867572278,-5.0,0.30866693212669694,-21.35194561211827,0.18796365528014208,0.3,0.30866693212669694,0.6567884400054361,10
shib,6,-0.07891412878227011,-2.1462289347735752,-5.0,0.5888477374134673,-10.818034095195058,0.1626492356771948,0.3333333333333333,0.5888477374134673,0.8198309828950936,3
pepe,6,-0.17631126234419792,-2.6182045177908524,-5.0,0.5221903182748393,-21.796928505210694,0.17631126234419792,0.3333333333333333,0.5221903182748393,1.4678165719546432,3
doge,7,-0.15521898672886247,-6.110627867572278,-5.0,0.30866693212669694,-21.35194561211827,0.18796365528014208,0.3,0.30866693212669694,0.6567884400054361,10
shib,7,-0.07891412878227011,-2.1462289347735752,-5.0,0.5888477374134673,-10.818034095195058,0.1626492356771948,0.3333333333333333,0.5888477374134673,0.8198309828950936,3
pepe,7,-0.17631126234419792,-2.6182045177908524,-5.0,0.5221903182748393,-21.796928505210694,0.17631126234419792,0.3333333333333333,0.5221903182748393,1.4678165719546432,3
doge,8,-0.15521898672886247,-6.110627867572278,-5.0,0.30866693212669694,-21.35194561211827,0.18796365528014208,0.3,0.30866693212669694,0.6567884400054361,10
shib,8,-0.07891412878227011,-2.1462289347735752,-5.0,0.5888477374134673,-10.818034095195058,0.1626492356771948,0.3333333333333333,0.5888477374134673,0.8198309828950936,3
pepe,8,-0.17631126234419792,-2.6182045177908524,-5.0,0.5221903182748393,-21.796928505210694,0.17631126234419792,0.3333333333333333,0.5221903182748393,1.4678165719546432,3
doge,9,-0.15521898672886247,-6.110627867572278,-5.0,0.30866693212669694,-21.35194561211827,0.18796365528014208,0.3,0.30866693212669694,0.6567884400054361,10
shib,9,-0.07891412878227011,-2.1462289347735752,-5.0,0.5888477374134673,-10.818034095195058,0.1626492356771948,0.3333333333333333,0.5888477374134673,0.8198309828950936,3
pepe,9,-0.17631126234419792,-2.6182045177908524,-5.0,0.5221903182748393,-21.796928505210694,0.17631126234419792,0.3333333333333333,0.5221903182748393,1.4678165719546432,3
doge,10,-0.15521898672886247,-6.110627867572278,-5.0,0.30866693212669694,-21.35194561211827,0.18796365528014208,0.3,0.30866693212669694,0.6567884400054361,10
shib,10,-0.07891412878227011,-2.1462289347735752,-5.0,0.5888477374134673,-10.818034095195058,0.1626492356771948,0.3333333333333333,0.5888477374134673,0.8198309828950936,3
pepe,10,-0.17631126234419792,-2.6182045177908524,-5.0,0.5221903182748393,-21.796928505210694,0.17631126234419792,0.3333333333333333,0.5221903182748393,1.4678165719546432,3
doge,11,-0.15521898672886247,-6.110627867572278,-5.0,0.30866693212669694,-21.35194561211827,0.18796365528014208,0.3,0.30866693212669694,0.6567884400054361,10
shib,11,-0.07891412878227011,-2.1462289347735752,-5.0,0.5888477374134673,-10.818034095195058,0.1626492356771948,0.3333333333333333,0.5888477374134673,0.8198309828950936,3
pepe,11,-0.17631126234419792,-2.6182045177908524,-5.0,0.5221903182748393,-21.796928505210694,0.17631126234419792,0.3333333333333333,0.5221903182748393,1.4678165719546432,3
doge,12,-0.15521898672886247,-6.110627867572278,-5.0,0.30866693212669694,-21.35194561211827,0.18796365528014208,0.3,0.30866693212669694,0.6567884400054361,10
shib,12,-0.07891412878227011,-2.1462289347735752,-5.0,0.5888477374134673,-10.818034095195058,0.1626492356771948,0.3333333333333333,0.5888477374134673,0.8198309828950936,3
pepe,12,-0.17631126234419792,-2.6182045177908524,-5.0,0.5221903182748393,-21.796928505210694,0.17631126234419792,0.3333333333333333,0.5221903182748393,1.4678165719546432,3
doge,13,-0.15521898672886247,-6.110627867572278,-5.0,0.30866693212669694,-21.35194561211827,0.18796365528014208,0.3,0.30866693212669694,0.6567884400054361,10
shib,13,-0.07891412878227011,-2.1462289347735752,-5.0,0.5888477374134673,-10.818034095195058,0.1626492356771948,0.3333333333333333,0.5888477374134673,0.8198309828950936,3
pepe,13,-0.17631126234419792,-2.6182045177908524,-5.0,0.5221903182748393,-21.796928505210694,0.17631126234419792,0.3333333333333333,0.5221903182748393,1.4678165719546432,3
doge,14,-0.15521898672886247,-6.110627867572278,-5.0,0.30866693212669694,-21.35194561211827,0.18796365528014208,0.3,0.30866693212669694,0.6567884400054361,10
shib,14,-0.07891412878227011,-2.1462289347735752,-5.0,0.5888477374134673,-10.818034095195058,0.1626492356771948,0.3333333333333333,0.5888477374134673,0.8198309828950936,3
pepe,14,-0.17631126234419792,-2.6182045177908524,-5.0,0.5221903182748393,-21.796928505210694,0.17631126234419792,0.3333333333333333,0.5221903182748393,1.4678165719546432,3
doge,15,-0.15521898672886247,-6.110627867572278,-5.0,0.30866693212669694,-21.35194561211827,0.18796365528014208,0.3,0.30866693212669694,0.6567884400054361,10
shib,15,-0.07891412878227011,-2.1462289347735752,-5.0,0.5888477374134673,-10.818034095195058,0.1626492356771948,0.3333333333333333,0.5888477374134673,0.8198309828950936,3
pepe,15,-0.17631126234419792,-2.6182045177908524,-5.0,0.5221903182748393,-21.796928505210694,0.17631126234419792,0.3333333333333333,0.5221903182748393,1.4678165719546432,3
doge,16,-0.15521898672886247,-6.110627867572278,-5.0,0.30866693212669694,-21.35194561211827,0.18796365528014208,0.3,0.30866693212669694,0.6567884400054361,10
shib,16,-0.07891412878227011,-2.1462289347735752,-5.0,0.5888477374134673,-10.818034095195058,0.1626492356771948,0.3333333333333333,0.5888477374134673,0.8198309828950936,3
pepe,16,-0.17631126234419792,-2.6182045177908524,-5.0,0.5221903182748393,-21.796928505210694,0.17631126234419792,0.3333333333333333,0.5221903182748393,1.4678165719546432,3
doge,17,-0.15521898672886247,-6.110627867572278,-5.0,0.30866693212669694,-21.35194561211827,0.18796365528014208,0.3,0.30866693212669694,0.6567884400054361,10
shib,17,-0.07891412878227011,-2.1462289347735752,-5.0,0.5888477374134673,-10.818034095195058,0.1626492356771948,0.3333333333333333,0.5888477374134673,0.8198309828950936,3
pepe,17,-0.17631126234419792,-2.6182045177908524,-5.0,0.5221903182748393,-21.796928505210694,0.17631126234419792,0.3333333333333333,0.5221903182748393,1.4678165719546432,3
doge,18,-0.15521898672886247,-6.110627867572278,-5.0,0.30866693212669694,-21.35194561211827,0.18796365528014208,0.3,0.30866693212669694,0.6567884400054361,10
shib,18,-0.07891412878227011,-2.1462289347735752,-5.0,0.5888477374134673,-10.818034095195058,0.1626492356771948,0.3333333333333333,0.5888477374134673,0.8198309828950936,3
pepe,18,-0.17631126234419792,-2.6182045177908524,-5.0,0.5221903182748393,-21.796928505210694,0.17631126234419792,0.3333333333333333,0.5221903182748393,1.4678165719546432,3
doge,19,-0.15521898672886247,-6.110627867572278,-5.0,0.30866693212669694,-21.35194561211827,0.18796365528014208,0.3,0.30866693212669694,0.6567884400054361,10
shib,19,-0.07891412878227011,-2.1462289347735752,-5.0,0.5888477374134673,-10.818034095195058,0.1626492356771948,0.3333333333333333,0.5888477374134673,0.8198309828950936,3
pepe,19,-0.17631126234419792,-2.6182045177908524,-5.0,0.5221903182748393,-21.796928505210694,0.17631126234419792,0.3333333333333333,0.5221903182748393,1.4678165719546432,3
doge,20,-0.15521898672886247,-6.110627867572278,-5.0,0.30866693212669694,-21.35194561211827,0.18796365528014208,0.3,0.30866693212669694,0.6567884400054361,10
shib,20,-0.07891412878227011,-2.1462289347735752,-5.0,0.5888477374134673,-10.818034095195058,0.1626492356771948,0.3333333333333333,0.5888477374134673,0.8198309828950936,3
pepe,20,-0.17631126234419792,-2.6182045177908524,-5.0,0.5221903182748393,-21.796928505210694,0.17631126234419792,0.3333333333333333,0.5221903182748393,1.4678165719546432,3
doge,21,-0.15521898672886247,-6.110627867572278,-5.0,0.30866693212669694,-21.35194561211827,0.18796365528014208,0.3,0.30866693212669694,0.6567884400054361,10
shib,21,-0.07891412878227011,-2.1462289347735752,-5.0,0.5888477374134673,-10.818034095195058,0.1626492356771948,0.3333333333333333,0.5888477374134673,0.8198309828950936,3
pepe,21,-0.17631126234419792,-2.6182045177908524,-5.0,0.5221903182748393,-21.796928505210694,0.17631126234419792,0.3333333333333333,0.5221903182748393,1.4678165719546432,3
doge,22,-0.15521898672886247,-6.110627867572278,-5.0,0.30866693212669694,-21.35194561211827,0.18796365528014208,0.3,0.30866693212669694,0.6567884400054361,10
shib,22,-0.07891412878227011,-2.1462289347735752,-5.0,0.5888477374134673,-10.818034095195058,0.1626492356771948,0.3333333333333333,0.5888477374134673,0.8198309828950936,3
pepe,22,-0.17631126234419792,-2.6182045177908524,-5.0,0.5221903182748393,-21.796928505210694,0.17631126234419792,0.3333333333333333,0.5221903182748393,1.4678165719546432,3
doge,23,-0.0735104930717142,-2.7909264339376216,-2.2943603746198864,0.5081364520816299,-15.8515836679456,0.10942227534903222,0.42857142857142855,0.5081364520816299,0.621484082038306,7
shib,23,-0.07891412878227011,-2.1462289347735752,-5.0,0.5888477374134673,-10.818034095195058,0.1626492356771948,0.3333333333333333,0.5888477374134673,0.8198309828950936,3
pepe,23,-0.17631126234419792,-2.6182045177908524,-5.0,0.5221903182748393,-21.796928505210694,0.17631126234419792,0.3333333333333333,0.5221903182748393,1.4678165719546432,3
doge,24,-0.10484627778857769,-5.019960159204453,0.0,0.0,-25.200000000000003,0.10484627778857769,0.0,0.0,0.5263241373395429,1
shib,24,-0.07891412878227011,-2.1462289347735752,-5.0,0.5888477374134673,-10.818034095195058,0.1626492356771948,0.3333333333333333,0.5888477374134673,0.8198309828950936,3
pepe,24,-0.17631126234419792,-2.6182045177908524,-5.0,0.5221903182748393,-21.796928505210694,0.17631126234419792,0.3333333333333333,0.5221903182748393,1.4678165719546432,3
doge,25,0.0,0.0,0.0,0.0,0.0,0.0,0.0,0.0,0.0,0
shib,25,-0.07891412878227011,-2.1462289347735752,-5.0,0.5888477374134673,-10.818034095195058,0.1626492356771948,0.3333333333333333,0.5888477374134673,0.8198309828950936,3
pepe,25,-0.17631126234419792,-2.6182045177908524,-5.0,0.5221903182748393,-21.796928505210694,0.17631126234419792,0.3333333333333333,0.5221903182748393,1.4678165719546432,3
doge,26,0.0,0.0,0.0,0.0,0.0,0.0,0.0,0.0,0.0,0
shib,26,-0.07891412878227011,-2.1462289347735752,-5.0,0.5888477374134673,-10.818034095195058,0.1626492356771948,0.3333333333333333,0.5888477374134673,0.8198309828950936,3
pepe,26,-0.03902982687768963,-0.18932947087445676,0.0,0.9452977602619415,-1.3784964413990761,0.1763112623441979,0.5,0.9452977602619415,1.2837116514270357,2
doge,27,0.0,0.0,0.0,0.0,0.0,0.0,0.0,0.0,0.0,0
shib,27,-0.07891412878227011,-2.1462289347735752,-5.0,0.5888477374134673,-10.818034095195058,0.1626492356771948,0.3333333333333333,0.5888477374134673,0.8198309828950936,3
pepe,27,-0.17631126234419792,-5.019960159204453,0.0,0.0,-25.200000000000003,0.17631126234419792,0.0,0.0,0.885075512586918,1
doge,28,0.0,0.0,0.0,0.0,0.0,0.0,0.0,0.0,0.0,0
shib,28,-0.07891412878227011,-2.1462289347735752,-5.0,0.5888477374134673,-10.818034095195058,0.1626492356771948,0.3333333333333333,0.5888477374134673,0.8198309828950936,3
pepe,28,0.0,0.0,0.0,0.0,0.0,0.0,0.0,0.0,0.0,0
doge,29,0.0,0.0,0.0,0.0,0.0,0.0,0.0,0.0,0.0,0
shib,29,-0.07891412878227011,-2.1462289347735752,-5.0,0.5888477374134673,-10.818034095195058,0.1626492356771948,0.3333333333333333,0.5888477374134673,0.8198309828950936,3
pepe,29,0.0,0.0,0.0,0.0,0.0,0.0,0.0,0.0,0.0,0
doge,30,0.0,0.0,0.0,0.0,0.0,0.0,0.0,0.0,0.0,0
shib,30,-0.07891412878227011,-2.1462289347735752,-5.0,0.5888477374134673,-10.818034095195058,0.1626492356771948,0.3333333333333333,0.5888477374134673,0.8198309828950936,3
pepe,30,0.0,0.0,0.0,0.0,0.0,0.0,0.0,0.0,0.0,0
doge,31,0.0,0.0,0.0,0.0,0.0,0.0,0.0,0.0,0.0,0
shib,31,-0.07891412878227011,-2.1462289347735752,-5.0,0.5888477374134673,-10.818034095195058,0.1626492356771948,0.3333333333333333,0.5888477374134673,0.8198309828950936,3
pepe,31,0.0,0.0,0.0,0.0,0.0,0.0,0.0,0.0,0.0,0
doge,32,0.0,0.0,0.0,0.0,0.0,0.0,0.0,0.0,0.0,0
shib,32,0.0,0.320423099702654,0.0,1.1000000363797895,2.5200009167706963,0.09090912097503127,0.5,1.1000000363797895,0.7149642719656877,2
pepe,32,0.0,0.0,0.0,0.0,0.0,0.0,0.0,0.0,0.0,0
doge,33,0.0,0.0,0.0,0.0,0.0,0.0,0.0,0.0,0.0,0
shib,33,0.0,0.320423099702654,0.0,1.1000000363797895,2.5200009167706963,0.09090912097503127,0.5,1.1000000363797895,0.7149642719656877,2
pepe,33,0.0,0.0,0.0,0.0,0.0,0.0,0.0,0.0,0.0,0
doge,34,0.0,0.0,0.0,0.0,0.0,0.0,0.0,0.0,0.0,0
shib,34,0.0,0.0,0.0,0.0,0.0,0.0,0.0,0.0,0.0,0
pepe,34,0.0,0.0,0.0,0.0,0.0,0.0,0.0,0.0,0.0,0
doge,35,0.0,0.0,0.0,0.0,0.0,0.0,0.0,0.0,0.0,0
shib,35,0.0,0.0,0.0,0.0,0.0,0.0,0.0,0.0,0.0,0
pepe,35,0.0,0.0,0.0,0.0,0.0,0.0,0.0,0.0,0.0,0
doge,36,0.0,0.0,0.0,0.0,0.0,0.0,0.0,0.0,0.0,0
shib,36,0.0,0.0,0.0,0.0,0.0,0.0,0.0,0.0,0.0,0
pepe,36,0.0,0.0,0.0,0.0,0.0,0.0,0.0,0.0,0.0,0
doge,37,0.0,0.0,0.0,0.0,0.0,0.0,0.0,0.0,0.0,0
shib,37,0.0,0.0,0.0,0.0,0.0,0.0,0.0,0.0,0.0,0
pepe,37,0.0,0.0,0.0,0.0,0.0,0.0,0.0,0.0,0.0,0
doge,38,0.0,0.0,0.0,0.0,0.0,0.0,0.0,0.0,0.0,0
shib,38,0.0,0.0,0.0,0.0,0.0,0.0,0.0,0.0,0.0,0
pepe,38,0.0,0.0,0.0,0.0,0.0,0.0,0.0,0.0,0.0,0
doge,39,0.0,0.0,0.0,0.0,0.0,0.0,0.0,0.0,0.0,0
shib,39,0.0,0.0,0.0,0.0,0.0,0.0,0.0,0.0,0.0,0
pepe,39,0.0,0.0,0.0,0.0,0.0,0.0,0.0,0.0,0.0,0
doge,40,0.0,0.0,0.0,0.0,0.0,0.0,0.0,0.0,0.0,0
shib,40,0.0,0.0,0.0,0.0,0.0,0.0,0.0,0.0,0.0,0
pepe,40,0.0,0.0,0.0,0.0,0.0,0.0,0.0,0.0,0.0,0
doge,41,0.0,0.0,0.0,0.0,0.0,0.0,0.0,0.0,0.0,0
shib,41,0.0,0.0,0.0,0.0,0.0,0.0,0.0,0.0,0.0,0
pepe,41,0.0,0.0,0.0,0.0,0.0,0.0,0.0,0.0,0.0,0
doge,42,0.0,0.0,0.0,0.0,0.0,0.0,0.0,0.0,0.0,0
shib,42,0.0,0.0,0.0,0.0,0.0,0.0,0.0,0.0,0.0,0
pepe,42,0.0,0.0,0.0,0.0,0.0,0.0,0.0,0.0,0.0,0
doge,43,0.0,0.0,0.0,0.0,0.0,0.0,0.0,0.0,0.0,0
shib,43,0.0,0.0,0.0,0.0,0.0,0.0,0.0,0.0,0.0,0
pepe,43,0.0,0.0,0.0,0.0,0.0,0.0,0.0,0.0,0.0,0
doge,44,0.0,0.0,0.0,0.0,0.0,0.0,0.0,0.0,0.0,0
shib,44,0.0,0.0,0.0,0.0,0.0,0.0,0.0,0.0,0.0,0
pepe,44,0.0,0.0,0.0,0.0,0.0,0.0,0.0,0.0,0.0,0
doge,45,0.0,0.0,0.0,0.0,0.0,0.0,0.0,0.0,0.0,0
shib,45,0.0,0.0,0.0,0.0,0.0,0.0,0.0,0.0,0.0,0
pepe,45,0.0,0.0,0.0,0.0,0.0,0.0,0.0,0.0,0.0,0
doge,46,0.0,0.0,0.0,0.0,0.0,0.0,0.0,0.0,0.0,0
shib,46,0.0,0.0,0.0,0.0,0.0,0.0,0.0,0.0,0.0,0
pepe,46,0.0,0.0,0.0,0.0,0.0,0.0,0.0,0.0,0.0,0
doge,47,0.0,0.0,0.0,0.0,0.0,0.0,0.0,0.0,0.0,0
shib,47,0.0,0.0,0.0,0.0,0.0,0.0,0.0,0.0,0.0,0
pepe,47,0.0,0.0,0.0,0.0,0.0,0.0,0.0,0.0,0.0,0
doge,48,0.0,0.0,0.0,0.0,0.0,0.0,0.0,0.0,0.0,0
shib,48,0.0,0.0,0.0,0.0,0.0,0.0,0.0,0.0,0.0,0
pepe,48,0.0,0.0,0.0,0.0,0.0,0.0,0.0,0.0,0.0,0
doge,49,0.0,0.0,0.0,0.0,0.0,0.0,0.0,0.0,0.0,0
shib,49,0.0,0.0,0.0,0.0,0.0,0.0,0.0,0.0,0.0,0
pepe,49,0.0,0.0,0.0,0.0,0.0,0.0,0.0,0.0,0.0,0
doge,50,0.0,0.0,0.0,0.0,0.0,0.0,0.0,0.0,0.0,0
shib,50,0.0,0.0,0.0,0.0,0.0,0.0,0.0,0.0,0.0,0
pepe,50,0.0,0.0,0.0,0.0,0.0,0.0,0.0,0.0,0.0,0
doge,51,0.0,0.0,0.0,0.0,0.0,0.0,0.0,0.0,0.0,0
shib,51,0.0,0.0,0.0,0.0,0.0,0.0,0.0,0.0,0.0,0
pepe,51,0.0,0.0,0.0,0.0,0.0,0.0,0.0,0.0,0.0,0
doge,52,0.0,0.0,0.0,0.0,0.0,0.0,0.0,0.0,0.0,0
shib,52,0.0,0.0,0.0,0.0,0.0,0.0,0.0,0.0,0.0,0
pepe,52,0.0,0.0,0.0,0.0,0.0,0.0,0.0,0.0,0.0,0
doge,53,0.0,0.0,0.0,0.0,0.0,0.0,0.0,0.0,0.0,0
shib,53,0.0,0.0,0.0,0.0,0.0,0.0,0.0,0.0,0.0,0
pepe,53,0.0,0.0,0.0,0.0,0.0,0.0,0.0,0.0,0.0,0
doge,54,0.0,0.0,0.0,0.0,0.0,0.0,0.0,0.0,0.0,0
shib,54,0.0,0.0,0.0,0.0,0.0,0.0,0.0,0.0,0.0,0
pepe,54,0.0,0.0,0.0,0.0,0.0,0.0,0.0,0.0,0.0,0
doge,55,0.0,0.0,0.0,0.0,0.0,0.0,0.0,0.0,0.0,0
shib,55,0.0,0.0,0.0,0.0,0.0,0.0,0.0,0.0,0.0,0
pepe,55,0.0,0.0,0.0,0.0,0.0,0.0,0.0,0.0,0.0,0
doge,56,0.0,0.0,0.0,0.0,0.0,0.0,0.0,0.0,0.0,0
shib,56,0.0,0.0,0.0,0.0,0.0,0.0,0.0,0.0,0.0,0
pepe,56,0.0,0.0,0.0,0.0,0.0,0.0,0.0,0.0,0.0,0
doge,57,0.0,0.0,0.0,0.0,0.0,0.0,0.0,0.0,0.0,0
shib,57,0.0,0.0,0.0,0.0,0.0,0.0,0.0,0.0,0.0,0
pepe,57,0.0,0.0,0.0,0.0,0.0,0.0,0.0,0.0,0.0,0
doge,58,0.0,0.0,0.0,0.0,0.0,0.0,0.0,0.0,0.0,0
shib,58,0.0,0.0,0.0,0.0,0.0,0.0,0.0,0.0,0.0,0
pepe,58,0.0,0.0,0.0,0.0,0.0,0.0,0.0,0.0,0.0,0
doge,59,0.0,0.0,0.0,0.0,0.0,0.0,0.0,0.0,0.0,0
shib,59,0.0,0.0,0.0,0.0,0.0,0.0,0.0,0.0,0.0,0
pepe,59,0.0,0.0,0.0,0.0,0.0,0.0,0.0,0.0,0.0,0
doge,60,0.0,0.0,0.0,0.0,0.0,0.0,0.0,0.0,0.0,0
shib,60,0.0,0.0,0.0,0.0,0.0,0.0,0.0,0.0,0.0,0
pepe,60,0.0,0.0,0.0,0.0,0.0,0.0,0.0,0.0,0.0,0
doge,61,0.0,0.0,0.0,0.0,0.0,0.0,0.0,0.0,0.0,0
shib,61,0.0,0.0,0.0,0.0,0.0,0.0,0.0,0.0,0.0,0
pepe,61,0.0,0.0,0.0,0.0,0.0,0.0,0.0,0.0,0.0,0
doge,62,0.0,0.0,0.0,0.0,0.0,0.0,0.0,0.0,0.0,0
shib,62,0.0,0.0,0.0,0.0,0.0,0.0,0.0,0.0,0.0,0
pepe,62,0.0,0.0,0.0,0.0,0.0,0.0,0.0,0.0,0.0,0
doge,63,0.0,0.0,0.0,0.0,0.0,0.0,0.0,0.0,0.0,0
shib,63,0.0,0.0,0.0,0.0,0.0,0.0,0.0,0.0,0.0,0
pepe,63,0.0,0.0,0.0,0.0,0.0,0.0,0.0,0.0,0.0,0
doge,64,0.0,0.0,0.0,0.0,0.0,0.0,0.0,0.0,0.0,0
shib,64,0.0,0.0,0.0,0.0,0.0,0.0,0.0,0.0,0.0,0
pepe,64,0.0,0.0,0.0,0.0,0.0,0.0,0.0,0.0,0.0,0
doge,65,0.0,0.0,0.0,0.0,0.0,0.0,0.0,0.0,0.0,0
shib,65,0.0,0.0,0.0,0.0,0.0,0.0,0.0,0.0,0.0,0
pepe,65,0.0,0.0,0.0,0.0,0.0,0.0,0.0,0.0,0.0,0
doge,66,0.0,0.0,0.0,0.0,0.0,0.0,0.0,0.0,0.0,0
shib,66,0.0,0.0,0.0,0.0,0.0,0.0,0.0,0.0,0.0,0
pepe,66,0.0,0.0,0.0,0.0,0.0,0.0,0.0,0.0,0.0,0
doge,67,0.0,0.0,0.0,0.0,0.0,0.0,0.0,0.0,0.0,0
shib,67,0.0,0.0,0.0,0.0,0.0,0.0,0.0,0.0,0.0,0
pepe,67,0.0,0.0,0.0,0.0,0.0,0.0,0.0,0.0,0.0,0
doge,68,0.0,0.0,0.0,0.0,0.0,0.0,0.0,0.0,0.0,0
shib,68,0.0,0.0,0.0,0.0,0.0,0.0,0.0,0.0,0.0,0
pepe,68,0.0,0.0,0.0,0.0,0.0,0.0,0.0,0.0,0.0,0
doge,69,0.0,0.0,0.0,0.0,0.0,0.0,0.0,0.0,0.0,0
shib,69,0.0,0.0,0.0,0.0,0.0,0.0,0.0,0.0,0.0,0
pepe,69,0.0,0.0,0.0,0.0,0.0,0.0,0.0,0.0,0.0,0
doge,70,0.0,0.0,0.0,0.0,0.0,0.0,0.0,0.0,0.0,0
shib,70,0.0,0.0,0.0,0.0,0.0,0.0,0.0,0.0,0.0,0
pepe,70,0.0,0.0,0.0,0.0,0.0,0.0,0.0,0.0,0.0,0
doge,71,0.0,0.0,0.0,0.0,0.0,0.0,0.0,0.0,0.0,0
shib,71,0.0,0.0,0.0,0.0,0.0,0.0,0.0,0.0,0.0,0
pepe,71,0.0,0.0,0.0,0.0,0.0,0.0,0.0,0.0,0.0,0
doge,72,0.0,0.0,0.0,0.0,0.0,0.0,0.0,0.0,0.0,0
shib,72,0.0,0.0,0.0,0.0,0.0,0.0,0.0,0.0,0.0,0
pepe,72,0.0,0.0,0.0,0.0,0.0,0.0,0.0,0.0,0.0,0
doge,73,0.0,0.0,0.0,0.0,0.0,0.0,0.0,0.0,0.0,0
shib,73,0.0,0.0,0.0,0.0,0.0,0.0,0.0,0.0,0.0,0
pepe,73,0.0,0.0,0.0,0.0,0.0,0.0,0.0,0.0,0.0,0
doge,74,0.0,0.0,0.0,0.0,0.0,0.0,0.0,0.0,0.0,0
shib,74,0.0,0.0,0.0,0.0,0.0,0.0,0.0,0.0,0.0,0
pepe,74,0.0,0.0,0.0,0.0,0.0,0.0,0.0,0.0,0.0,0
doge,75,0.0,0.0,0.0,0.0,0.0,0.0,0.0,0.0,0.0,0
shib,75,0.0,0.0,0.0,0.0,0.0,0.0,0.0,0.0,0.0,0
pepe,75,0.0,0.0,0.0,0.0,0.0,0.0,0.0,0.0,0.0,0
doge,76,0.0,0.0,0.0,0.0,0.0,0.0,0.0,0.0,0.0,0
shib,76,0.0,0.0,0.0,0.0,0.0,0.0,0.0,0.0,0.0,0
pepe,76,0.0,0.0,0.0,0.0,0.0,0.0,0.0,0.0,0.0,0
doge,77,0.0,0.0,0.0,0.0,0.0,0.0,0.0,0.0,0.0,0
shib,77,0.0,0.0,0.0,0.0,0.0,0.0,0.0,0.0,0.0,0
pepe,77,0.0,0.0,0.0,0.0,0.0,0.0,0.0,0.0,0.0,0
doge,78,0.0,0.0,0.0,0.0,0.0,0.0,0.0,0.0,0.0,0
shib,78,0.0,0.0,0.0,0.0,0.0,0.0,0.0,0.0,0.0,0
pepe,78,0.0,0.0,0.0,0.0,0.0,0.0,0.0,0.0,0.0,0
doge,79,0.0,0.0,0.0,0.0,0.0,0.0,0.0,0.0,0.0,0
shib,79,0.0,0.0,0.0,0.0,0.0,0.0,0.0,0.0,0.0,0
pepe,79,0.0,0.0,0.0,0.0,0.0,0.0,0.0,0.0,0.0,0
doge,80,0.0,0.0,0.0,0.0,0.0,0.0,0.0,0.0,0.0,0
shib,80,0.0,0.0,0.0,0.0,0.0,0.0,0.0,0.0,0.0,0
pepe,80,0.0,0.0,0.0,0.0,0.0,0.0,0.0,0.0,0.0,0
doge,81,0.0,0.0,0.0,0.0,0.0,0.0,0.0,0.0,0.0,0
shib,81,0.0,0.0,0.0,0.0,0.0,0.0,0.0,0.0,0.0,0
pepe,81,0.0,0.0,0.0,0.0,0.0,0.0,0.0,0.0,0.0,0
doge,82,0.0,0.0,0.0,0.0,0.0,0.0,0.0,0.0,0.0,0
shib,82,0.0,0.0,0.0,0.0,0.0,0.0,0.0,0.0,0.0,0
pepe,82,0.0,0.0,0.0,0.0,0.0,0.0,0.0,0.0,0.0,0
doge,83,0.0,0.0,0.0,0.0,0.0,0.0,0.0,0.0,0.0,0
shib,83,0.0,0.0,0.0,0.0,0.0,0.0,0.0,0.0,0.0,0
pepe,83,0.0,0.0,0.0,0.0,0.0,0.0,0.0,0.0,0.0,0
doge,84,0.0,0.0,0.0,0.0,0.0,0.0,0.0,0.0,0.0,0
shib,84,0.0,0.0,0.0,0.0,0.0,0.0,0.0,0.0,0.0,0
pepe,84,0.0,0.0,0.0,0.0,0.0,0.0,0.0,0.0,0.0,0
doge,85,0.0,0.0,0.0,0.0,0.0,0.0,0.0,0.0,0.0,0
shib,85,0.0,0.0,0.0,0.0,0.0,0.0,0.0,0.0,0.0,0
pepe,85,0.0,0.0,0.0,0.0,0.0,0.0,0.0,0.0,0.0,0
doge,86,0.0,0.0,0.0,0.0,0.0,0.0,0.0,0.0,0.0,0
shib,86,0.0,0.0,0.0,0.0,0.0,0.0,0.0,0.0,0.0,0
pepe,86,0.0,0.0,0.0,0.0,0.0,0.0,0.0,0.0,0.0,0
doge,87,0.0,0.0,0.0,0.0,0.0,0.0,0.0,0.0,0.0,0
shib,87,0.0,0.0,0.0,0.0,0.0,0.0,0.0,0.0,0.0,0
pepe,87,0.0,0.0,0.0,0.0,0.0,0.0,0.0,0.0,0.0,0
doge,88,0.0,0.0,0.0,0.0,0.0,0.0,0.0,0.0,0.0,0
shib,88,0.0,0.0,0.0,0.0,0.0,0.0,0.0,0.0,0.0,0
pepe,88,0.0,0.0,0.0,0.0,0.0,0.0,0.0,0.0,0.0,0
doge,89,0.0,0.0,0.0,0.0,0.0,0.0,0.0,0.0,0.0,0
shib,89,0.0,0.0,0.0,0.0,0.0,0.0,0.0,0.0,0.0,0
pepe,89,0.0,0.0,0.0,0.0,0.0,0.0,0.0,0.0,0.0,0
doge,90,0.0,0.0,0.0,0.0,0.0,0.0,0.0,0.0,0.0,0
shib,90,0.0,0.0,0.0,0.0,0.0,0.0,0.0,0.0,0.0,0
pepe,90,0.0,0.0,0.0,0.0,0.0,0.0,0.0,0.0,0.0,0
doge,91,0.0,0.0,0.0,0.0,0.0,0.0,0.0,0.0,0.0,0
shib,91,0.0,0.0,0.0,0.0,0.0,0.0,0.0,0.0,0.0,0
pepe,91,0.0,0.0,0.0,0.0,0.0,0.0,0.0,0.0,0.0,0
doge,92,0.0,0.0,0.0,0.0,0.0,0.0,0.0,0.0,0.0,0
shib,92,0.0,0.0,0.0,0.0,0.0,0.0,0.0,0.0,0.0,0
pepe,92,0.0,0.0,0.0,0.0,0.0,0.0,0.0,0.0,0.0,0
doge,93,0.0,0.0,0.0,0.0,0.0,0.0,0.0,0.0,0.0,0
shib,93,0.0,0.0,0.0,0.0,0.0,0.0,0.0,0.0,0.0,0
pepe,93,0.0,0.0,0.0,0.0,0.0,0.0,0.0,0.0,0.0,0
doge,94,0.0,0.0,0.0,0.0,0.0,0.0,0.0,0.0,0.0,0
shib,94,0.0,0.0,0.0,0.0,0.0,0.0,0.0,0.0,0.0,0
pepe,94,0.0,0.0,0.0,0.0,0.0,0.0,0.0,0.0,0.0,0
doge,95,0.0,0.0,0.0,0.0,0.0,0.0,0.0,0.0,0.0,0
shib,95,0.0,0.0,0.0,0.0,0.0,0.0,0.0,0.0,0.0,0
pepe,95,0.0,0.0,0.0,0.0,0.0,0.0,0.0,0.0,0.0,0
doge,96,0.0,0.0,0.0,0.0,0.0,0.0,0.0,0.0,0.0,0
shib,96,0.0,0.0,0.0,0.0,0.0,0.0,0.0,0.0,0.0,0
pepe,96,0.0,0.0,0.0,0.0,0.0,0.0,0.0,0.0,0.0,0
doge,97,0.0,0.0,0.0,0.0,0.0,0.0,0.0,0.0,0.0,0
shib,97,0.0,0.0,0.0,0.0,0.0,0.0,0.0,0.0,0.0,0
pepe,97,0.0,0.0,0.0,0.0,0.0,0.0,0.0,0.0,0.0,0
doge,98,0.0,0.0,0.0,0.0,0.0,0.0,0.0,0.0,0.0,0
shib,98,0.0,0.0,0.0,0.0,0.0,0.0,0.0,0.0,0.0,0
pepe,98,0.0,0.0,0.0,0.0,0.0,0.0,0.0,0.0,0.0,0
doge,99,0.0,0.0,0.0,0.0,0.0,0.0,0.0,0.0,0.0,0
shib,99,0.0,0.0,0.0,0.0,0.0,0.0,0.0,0.0,0.0,0
pepe,99,0.0,0.0,0.0,0.0,0.0,0.0,0.0,0.0,0.0,0
doge,100,0.0,0.0,0.0,0.0,0.0,0.0,0.0,0.0,0.0,0
shib,100,0.0,0.0,0.0,0.0,0.0,0.0,0.0,0.0,0.0,0
pepe,100,0.0,0.0,0.0,0.0,0.0,0.0,0.0,0.0,0.0,0
doge,101,0.0,0.0,0.0,0.0,0.0,0.0,0.0,0.0,0.0,0
shib,101,0.0,0.0,0.0,0.0,0.0,0.0,0.0,0.0,0.0,0
pepe,101,0.0,0.0,0.0,0.0,0.0,0.0,0.0,0.0,0.0,0
doge,102,0.0,0.0,0.0,0.0,0.0,0.0,0.0,0.0,0.0,0
shib,102,0.0,0.0,0.0,0.0,0.0,0.0,0.0,0.0,0.0,0
pepe,102,0.0,0.0,0.0,0.0,0.0,0.0,0.0,0.0,0.0,0
doge,103,0.0,0.0,0.0,0.0,0.0,0.0,0.0,0.0,0.0,0
shib,103,0.0,0.0,0.0,0.0,0.0,0.0,0.0,0.0,0.0,0
pepe,103,0.0,0.0,0.0,0.0,0.0,0.0,0.0,0.0,0.0,0
doge,104,0.0,0.0,0.0,0.0,0.0,0.0,0.0,0.0,0.0,0
shib,104,0.0,0.0,0.0,0.0,0.0,0.0,0.0,0.0,0.0,0
pepe,104,0.0,0.0,0.0,0.0,0.0,0.0,0.0,0.0,0.0,0
doge,105,0.0,0.0,0.0,0.0,0.0,0.0,0.0,0.0,0.0,0
shib,105,0.0,0.0,0.0,0.0,0.0,0.0,0.0,0.0,0.0,0
pepe,105,0.0,0.0,0.0,0.0,0.0,0.0,0.0,0.0,0.0,0
doge,106,0.0,0.0,0.0,0.0,0.0,0.0,0.0,0.0,0.0,0
shib,106,0.0,0.0,0.0,0.0,0.0,0.0,0.0,0.0,0.0,0
pepe,106,0.0,0.0,0.0,0.0,0.0,0.0,0.0,0.0,0.0,0
doge,107,0.0,0.0,0.0,0.0,0.0,0.0,0.0,0.0,0.0,0
shib,107,0.0,0.0,0.0,0.0,0.0,0.0,0.0,0.0,0.0,0
pepe,107,0.0,0.0,0.0,0.0,0.0,0.0,0.0,0.0,0.0,0
doge,108,0.0,0.0,0.0,0.0,0.0,0.0,0.0,0.0,0.0,0
shib,108,0.0,0.0,0.0,0.0,0.0,0.0,0.0,0.0,0.0,0
pepe,108,0.0,0.0,0.0,0.0,0.0,0.0,0.0,0.0,0.0,0
doge,109,0.0,0.0,0.0,0.0,0.0,0.0,0.0,0.0,0.0,0
shib,109,0.0,0.0,0.0,0.0,0.0,0.0,0.0,0.0,0.0,0
pepe,109,0.0,0.0,0.0,0.0,0.0,0.0,0.0,0.0,0.0,0
doge,110,0.0,0.0,0.0,0.0,0.0,0.0,0.0,0.0,0.0,0
shib,110,0.0,0.0,0.0,0.0,0.0,0.0,0.0,0.0,0.0,0
pepe,110,0.0,0.0,0.0,0.0,0.0,0.0,0.0,0.0,0.0,0
doge,111,0.0,0.0,0.0,0.0,0.0,0.0,0.0,0.0,0.0,0
shib,111,0.0,0.0,0.0,0.0,0.0,0.0,0.0,0.0,0.0,0
pepe,111,0.0,0.0,0.0,0.0,0.0,0.0,0.0,0.0,0.0,0
doge,112,0.0,0.0,0.0,0.0,0.0,0.0,0.0,0.0,0.0,0
shib,112,0.0,0.0,0.0,0.0,0.0,0.0,0.0,0.0,0.0,0
pepe,112,0.0,0.0,0.0,0.0,0.0,0.0,0.0,0.0,0.0,0
doge,113,0.0,0.0,0.0,0.0,0.0,0.0,0.0,0.0,0.0,0
shib,113,0.0,0.0,0.0,0.0,0.0,0.0,0.0,0.0,0.0,0
pepe,113,0.0,0.0,0.0,0.0,0.0,0.0,0.0,0.0,0.0,0
doge,114,0.0,0.0,0.0,0.0,0.0,0.0,0.0,0.0,0.0,0
shib,114,0.0,0.0,0.0,0.0,0.0,0.0,0.0,0.0,0.0,0
pepe,114,0.0,0.0,0.0,0.0,0.0,0.0,0.0,0.0,0.0,0
doge,115,0.0,0.0,0.0,0.0,0.0,0.0,0.0,0.0,0.0,0
shib,115,0.0,0.0,0.0,0.0,0.0,0.0,0.0,0.0,0.0,0
pepe,115,0.0,0.0,0.0,0.0,0.0,0.0,0.0,0.0,0.0,0
doge,116,0.0,0.0,0.0,0.0,0.0,0.0,0.0,0.0,0.0,0
shib,116,0.0,0.0,0.0,0.0,0.0,0.0,0.0,0.0,0.0,0
pepe,116,0.0,0.0,0.0,0.0,0.0,0.0,0.0,0.0,0.0,0
doge,117,0.0,0.0,0.0,0.0,0.0,0.0,0.0,0.0,0.0,0
shib,117,0.0,0.0,0.0,0.0,0.0,0.0,0.0,0.0,0.0,0
pepe,117,0.0,0.0,0.0,0.0,0.0,0.0,0.0,0.0,0.0,0
doge,118,0.0,0.0,0.0,0.0,0.0,0.0,0.0,0.0,0.0,0
shib,118,0.0,0.0,0.0,0.0,0.0,0.0,0.0,0.0,0.0,0
pepe,118,0.0,0.0,0.0,0.0,0.0,0.0,0.0,0.0,0.0,0
doge,119,0.0,0.0,0.0,0.0,0.0,0.0,0.0,0.0,0.0,0
shib,119,0.0,0.0,0.0,0.0,0.0,0.0,0.0,0.0,0.0,0
pepe,119,0.0,0.0,0.0,0.0,0.0,0.0,0.0,0.0,0.0,0
doge,120,0.0,0.0,0.0,0.0,0.0,0.0,0.0,0.0,0.0,0
shib,120,0.0,0.0,0.0,0.0,0.0,0.0,0.0,0.0,0.0,0
pepe,120,0.0,0.0,0.0,0.0,0.0,0.0,0.0,0.0,0.0,0
doge,121,0.0,0.0,0.0,0.0,0.0,0.0,0.0,0.0,0.0,0
shib,121,0.0,0.0,0.0,0.0,0.0,0.0,0.0,0.0,0.0,0
pepe,121,0.0,0.0,0.0,0.0,0.0,0.0,0.0,0.0,0.0,0
doge,122,0.0,0.0,0.0,0.0,0.0,0.0,0.0,0.0,0.0,0
shib,122,0.0,0.0,0.0,0.0,0.0,0.0,0.0,0.0,0.0,0
pepe,122,0.0,0.0,0.0,0.0,0.0,0.0,0.0,0.0,0.0,0
doge,123,0.0,0.0,0.0,0.0,0.0,0.0,0.0,0.0,0.0,0
shib,123,0.0,0.0,0.0,0.0,0.0,0.0,0.0,0.0,0.0,0
pepe,123,0.0,0.0,0.0,0.0,0.0,0.0,0.0,0.0,0.0,0
doge,124,0.0,0.0,0.0,0.0,0.0,0.0,0.0,0.0,0.0,0
shib,124,0.0,0.0,0.0,0.0,0.0,0.0,0.0,0.0,0.0,0
pepe,124,0.0,0.0,0.0,0.0,0.0,0.0,0.0,0.0,0.0,0
doge,125,0.0,0.0,0.0,0.0,0.0,0.0,0.0,0.0,0.0,0
shib,125,0.0,0.0,0.0,0.0,0.0,0.0,0.0,0.0,0.0,0
pepe,125,0.0,0.0,0.0,0.0,0.0,0.0,0.0,0.0,0.0,0
doge,126,0.0,0.0,0.0,0.0,0.0,0.0,0.0,0.0,0.0,0
shib,126,0.0,0.0,0.0,0.0,0.0,0.0,0.0,0.0,0.0,0
pepe,126,0.0,0.0,0.0,0.0,0.0,0.0,0.0,0.0,0.0,0
doge,127,0.0,0.0,0.0,0.0,0.0,0.0,0.0,0.0,0.0,0
shib,127,0.0,0.0,0.0,0.0,0.0,0.0,0.0,0.0,0.0,0
pepe,127,0.0,0.0,0.0,0.0,0.0,0.0,0.0,0.0,0.0,0
doge,128,0.0,0.0,0.0,0.0,0.0,0.0,0.0,0.0,0.0,0
shib,128,0.0,0.0,0.0,0.0,0.0,0.0,0.0,0.0,0.0,0
pepe,128,0.0,0.0,0.0,0.0,0.0,0.0,0.0,0.0,0.0,0
doge,129,0.0,0.0,0.0,0.0,0.0,0.0,0.0,0.0,0.0,0
shib,129,0.0,0.0,0.0,0.0,0.0,0.0,0.0,0.0,0.0,0
pepe,129,0.0,0.0,0.0,0.0,0.0,0.0,0.0,0.0,0.0,0
doge,130,0.0,0.0,0.0,0.0,0.0,0.0,0.0,0.0,0.0,0
shib,130,0.0,0.0,0.0,0.0,0.0,0.0,0.0,0.0,0.0,0
pepe,130,0.0,0.0,0.0,0.0,0.0,0.0,0.0,0.0,0.0,0
doge,131,0.0,0.0,0.0,0.0,0.0,0.0,0.0,0.0,0.0,0
shib,131,0.0,0.0,0.0,0.0,0.0,0.0,0.0,0.0,0.0,0
pepe,131,0.0,0.0,0.0,0.0,0.0,0.0,0.0,0.0,0.0,0
doge,132,0.0,0.0,0.0,0.0,0.0,0.0,0.0,0.0,0.0,0
shib,132,0.0,0.0,0.0,0.0,0.0,0.0,0.0,0.0,0.0,0
pepe,132,0.0,0.0,0.0,0.0,0.0,0.0,0.0,0.0,0.0,0
doge,133,0.0,0.0,0.0,0.0,0.0,0.0,0.0,0.0,0.0,0
shib,133,0.0,0.0,0.0,0.0,0.0,0.0,0.0,0.0,0.0,0
pepe,133,0.0,0.0,0.0,0.0,0.0,0.0,0.0,0.0,0.0,0
doge,134,0.0,0.0,0.0,0.0,0.0,0.0,0.0,0.0,0.0,0
shib,134,0.0,0.0,0.0,0.0,0.0,0.0,0.0,0.0,0.0,0
pepe,134,0.0,0.0,0.0,0.0,0.0,0.0,0.0,0.0,0.0,0
doge,135,0.0,0.0,0.0,0.0,0.0,0.0,0.0,0.0,0.0,0
shib,135,0.0,0.0,0.0,0.0,0.0,0.0,0.0,0.0,0.0,0
pepe,135,0.0,0.0,0.0,0.0,0.0,0.0,0.0,0.0,0.0,0
doge,136,0.0,0.0,0.0,0.0,0.0,0.0,0.0,0.0,0.0,0
shib,136,0.0,0.0,0.0,0.0,0.0,0.0,0.0,0.0,0.0,0
pepe,136,0.0,0.0,0.0,0.0,0.0,0.0,0.0,0.0,0.0,0
doge,137,0.0,0.0,0.0,0.0,0.0,0.0,0.0,0.0,0.0,0
shib,137,0.0,0.0,0.0,0.0,0.0,0.0,0.0,0.0,0.0,0
pepe,137,0.0,0.0,0.0,0.0,0.0,0.0,0.0,0.0,0.0,0
doge,138,0.0,0.0,0.0,0.0,0.0,0.0,0.0,0.0,0.0,0
shib,138,0.0,0.0,0.0,0.0,0.0,0.0,0.0,0.0,0.0,0
pepe,138,0.0,0.0,0.0,0.0,0.0,0.0,0.0,0.0,0.0,0
doge,139,0.0,0.0,0.0,0.0,0.0,0.0,0.0,0.0,0.0,0
shib,139,0.0,0.0,0.0,0.0,0.0,0.0,0.0,0.0,0.0,0
pepe,139,0.0,0.0,0.0,0.0,0.0,0.0,0.0,0.0,0.0,0
doge,140,0.0,0.0,0.0,0.0,0.0,0.0,0.0,0.0,0.0,0
shib,140,0.0,0.0,0.0,0.0,0.0,0.0,0.0,0.0,0.0,0
pepe,140,0.0,0.0,0.0,0.0,0.0,0.0,0.0,0.0,0.0,0
doge,141,0.0,0.0,0.0,0.0,0.0,0.0,0.0,0.0,0.0,0
shib,141,0.0,0.0,0.0,0.0,0.0,0.0,0.0,0.0,0.0,0
pepe,141,0.0,0.0,0.0,0.0,0.0,0.0,0.0,0.0,0.0,0
doge,142,0.0,0.0,0.0,0.0,0.0,0.0,0.0,0.0,0.0,0
shib,142,0.0,0.0,0.0,0.0,0.0,0.0,0.0,0.0,0.0,0
pepe,142,0.0,0.0,0.0,0.0,0.0,0.0,0.0,0.0,0.0,0
doge,143,0.0,0.0,0.0,0.0,0.0,0.0,0.0,0.0,0.0,0
shib,143,0.0,0.0,0.0,0.0,0.0,0.0,0.0,0.0,0.0,0
pepe,143,0.0,0.0,0.0,0.0,0.0,0.0,0.0,0.0,0.0,0
doge,144,0.0,0.0,0.0,0.0,0.0,0.0,0.0,0.0,0.0,0
shib,144,0.0,0.0,0.0,0.0,0.0,0.0,0.0,0.0,0.0,0
pepe,144,0.0,0.0,0.0,0.0,0.0,0.0,0.0,0.0,0.0,0
doge,145,0.0,0.0,0.0,0.0,0.0,0.0,0.0,0.0,0.0,0
shib,145,0.0,0.0,0.0,0.0,0.0,0.0,0.0,0.0,0.0,0
pepe,145,0.0,0.0,0.0,0.0,0.0,0.0,0.0,0.0,0.0,0
doge,146,0.0,0.0,0.0,0.0,0.0,0.0,0.0,0.0,0.0,0
shib,146,0.0,0.0,0.0,0.0,0.0,0.0,0.0,0.0,0.0,0
pepe,146,0.0,0.0,0.0,0.0,0.0,0.0,0.0,0.0,0.0,0
doge,147,0.0,0.0,0.0,0.0,0.0,0.0,0.0,0.0,0.0,0
shib,147,0.0,0.0,0.0,0.0,0.0,0.0,0.0,0.0,0.0,0
pepe,147,0.0,0.0,0.0,0.0,0.0,0.0,0.0,0.0,0.0,0
doge,148,0.0,0.0,0.0,0.0,0.0,0.0,0.0,0.0,0.0,0
shib,148,0.0,0.0,0.0,0.0,0.0,0.0,0.0,0.0,0.0,0
pepe,148,0.0,0.0,0.0,0.0,0.0,0.0,0.0,0.0,0.0,0
doge,149,0.0,0.0,0.0,0.0,0.0,0.0,0.0,0.0,0.0,0
shib,149,0.0,0.0,0.0,0.0,0.0,0.0,0.0,0.0,0.0,0
pepe,149,0.0,0.0,0.0,0.0,0.0,0.0,0.0,0.0,0.0,0
doge,150,0.0,0.0,0.0,0.0,0.0,0.0,0.0,0.0,0.0,0
shib,150,0.0,0.0,0.0,0.0,0.0,0.0,0.0,0.0,0.0,0
pepe,150,0.0,0.0,0.0,0.0,0.0,0.0,0.0,0.0,0.0,0
