time,open,high,low,close,volume,market_cap,roc_1d,Dividends,Stock Splits
2024-03-11,0.0387489981949329,0.0423719994723796,0.0310570001602172,0.0349930003285408,12821594,346788915.5595944,,,
2024-03-12,0.0349869988858699,0.0353749990463256,0.0234600007534027,0.0297550000250339,11711342,294879092.7979143,-14.968708754118222,,
2024-03-13,0.0297439992427825,0.033169001340866,0.0216860007494688,0.0218959990888834,8567869,216994533.4162885,-26.412370793273244,,
2024-03-14,0.0218620002269744,0.0334680005908012,0.0210120007395744,0.0334420017898082,9297568,331418152.94330984,52.73110696641701,,
2024-03-15,0.033449001610279,0.0531539991497993,0.0331379994750022,0.0491899996995925,22295046,487484539.53761977,47.09047624829586,,
2024-03-16,0.0491899996995925,0.0505120009183883,0.033305998891592,0.0371720008552074,13581996,368383326.5146958,-24.43179288021963,,
2024-03-17,0.0371540002524852,0.0401909984648227,0.034240998327732,0.0396480001509189,7394666,392921065.56606233,6.660925531977746,,
2024-03-18,0.0369359999895095,0.0370200015604496,0.0272380001842975,0.0295030009001493,8662591,292381721.8259996,-25.58766952217758,,
2024-03-19,0.0294950008392334,0.0319250002503395,0.0194470006972551,0.0245910007506608,10122147,243702637.749853,-16.649154322005412,,
2024-03-20,0.0245910007506608,0.040022999048233,0.0244740005582571,0.0341520011425018,16800762,338454414.574405,38.880078483931094,,
2024-03-21,0.0341520011425018,0.0363270007073879,0.0285420008003711,0.0299960002303123,9385141,297267461.87325674,-12.169128522947393,,
2024-03-22,0.0299989990890026,0.0318979993462562,0.0259949993342161,0.0266849994659423,7409218,264454660.63550907,-11.038140881943603,,
2024-03-23,0.0266859997063875,0.0349770002067089,0.0266859997063875,0.0345310010015964,7270169,342210392.88145703,29.402292271610687,,
2024-03-24,0.0345310010015964,0.0390500016510486,0.0339230000972747,0.0386030003428459,9375677,382564870.1327127,11.792300318954684,,
2024-03-25,0.0386059992015361,0.0478870011866092,0.0376649983227252,0.0453790016472339,19167248,449716646.8342539,17.553043142263846,,
2024-03-26,0.0453730002045631,0.0514339990913867,0.0364690013229846,0.0401340015232563,22098111,397737454.1949585,-11.558209598243351,,
2024-03-27,0.0401340015232563,0.0482710003852844,0.0384860001504421,0.045279998332262,17847255,448735500.5503236,12.822037707911482,,
2024-03-28,0.045279998332262,0.0543330013751983,0.0446510016918182,0.0506399981677532,21449425,501854367.549377,11.837455903067484,,
2024-03-29,0.0506399981677532,0.0668350011110305,0.0499349981546402,0.0633319988846778,39868070,627635098.655021,25.06319347579811,,
2024-03-30,0.0633319988846778,0.0849990025162696,0.062084998935461,0.0756810009479522,64061334,750016631.9204967,19.49883515560733,,
2024-03-31,0.0756840035319328,0.0838039964437484,0.0697380006313324,0.0758330002427101,39992297,751522980.9074368,0.2008420777394715,,
2024-04-01,0.0758330002427101,0.0758540034294128,0.0623489990830421,0.0625339969992637,26824283,619726711.0958221,-17.537224164785503,,
2024-04-02,0.0625369995832443,0.0724800005555152,0.0561049990355968,0.0645240023732185,23305621,639448135.3553096,3.1822775921043878,,
2024-04-03,0.0645250007510185,0.0808539986610412,0.0644849985837936,0.079364001750946,29929130,786516041.5876809,22.99919228799583,,
2024-04-04,0.079364001750946,0.0824230015277862,0.0672869980335235,0.0726689994335174,23726505,720166984.0181197,-8.435817460967176,,
2024-04-05,0.0726689994335174,0.0757099986076355,0.0674630030989646,0.0706399977207183,16763549,700059096.8108528,-2.7921145586370266,,
2024-04-06,0.0706399977207183,0.0724750012159347,0.0675029978156089,0.0705609992146492,11698505,699276202.9179785,-0.11183254334382609,,
2024-04-07,0.0705609992146492,0.0819640010595321,0.0696939975023269,0.079764999449253,21754994,790490023.6878774,13.044033300329104,,
2024-04-08,0.0797730013728141,0.0857530012726783,0.0739810019731521,0.0828889980912208,30073006,821449589.6320997,3.916503057152676,,
2024-04-09,0.0828889980912208,0.0854829996824264,0.0764829963445663,0.0793389976024627,25206112,786268244.5581152,-4.282836770268672,,
2024-04-10,0.0793389976024627,0.080765001475811,0.0706050023436546,0.0723690018057823,24452283,717193936.5224504,-8.785081747067657,,
2024-04-11,0.0723690018057823,0.0782700031995773,0.0710500031709671,0.0718860030174255,16870139,712407304.211467,-0.6674111516047132,,
2024-04-12,0.0718860030174255,0.0765300020575523,0.061549000442028,0.0765269994735717,23676855,758400677.5441958,6.456050220264986,,
2024-04-13,0.0765269994735717,0.0768899992108345,0.0536540001630783,0.0696590021252632,26686931,690337198.2733568,-8.974606864967093,,
2024-04-14,0.0696590021252632,0.0696590021252632,0.0618380010128021,0.064919002354145,19305774,643362678.6566979,-6.804576044018795,,
2024-04-15,0.0666209980845451,0.0709960013628006,0.0592949986457824,0.0596549995243549,16730281,591195164.7051535,-8.108570124158721,,
2024-04-16,0.0596540011465549,0.0642089992761612,0.0520029999315738,0.0599500015377998,21713377,594118704.4808215,0.49451347883167074,,
2024-04-17,0.0598739981651306,0.0644510015845298,0.0527830012142658,0.0570859983563423,15642914,565735755.0871735,-4.77731961299731,,
2024-04-18,0.0570840016007423,0.0676330029964447,0.0554569996893405,0.063570000231266,26562412,629993748.3309593,11.358305121422685,,
2024-04-19,0.063570000231266,0.0640470013022422,0.0553550012409687,0.0608250014483928,17557526,602790160.6937891,-4.318072633139791,,
2024-04-20,0.0608250014483928,0.0706430003046989,0.0596939995884895,0.0697439983487129,17021653,691179530.9650393,14.66337309977288,,
2024-04-21,0.0699179992079734,0.072953000664711,0.0642710030078888,0.0644019991159439,15287795,638239054.1994277,-7.659439319867422,,
2024-04-22,0.0644019991159439,0.0696260035037994,0.0643199980258941,0.0679379999637603,13478626,673281659.5181817,5.490514108809719,,
2024-04-23,0.0679379999637603,0.0679960027337074,0.0624990016222,0.0635830014944076,14435051,630122593.9258914,-6.410254160669682,,
2024-04-24,0.0635640025138855,0.0647099986672401,0.0579960010945797,0.0590230002999305,18883656,584931902.806634,-7.171730002205335,,
2024-04-25,0.0590239986777305,0.0593889988958835,0.0521869994699955,0.0566990002989769,21700196,561900512.7422076,-3.9374480950544632,,
2024-04-26,0.0566990002989769,0.0566990002989769,0.0379830002784729,0.0433139987289905,71629695,429251979.1601033,-23.60712093583055,,
2024-04-27,0.0433139987289905,0.0488639995455741,0.0228160005062818,0.0425850003957748,100027326,422027433.1352677,-1.6830547966188436,,
2024-04-28,0.0425850003957748,0.0539969988167285,0.0397460013628006,0.0453459993004798,71410801,449389585.7667743,6.483500948796372,,
2024-04-29,0.0453489981591701,0.0469500012695789,0.0384609997272491,0.040727999061346,32615202,403624110.3874885,-10.183919883501025,,
2024-04-30,0.040727999061346,0.0407360009849071,0.0346349999308586,0.036540001630783,51866164,362120064.6161764,-10.28284602014179,,
2024-05-01,0.036540001630783,0.03660099953413,0.0310059990733861,0.0341779999434948,40341103,338712068.8457607,-6.464153207093293,,
2024-05-02,0.0341779999434948,0.0342420004308223,0.029254000633955,0.0324830003082752,31424765,321914221.28044975,-4.959329504423526,,
2024-05-03,0.032150998711586,0.0441550016403198,0.0318790003657341,0.0422579981386661,45006224,418786763.3709272,30.09265689013545,,
2024-05-04,0.0422579981386661,0.0438009984791278,0.0401059985160827,0.0405590012669563,32359564,401949302.2459136,-4.020533263631365,,
2024-05-05,0.0405590012669563,0.0430679991841316,0.0390500016510486,0.0393589995801448,17147956,390057001.5077111,-2.958656893233591,,
2024-05-06,0.0393589995801448,0.0416660010814666,0.037746001034975,0.0378849990665912,16805205,375449307.5451952,-3.7450151916391117,,
2024-05-07,0.0378849990665912,0.0403760001063346,0.0365270003676414,0.036906000226736,9575270,365747197.3282962,-2.5841332030506203,,
2024-05-08,0.036906000226736,0.0381349995732307,0.0335230007767677,0.0341299995779991,9655502,338236373.8627519,-7.521813883060313,,
2024-05-09,0.0341299995779991,0.0372200012207031,0.0341279990971088,0.0362330004572868,9240181,359077610.32438326,6.161737196865769,,
2024-05-10,0.0362330004572868,0.0368830002844333,0.0337780006229877,0.034120000898838,7085880,338137284.58573246,-5.831699091384124,,
2024-05-11,0.034120000898838,0.0361460000276565,0.0339680016040802,0.0351869985461235,6919324,348711483.8122266,3.1271911464745505,,
2024-05-12,0.0351869985461235,0.0367409996688365,0.0351839996874332,0.0358529984951019,6759600,355311700.93852425,1.8927444126994875,,
2024-05-13,0.035861000418663,0.035861000418663,0.032150000333786,0.0344070009887218,10549038,340981523.4049781,-4.033128516650142,,
2024-05-14,0.0344030000269413,0.0349779985845088,0.0297309998422861,0.0301879998296499,12350286,299170223.3460376,-12.262042717570287,,
2024-05-15,0.0301879998296499,0.037967000156641,0.0301879998296499,0.037696000188589,15130673,373576283.9310727,24.870810922573703,,
2024-05-16,0.037696000188589,0.0435919985175132,0.0374220013618469,0.0403579995036125,25282174,399957327.1971575,7.061755363183897,,
2024-05-17,0.0403579995036125,0.0462110005319118,0.0402130000293254,0.043258998543024,16515370,428706914.2994793,7.188163623303057,,
2024-05-18,0.043258998543024,0.0445390008389949,0.0408249981701374,0.0413019992411136,11800837,409312588.0259798,-4.523912637422778,,
2024-05-19,0.0413019992411136,0.0425960011780262,0.0397769995033741,0.041338000446558,11179261,409669368.49286354,0.08716576946852239,,
2024-05-20,0.041457001119852,0.0538199990987777,0.0412460006773471,0.0529059991240501,20865635,524310973.3537751,27.983933795847893,,
2024-05-21,0.0529050007462501,0.0545840002596378,0.049880001693964,0.0542000010609626,28061220,537134838.8188895,2.445851053447501,,
2024-05-22,0.054186999797821,0.0550290010869503,0.0505219995975494,0.0505999997258186,31397690,501457973.52279073,-6.642068754011321,,
2024-05-23,0.0505999997258186,0.0529959984123706,0.0476280003786087,0.050450999289751,18896931,499981343.9352546,-0.2944672665513348,,
2024-05-24,0.050450999289751,0.0525799989700317,0.0497669987380504,0.0522579997777938,13259354,517889146.4609194,3.581694145768677,,
2024-05-25,0.0522579997777938,0.0682760030031204,0.0518870018422603,0.0650049969553947,37855541,644214905.5086788,24.392432224353012,,
2024-05-26,0.0649280026555061,0.0781700015068054,0.0648349970579147,0.0705519989132881,44167663,699187007.8012576,8.533193166210996,,
2024-05-27,0.0694250017404556,0.0767510011792182,0.0693449974060058,0.0714050009846687,31930171,707640460.2210807,1.209040260402805,,
2024-05-28,0.0714140012860298,0.0769020020961761,0.0680480003356933,0.0768389999866485,31267127,761492676.4744985,7.610109834108858,,
2024-05-29,0.0768389999866485,0.0951929986476898,0.0753189995884895,0.0905769988894462,73488995,897639497.1737907,17.87894025844272,,
2024-05-30,0.0892620012164115,0.0975510030984878,0.0839190036058425,0.0912939980626106,59458938,904745128.6825012,0.7915907812749756,,
2024-05-31,0.0903080031275749,0.0977630019187927,0.0882330015301704,0.0903720036149025,38301830,895607945.4838405,-1.0099179215218412,,
2024-06-01,0.0903709977865219,0.0987149998545646,0.0895270034670829,0.09807900339365,34742566,971986137.4192716,8.528083333848535,,
2024-06-02,0.09807900339365,0.1278340071439743,0.0959340035915374,0.1111129969358444,113749678,1101156098.3677683,13.289280163136596,,
2024-06-03,0.1111129969358444,0.1228640004992485,0.0822219997644424,0.1151219978928566,114909154,1140886246.7204862,3.6080396241377377,,
2024-06-04,0.1151219978928566,0.1220050007104873,0.1072489991784095,0.1084199994802475,58670789,1074467856.191818,-5.821648803251844,,
2024-06-05,0.1084199994802475,0.1251620054244995,0.1084169968962669,0.1186179965734481,60540306,1175532421.094145,9.40601101465466,,
2024-06-06,0.1186179965734481,0.1488150060176849,0.1173920035362243,0.1393480002880096,132929571,1380971664.377772,17.476271993622404,,
2024-06-07,0.1400990039110183,0.1876910030841827,0.1370420008897781,0.1698469966650009,219634343,1683223937.116051,21.886927917124655,,
2024-06-08,0.1700669974088668,0.1701389998197555,0.1492480039596557,0.1550520062446594,97269085,1536602080.3043015,-8.710775410131333,,
2024-06-09,0.1550610065460205,0.1936589926481247,0.1526120007038116,0.1821009963750839,130014256,1804663974.575808,17.44510811923543,,
2024-06-10,0.1819790005683899,0.1871300041675567,0.1611559987068176,0.1654140055179596,84905706,1639291945.6282022,-9.16359118802027,,
2024-06-11,0.1654029935598373,0.1701339930295944,0.1463939994573593,0.1544709950685501,94178009,1530844122.032669,-6.6155283617875815,,
2024-06-12,0.1544889956712722,0.1764000058174133,0.1454890072345733,0.1582289934158325,93918527,1568086775.1145165,2.4328181129503745,,
2024-06-13,0.1581799983978271,0.1581799983978271,0.1335700005292892,0.1419779956340789,72461447,1407035540.7366755,-10.270556255796492,,
2024-06-14,0.1419149935245514,0.1492359936237335,0.1257089972496032,0.136816993355751,63453253,1355888786.6287644,-3.6350719386329278,,
2024-06-15,0.1367450058460235,0.1443849951028823,0.1346659958362579,0.1390060037374496,42560439,1377582397.616411,1.599955040677381,,
2024-06-16,0.1390250027179718,0.1626179963350296,0.1360500007867813,0.1581300050020218,75774110,1567105776.5046206,13.757680064447463,,
2024-06-17,0.1581480056047439,0.1602559983730316,0.1374509930610656,0.1403740048408508,75297481,1391139612.3358898,-11.228735596981721,,
2024-06-18,0.1403560042381286,0.1404210031032562,0.117417000234127,0.131291002035141,78688805,1301124904.7245572,-6.47057324894853,,
2024-06-19,0.1312749981880188,0.1578630059957504,0.1288830041885376,0.145697996020317,88331497,1443901625.0310423,10.973329292832922,,
2024-06-20,0.145697996020317,0.1578080058097839,0.144227996468544,0.1491529941558838,54959688,1478141474.2993078,2.371342248993602,,
2024-06-21,0.1491349935531616,0.1517270058393478,0.1370459944009781,0.1413419991731643,43214342,1400732665.2784538,-5.236901228114799,,
2024-06-22,0.1413599997758865,0.1447280049324035,0.1380780041217804,0.1429490000009536,21369967,1416658423.8341694,1.1369591750435504,,
2024-06-23,0.1429740041494369,0.1497689932584762,0.1379020065069198,0.1379020065069198,31300259,1366641523.7627344,-3.53062525376191,,
2024-06-24,0.1379040032625198,0.1463810056447982,0.1278430074453354,0.1452730000019073,47251643,1439689813.8985958,5.345095174244352,,
2024-06-25,0.1452739983797073,0.1706829965114593,0.1419070065021515,0.1650159955024719,74319886,1635347572.1718843,13.590271764405903,,
2024-06-26,0.165022999048233,0.1699050068855285,0.150857001543045,0.152988001704216,55858434,1516147306.7904494,-7.288986598923808,,
2024-06-27,0.152986004948616,0.162323996424675,0.1497900038957595,0.1554519981145858,49878101,1540566094.4071825,1.6105814723520906,,
2024-06-28,0.155456006526947,0.1664189994335174,0.1500969976186752,0.1505350023508072,48415527,1491837502.6110346,-3.163031561777818,,
2024-06-29,0.1505340039730072,0.1590449959039688,0.1505340039730072,0.1529089957475662,31422313,1515364339.060558,1.5770374728042658,,
2024-06-30,0.1528970003128051,0.1571410000324249,0.1451870054006576,0.1560139954090118,37212217,1546135620.61104,2.0306193538616846,,
2024-07-01,0.156032994389534,0.1672980040311813,0.1549479961395263,0.1647849977016449,45278719,1633058329.2920697,5.621933000073942,,
2024-07-02,0.164679005742073,0.1693270057439804,0.1521199941635131,0.1521240025758743,40108617,1507584870.9333084,-7.683342113882386,,
2024-07-03,0.1521250009536743,0.1541900038719177,0.1438169926404953,0.1469710022211074,41293780,1456517417.781819,-3.3873683754782613,,
2024-07-04,0.1469610035419464,0.1494449973106384,0.1276389956474304,0.1309400051832199,54927949,1297646442.846475,-10.907591834864128,,
2024-07-05,0.1308880001306533,0.1317880004644394,0.1046539992094039,0.1204890012741088,71956299,1194074520.5156634,-7.9815209221103744,,
2024-07-06,0.1204740032553672,0.1321479976177215,0.1155489981174469,0.1321479976177215,35994637,1309617933.7855742,9.67639885825664,,
2024-07-07,0.1320549994707107,0.1320549994707107,0.107023999094963,0.1074609979987144,42068475,1064963924.528958,-18.681327045470486,,
2024-07-08,0.1075579971075058,0.1240539997816085,0.1010480001568794,0.1079119965434074,53811053,1069433426.8512688,0.41968579586277865,,
2024-07-09,0.1079640015959739,0.1344300061464309,0.1077660024166107,0.1198789998888969,74613271,1188029262.4102883,11.08959497443438,,
2024-07-10,0.119898997247219,0.1261660009622573,0.1171109974384307,0.1185709983110427,26982531,1175066657.1899433,-1.0911015099111965,,
2024-07-11,0.1185920014977455,0.1258849948644638,0.110675998032093,0.1123199984431266,32214793,1113117768.9835863,-5.271946729771226,,
2024-07-12,0.1122869998216629,0.1148919984698295,0.1068679988384246,0.1110690012574195,24725280,1100720090.7814794,-1.113779561117545,,
2024-07-13,0.111066997051239,0.1182899996638298,0.111005000770092,0.1161900013685226,23754801,1151470413.944296,4.610647483211272,,
2024-07-14,0.1161710023880004,0.1212510019540786,0.1137309968471527,0.1182110011577606,23754691,1171499000.1951404,1.739392172677534,,
2024-07-15,0.1182029992341995,0.1422560065984726,0.1172439977526664,0.1422560065984726,47614850,1409790695.1947262,20.340751034349424,,
2024-07-16,0.1422169953584671,0.1496340036392212,0.1328230053186416,0.1389009952545166,59617391,1376541738.6966553,-2.3584321141712827,,
2024-07-17,0.1389089971780777,0.1448089927434921,0.1290100067853927,0.1290999948978424,37222027,1279411505.4163134,-7.056105205520835,,
2024-07-18,0.1291130036115646,0.1354890018701553,0.1195899993181228,0.1268569976091385,36842772,1257182871.4023757,-1.7374108267616983,,
2024-07-19,0.1268759965896606,0.1414539963006973,0.1222200021147728,0.1366740018129348,40946484,1354471706.595562,7.738638300461487,,
2024-07-20,0.1366730034351349,0.1534280031919479,0.134114995598793,0.148390993475914,48620122,1470589867.2069926,8.572948408298032,,
2024-07-21,0.148390993475914,0.1534799933433532,0.135912999510765,0.1453730016946792,54139848,1440680854.3428245,-2.033810617842291,,
2024-07-22,0.1453730016946792,0.1465339958667755,0.1352590024471283,0.1365749984979629,33836254,1353490560.311632,-6.052020040966333,,
2024-07-23,0.1365749984979629,0.1394480019807815,0.1285549998283386,0.1328279972076416,24528097,1316356890.6671026,-2.743548476317348,,
2024-07-24,0.1328250020742416,0.1335809975862503,0.1219979971647262,0.1227269992232322,28152655,1216253609.8910916,-7.604569967744945,,
2024-07-25,0.1227269992232322,0.1241170018911361,0.1153260022401809,0.1203219965100288,29849725,1192419463.776177,-1.9596362075380513,,
2024-07-26,0.1203219965100288,0.1346469968557357,0.1199520006775856,0.1325089931488037,39046578,1313195484.9406755,10.128652276609396,,
2024-07-27,0.1325089931488037,0.1370079964399337,0.122918002307415,0.1258870065212249,42924299,1247570030.1392148,-4.9973865699383335,,
2024-07-28,0.1258870065212249,0.1308950036764145,0.1218679994344711,0.1284070014953613,23894408,1272543776.7768705,2.001791164770861,,
2024-07-29,0.1284070014953613,0.1453080028295517,0.1280879974365234,0.1325780004262924,42448573,1313879363.3935478,3.248264411097379,,
2024-07-30,0.1325780004262924,0.1396449953317642,0.1268949955701828,0.1293500065803527,29629711,1281889180.3639028,-2.4347884532579855,,
2024-07-31,0.1293500065803527,0.1324449926614761,0.1239710003137588,0.1245440021157264,24809999,1234260538.6122844,-3.7155038423912212,,
2024-08-01,0.1245450004935264,0.1254930049180984,0.1108430027961731,0.1226850003004074,27622792,1215837390.6253996,-1.4926466017943008,,
2024-08-02,0.1226850003004074,0.1232929974794387,0.1055790036916732,0.1066650003194809,26505118,1057075399.1273732,-13.057830983168117,,
2024-08-03,0.1066650003194809,0.1092189997434616,0.0862139984965324,0.0932359993457794,39389620,923990821.0404712,-12.589885092091324,,
2024-08-04,0.0932359993457794,0.0934410020709037,0.0727400034666061,0.08313799649477,52722809,823917222.745356,-10.83058359632043,,
2024-08-05,0.08313799649477,0.0899240002036094,0.0591429993510246,0.0853239968419075,117903348,845581003.5780728,2.6293637558069127,,
2024-08-06,0.0853229984641075,0.0996489971876144,0.0852129980921745,0.0914309993386268,56227334,906102843.7539122,7.157426659272259,,
2024-08-07,0.0914309993386268,0.099772997200489,0.0811709985136985,0.0826219990849495,48153412,818803566.2854016,-9.634588178405457,,
2024-08-08,0.0826229974627494,0.1056960001587867,0.0819360017776489,0.1038080006837844,49286453,1028761856.529849,25.64208302083333,,
2024-08-09,0.1038080006837844,0.1059700027108192,0.0956029966473579,0.0993349999189376,33869336,984433360.2598884,-4.308917169566029,,
2024-08-10,0.0993349999189376,0.1010079979896545,0.0964090004563331,0.0970569998025894,19113827,961857839.9393651,-2.2932502322516313,,
2024-08-11,0.0970569998025894,0.1000239998102188,0.0894709974527359,0.0903199985623359,28896261,895092563.1041119,-6.941283219094274,,
2024-08-12,0.0903199985623359,0.0956609994173049,0.0873259976506233,0.0938159972429275,34043072,929738737.4777708,3.8706806202823074,,
2024-08-13,0.0938159972429275,0.0946850031614303,0.089648000895977,0.0932539999485015,18814272,924169211.2739131,-0.5990420727189583,,
2024-08-14,0.0932539999485015,0.0945909991860389,0.088928997516632,0.0889599993824958,17369809,881614649.3410554,-4.604628829194479,,
2024-08-15,0.0889599993824958,0.0895140022039413,0.0812570005655288,0.0831210017204284,24553617,823748800.5092298,-6.56362151820823,,
2024-08-16,0.0831210017204284,0.0859640017151832,0.0785560011863708,0.0801580026745796,19520548,794384778.6686686,-3.564681590116814,,
2024-08-17,0.0801580026745796,0.0810799971222877,0.0783030018210411,0.0798809975385665,17157066,791639592.2079339,-0.3455739000105429,,
2024-08-18,0.0801170021295547,0.0812470018863678,0.0773969963192939,0.0773990005254745,17725885,767042414.3577592,-3.107118200287484,,
2024-08-19,0.0773990005254745,0.0776949971914291,0.074081003665924,0.0768010020256042,23277459,761116107.6870178,-0.7726178578668863,,
2024-08-20,0.0779919996857643,0.1035500019788742,0.0773790031671524,0.0891740024089813,110841299,883735469.9847436,16.11046738589703,,
2024-08-21,0.089378997683525,0.0908700004220008,0.084477998316288,0.0895150005817413,40763168,887114842.5858063,0.3823963975465361,,
2024-08-22,0.0895150005817413,0.095440000295639,0.0875800028443336,0.0933400020003318,31344700,925021511.9629112,4.273028423987624,,
2024-08-23,0.0933400020003318,0.10292299836874,0.0923079997301101,0.1027029976248741,32887968,1017811014.6788572,10.031064306714942,,
2024-08-24,0.1027029976248741,0.1039360016584396,0.0989670008420944,0.1007959991693496,31028796,998912208.6274722,-1.8568089536099674,,
2024-08-25,0.1007959991693496,0.1007969975471496,0.0934970006346702,0.0938339978456497,24856185,929917127.7112126,-6.9070214900126,,
2024-08-26,0.0938339978456497,0.0946139991283416,0.0872000008821487,0.0872580036520958,20407038,864747468.8166378,-7.008114696733858,,
2024-08-27,0.0872580036520958,0.088928997516632,0.0797640010714531,0.0821970030665397,21374751,814591755.1529549,-5.800041685270141,,
2024-08-28,0.0821970030665397,0.0847859978675842,0.0784220024943351,0.0799349993467331,19577596,792174762.9082595,-2.7519296755569966,,
2024-08-29,0.0799349993467331,0.0852599963545799,0.0799340009689331,0.0810780003666877,15564870,803502173.5467323,1.429913091006152,,
2024-08-30,0.0810780003666877,0.0824780017137527,0.0781119987368583,0.0817890018224716,13317929,810548366.2566346,0.87693511503526,,
2024-08-31,0.0817890018224716,0.0821840018033981,0.0793910026550293,0.079926997423172,7394164,792095461.9518371,-2.2765950895710985,,
2024-09-01,0.079926997423172,0.079926997423172,0.071952000260353,0.0722889974713325,16979420,716401074.6322606,-9.556220298631079,,
2024-09-02,0.0722889974713325,0.0773579999804496,0.0718870013952255,0.0769490003585815,12240806,762582806.1957469,6.446351519948812,,
2024-09-03,0.0769490003585815,0.0780339986085891,0.0679709985852241,0.0679709985852241,15112676,673608683.6671526,-11.667470313480377,,
2024-09-04,0.0679709985852241,0.0747150033712387,0.0651609972119331,0.0733750015497207,20426373,727163632.0895122,7.950453983283623,,
2024-09-05,0.0733750015497207,0.0743860006332397,0.0675709992647171,0.0681009963154792,13581686,674896991.9424398,-7.187741223647814,,
2024-09-06,0.0681009963154792,0.0709630027413368,0.0628700032830238,0.0660870000720024,18651284,654937812.4877193,-2.9573667823403316,,
2024-09-07,0.0660870000720024,0.0714709982275962,0.0659139975905418,0.0688199996948242,9956698,682022485.6087645,4.135457230384465,,
2024-09-08,0.0688199996948242,0.073014996945858,0.0682469978928566,0.0720940008759498,7825348,714468612.21933,4.757339720493814,,
2024-09-09,0.0720940008759498,0.0801109969615936,0.0714000016450882,0.0779770016670227,17833489,772770542.4744617,8.16018076343914,,
2024-09-10,0.0779770016670227,0.081105999648571,0.0766659975051879,0.0802479982376098,14258263,795276655.998861,2.9123927850992493,,
2024-09-11,0.0802479982376098,0.0802500024437904,0.0736199989914894,0.0780929997563362,17891726,773920110.9945182,-2.685423348371585,,
2024-09-12,0.0780929997563362,0.0807930007576942,0.0780310034751892,0.0805630013346672,16159850,798398411.2470764,3.1628975529661263,,
2024-09-13,0.0805630013346672,0.0843579992651939,0.0785510018467903,0.0835010036826133,13454800,827514709.8950888,3.646838249907458,,
2024-09-14,0.0835010036826133,0.0836799964308738,0.080885998904705,0.081666000187397,9479358,809329390.9404541,-2.197582561032596,,
2024-09-15,0.081666000187397,0.0823540017008781,0.0765070021152496,0.0769940018653869,10198246,763028781.7793515,-5.720860959627494,,
2024-09-16,0.0769940018653869,0.0774950012564659,0.0724020004272461,0.0734390020370483,17168057,727797892.0668572,-4.617242567224922,,
2024-09-17,0.0734380036592483,0.0788780003786087,0.0725170001387596,0.075822003185749,14544552,751413997.4701189,3.244871366169333,,
2024-09-18,0.075822003185749,0.0763960033655166,0.0709180012345314,0.073973998427391,15877372,733099832.9205521,-2.437293504143845,,
2024-09-19,0.0761689990758895,0.0852990001440048,0.0761229991912841,0.0822570025920867,26695932,815186364.6520889,11.19718325463488,,
2024-09-20,0.0822570025920867,0.0865309983491897,0.0802579969167709,0.0825249999761581,23383990,817842282.1590855,0.3258049474528013,,
2024-09-21,0.0824130028486251,0.0828080028295517,0.078184999525547,0.0811709985136985,13778120,804423807.1948372,-1.640716707483536,,
2024-09-22,0.0811709985136985,0.0816349983215332,0.0765369981527328,0.0792969986796379,13224404,785852025.2924231,-2.308706149209616,,
2024-09-23,0.0792969986796379,0.0836689993739128,0.0774850025773048,0.0812499970197677,20445681,805206701.0877113,2.4628906171089593,,
2024-09-24,0.0812499970197677,0.0887259989976883,0.078693002462387,0.0874980017542839,28457453,867125906.813173,7.689852263005115,,
2024-09-25,0.0874980017542839,0.0898339971899986,0.0852800011634826,0.0856790021061897,31095039,849099189.7713832,-2.078904216809896,,
2024-09-26,0.0856790021061897,0.1008889973163604,0.0845870003104209,0.0999469980597496,53568775,990498406.6858604,16.652850293326594,,
2024-09-27,0.0999469980597496,0.1050060018897056,0.0995389968156814,0.1004050001502037,37715727,995037315.8042952,0.45824496917885593,,
2024-09-28,0.1004050001502037,0.102571003139019,0.0949139967560768,0.0972940027713775,28375201,964206595.455005,-3.0984486571109304,,
2024-09-29,0.0972940027713775,0.102972000837326,0.0950580015778541,0.1002760007977485,32607450,993758901.6893064,3.0649350848254597,,
2024-09-30,0.099711000919342,0.1006150022149086,0.0927300006151199,0.0937760025262832,41410055,929342380.369693,-6.482107602770737,,
2024-10-01,0.0937760025262832,0.0979880020022392,0.0811820030212402,0.0832180008292198,50357885,824710084.6355458,-11.258745747990517,,
2024-10-02,0.0832180008292198,0.0893990024924278,0.0816809982061386,0.0831440016627311,44907766,823976735.3811814,-0.08892206704239625,,
2024-10-03,0.0831440016627311,0.0857919976115226,0.0785270035266876,0.0801289975643158,31670215,794097331.1608917,-3.6262436713660917,,
2024-10-04,0.078684002161026,0.0869330018758773,0.0781970024108886,0.0841759964823722,30865331,834204048.3010902,5.050604701260708,,
2024-10-05,0.0841759964823722,0.0850130021572113,0.0803709998726844,0.0819270014762878,21869742,811915975.4883441,-2.671777109945328,,
2024-10-06,0.0819270014762878,0.0852489992976188,0.0805900022387504,0.0850939974188804,22096127,843301654.8585569,3.8656314591340335,,
2024-10-07,0.0850939974188804,0.0927949994802475,0.0849590003490448,0.0876580029726028,42903060,868711556.7565356,3.013145029608766,,
2024-10-08,0.0876580029726028,0.0902850031852722,0.0858569964766502,0.087968997657299,68586916,871793587.6895227,0.35478185008777086,,
2024-10-09,0.0881510004401207,0.090108998119831,0.0832400023937225,0.0843029990792274,65060917,835462674.0954819,-4.167375638805426,,
2024-10-10,0.0844509974122047,0.0856980010867118,0.0810170024633407,0.0846600010991096,58283076,839000648.6093893,0.42347487489344804,,
2024-10-11,0.0846600010991096,0.0917650014162063,0.0838880017399787,0.088979996740818,60690426,881812827.8950943,5.102758782924033,,
2024-10-12,0.088979996740818,0.0993470028042793,0.0889689996838569,0.0982969999313354,58758424,974146534.704154,10.470896304543675,,
2024-10-13,0.0982969999313354,0.1130990013480186,0.0955689996480941,0.1125020012259483,80147463,1114921459.6386018,14.451103598823668,,
2024-10-14,0.1125020012259483,0.1167910024523735,0.1091860011219978,0.1144480034708976,98092788,1134206802.4747832,1.7297490033452378,,
2024-10-15,0.1144480034708976,0.1170710027217865,0.1036949977278709,0.105562999844551,93837473,1046154313.5942938,-7.763353974633491,,
2024-10-16,0.1069699972867965,0.1073089987039566,0.1014180034399032,0.1039310023188591,77284316,1029980831.8460296,-1.5459938881001278,,
2024-10-17,0.1039310023188591,0.1066860035061836,0.1008239984512329,0.1014159992337226,73103953,1005056556.0098666,-2.419877639032575,,
2024-10-18,0.1014159992337226,0.1121110022068023,0.1012670025229454,0.110275000333786,86874964,1092851353.7004917,8.735309188885477,,
2024-10-19,0.110275000333786,0.1128090023994445,0.1045050024986267,0.1066199988126754,57035331,1056629423.5437684,-3.314442539149798,,
2024-10-20,0.1066199988126754,0.110893003642559,0.1048189997673034,0.1103430017828941,59102830,1093525264.1560478,3.4918430047629068,,
2024-10-21,0.1098209992051124,0.1108329966664314,0.1038070023059845,0.104323998093605,72245969,1033875512.9898036,-5.454812350611804,,
2024-10-22,0.104323998093605,0.1075699999928474,0.1013220027089119,0.1034490019083023,75299874,1025204093.6953448,-0.8387295361491187,,
2024-10-23,0.1034490019083023,0.1037359982728958,0.094990000128746,0.0973339974880218,73628463,964602952.5630828,-5.911129452656172,,
2024-10-24,0.0978719964623451,0.1040529981255531,0.0972490012645721,0.1023470014333725,71840662,1014283008.1622654,5.150311376009831,,
2024-10-25,0.1019349992275238,0.1019840016961097,0.0859029963612556,0.0895690023899078,86837127,887650013.2861319,-12.484976466831943,,
2024-10-26,0.0895690023899078,0.0932260006666183,0.0878269970417022,0.089088998734951,67927528,882893063.4560441,-0.5359037637454711,,
2024-10-27,0.089088998734951,0.0935520008206367,0.0882280021905899,0.0925630033016204,54304939,917321270.9550668,3.8994764965368134,,
2024-10-28,0.0925630033016204,0.0979989990592002,0.0900159999728202,0.0977900028228759,84127009,969122073.3609204,5.6469640513101105,,
2024-10-29,0.0977900028228759,0.1040539965033531,0.0976559966802597,0.0996659994125366,85386735,987713643.5839316,1.9183930212770761,,
2024-10-30,0.0997809991240501,0.1005730032920837,0.0965510010719299,0.097011998295784,41684826,961411864.3557606,-2.662895202372051,,
2024-10-31,0.097011998295784,0.0974859967827797,0.0890230014920234,0.0900420024991035,38479051,892337556.3200958,-7.18467397757273,,
2024-11-01,0.0900420024991035,0.0935939997434616,0.0861459970474243,0.0878700017929077,55846924,870812515.2426097,-2.4122083537818084,,
2024-11-02,0.0878700017929077,0.088696002960205,0.0802799984812736,0.0819419994950294,36082158,812064609.4038733,-6.746332282830081,,
2024-11-03,0.0819419994950294,0.0822559967637062,0.0758920013904571,0.080263003706932,36350505,795425363.7514071,-2.0490051480855587,,
2024-11-04,0.080105997622013,0.0816930010914802,0.0737759992480278,0.0755970031023025,41369516,749184193.3891127,-5.81338897017446,,
2024-11-05,0.0755970031023025,0.0820199996232986,0.0755959972739219,0.0803639963269233,39222554,796426224.5189173,6.305796564673094,,
2024-11-06,0.0803639963269233,0.0941359996795654,0.0803039968013763,0.09408999979496,73408260,932454167.620593,17.079792065340893,,
2024-11-07,0.0929739996790885,0.0977160036563873,0.0896830037236213,0.0925720036029815,52117837,917410466.0717878,-1.6133448775496828,,
2024-11-08,0.0928149968385696,0.096061997115612,0.0893940031528472,0.0912669971585273,51499180,904477543.3323385,-1.4097204269781671,,
2024-11-09,0.0910999998450279,0.0977739989757537,0.0886529982089996,0.0966510027647018,50226767,957834313.2006588,5.89918127450022,,
2024-11-10,0.0966510027647018,0.1077779978513717,0.0963860005140304,0.10292299836874,92656283,1019991274.1213536,6.489322846765955,,
2024-11-11,0.1029080003499984,0.1276859939098358,0.1023460030555725,0.1255059987306594,127196720,1243794152.75604,21.941646395698445,,
2024-11-12,0.1306920051574707,0.1339800059795379,0.1127419993281364,0.1219969987869262,152032799,1209019132.787449,-2.7958822520217863,,
2024-11-13,0.1197710037231445,0.1377799957990646,0.1052300035953521,0.1377799957990646,156382615,1365432368.7698357,12.937201053367065,,
2024-11-14,0.1377799957990646,0.1572179943323135,0.1314660012722015,0.1429660022258758,198693795,1416826919.9073129,3.763976328156038,,
2024-11-15,0.1429660022258758,0.1910810023546219,0.1422300040721893,0.1795980036258697,256643575,1779858724.0112956,25.622875949289003,,
2024-11-16,0.1786720007658004,0.1935960054397583,0.1645150035619735,0.1683560013771057,135554280,1668447820.917409,-6.2595363098705725,,
2024-11-17,0.1683560013771057,0.1804119944572448,0.1578159928321838,0.1624560058116912,122063988,1609977468.4261508,-3.5044759421429483,,
2024-11-18,0.1624560058116912,0.1695500016212463,0.1585360020399093,0.1653050035238266,101000233,1638211710.0672524,1.75370414771725,,
2024-11-19,0.1653050035238266,0.1847269982099533,0.1597670018672943,0.1682569980621338,103071647,1667466674.6334786,1.7857865614344215,,
2024-11-20,0.1682569980621338,0.1798110008239746,0.1583269983530044,0.1598809957504272,113726335,1584458509.2538369,-4.978100410785602,,
2024-11-21,0.1598809957504272,0.1713439971208572,0.1537439972162246,0.1637620031833648,109958562,1622920211.4888818,2.427435114925003,,
2024-11-22,0.1637620031833648,0.1714950054883957,0.154460996389389,0.1613599956035614,83417256,1599115747.8548627,-1.466767341086972,,
2024-11-23,0.1613599956035614,0.1849520057439804,0.1563369929790496,0.1629350036382675,121127750,1614724450.258923,0.976083340120848,,
2024-11-24,0.1629350036382675,0.1710640043020248,0.1520729959011078,0.1629099994897842,85209688,1614476653.2293572,-0.015346087657619467,,
2024-11-25,0.1629099994897842,0.173454001545906,0.156031996011734,0.1665669977664947,106706735,1650718371.7066772,2.244796690297579,,
2024-11-26,0.1665669977664947,0.1720470041036605,0.1517940014600753,0.1655209958553314,87735923,1640352245.1945207,-0.6279766851712498,,
2024-11-27,0.1655209958553314,0.1742109954357147,0.1618990004062652,0.1695040017366409,88159393,1679824776.1943915,2.4063448028011747,,
2024-11-28,0.1695040017366409,0.173457995057106,0.1587889939546585,0.1624779999256134,71108248,1610195435.300787,-4.145035951389408,,
2024-11-29,0.1624779999256134,0.176704004406929,0.1603589951992035,0.1741060018539428,87607230,1725431686.5793407,7.156662399619007,,
2024-11-30,0.1741060018539428,0.2046809941530227,0.1699939966201782,0.1964560002088546,133320951,1946925460.1765988,12.837006258785477,,
2024-12-01,0.1964560002088546,0.2350219935178756,0.1928080022335052,0.219877004623413,244001920,2179033157.315579,11.921755705938875,,
2024-12-02,0.2128469944000244,0.213029995560646,0.1936520040035247,0.1994570046663284,144766167,1976666124.6416576,-9.287010250143378,,
2024-12-03,0.1994580030441284,0.2037419974803924,0.1857759952545166,0.1958539932966232,116707301,1940959429.1906288,-1.8064100459809218,,
2024-12-04,0.1958539932966232,0.2096409946680069,0.1915840059518814,0.198852002620697,105070596,1970670411.1747923,1.5307368890524753,,
2024-12-05,0.198852002620697,0.2079389989376068,0.1907380074262619,0.1978310048580169,116169596,1960552081.692201,-0.5134460549676256,,
2024-12-06,0.1985639929771423,0.2065500020980835,0.1963900029659271,0.1999800056219101,84378856,1981849187.897736,1.0862810738061501,,
2024-12-07,0.1999800056219101,0.220222994685173,0.1987999975681305,0.2120810002088546,111202448,2101772908.373237,6.051102233601835,,
2024-12-08,0.2112949937582016,0.2189459949731826,0.2018789947032928,0.2101410031318664,87035435,2082547078.1728804,-0.9147434589037773,,
2024-12-09,0.2103929966688156,0.2105190008878708,0.1414500027894973,0.1732289940118789,162742628,1716740331.2902503,-17.56535305812007,,
2024-12-10,0.1732279956340789,0.1773200035095214,0.1510040014982223,0.1660780012607574,125605651,1645872300.5968857,-4.128057656809547,,
2024-12-11,0.1660780012607574,0.1877380013465881,0.1598020046949386,0.183226004242897,96735981,1815813068.817856,10.3252705668198,,
2024-12-12,0.183226004242897,0.1911910027265548,0.1749079972505569,0.1773149967193603,95622257,1757233585.2152455,-3.2260745672872293,,
2024-12-13,0.1773149967193603,0.1810099929571151,0.1723729968070984,0.1747100055217743,59502082,1731417505.8859076,-1.4691319097554834,,
2024-12-14,0.1766410022974014,0.1809179931879043,0.1651750057935714,0.1697299927473068,56822579,1682064400.598679,-2.8504450901908007,,
2024-12-15,0.1697299927473068,0.1707870066165924,0.1606319993734359,0.1695539951324463,50662542,1680320222.5794885,-0.1036927015736877,,
2024-12-16,0.1695539951324463,0.1746439933776855,0.1598320007324218,0.1628289967775344,67747694,1613673897.178869,-3.9662871698532887,,
2024-12-17,0.1628279983997345,0.1711670011281967,0.1576820015907287,0.1598359942436218,75645211,1584012533.6702323,-1.8381262509415297,,
2024-12-18,0.1598349958658218,0.1628039926290512,0.1460780054330825,0.1462019979953766,85029346,1448896403.8933804,-8.529991203022957,,
2024-12-19,0.1462019979953766,0.1505949944257736,0.1253550052642822,0.1311469972133636,103732541,1299697782.8570223,-10.297397428514676,,
2024-12-20,0.1311450004577636,0.1367399990558624,0.10988400131464,0.1350059956312179,83125348,1337941370.543397,2.9424984939427024,,
2024-12-21,0.1350059956312179,0.1470690071582794,0.1241879984736442,0.1263110041618347,53223521,1251771947.111363,-6.440448388036357,,
2024-12-22,0.1263110041618347,0.1320630013942718,0.1227710023522377,0.1265580058097839,44456865,1254219791.904022,0.195550379468723,,
2024-12-23,0.1265469938516616,0.1386229991912841,0.1231260001659393,0.1361760050058365,45355990,1349536440.3690495,7.599676634055363,,
2024-12-24,0.1361760050058365,0.1457370072603225,0.1315139979124069,0.1451150029897689,41802763,1438124026.112847,6.564297420495846,,
2024-12-25,0.145113006234169,0.14512400329113,0.1347420066595077,0.1368409991264343,37966697,1356126689.4980316,-5.70168741540662,,
2024-12-26,0.1368409991264343,0.1381220072507858,0.1220659986138343,0.1232960000634193,50887394,1221892542.891073,-9.898348557437886,,
2024-12-27,0.1232960000634193,0.134890004992485,0.1225249990820884,0.1297380030155182,50703351,1285734316.8691669,5.224827203465909,,
2024-12-28,0.1297380030155182,0.1345539987087249,0.1285569965839386,0.1342850029468536,38015252,1330796162.3934922,3.5047556041012395,,
2024-12-29,0.1342850029468536,0.1347649991512298,0.12100800126791,0.1228170022368431,34154749,1217145561.058301,-8.540045767098237,,
2024-12-30,0.1228170022368431,0.1273030042648315,0.1169240027666091,0.1189780011773109,47388033,1179100151.925965,-3.125789580931948,,
2024-12-31,0.1189780011773109,0.1241070032119751,0.1147650033235549,0.1171140000224113,43911666,1160627459.3005707,-1.5666771474179608,,
2025-01-01,0.1171140000224113,0.1253719925880432,0.1131170019507408,0.1244369968771934,37453441,1233200091.3719316,6.252879120669386,,
2025-01-02,0.1244369968771934,0.1383520066738128,0.1234799996018409,0.1352390050888061,70894684,1340250549.4178426,8.680704680034324,,
2025-01-03,0.1352390050888061,0.1535049974918365,0.1318559944629669,0.1511600017547607,63659424,1498031394.6319387,11.772488754631038,,
2025-01-04,0.1511600017547607,0.1587059944868087,0.147376000881195,0.1525679975748062,57714379,1511984966.4594953,0.9314605740279314,,
2025-01-05,0.1525679975748062,0.154461994767189,0.1490100026130676,0.1514019966125488,49252895,1500429620.9490712,-0.7642500267369012,,
2025-01-06,0.1514019966125488,0.157042995095253,0.1478199958801269,0.1493140012025833,60584048,1479737092.2399862,-1.3791069184568627,,
2025-01-07,0.1493140012025833,0.1504340022802353,0.1315699964761734,0.1320540010929107,62244069,1308686405.977171,-11.559532241222925,,
2025-01-08,0.1320540010929107,0.1334629952907562,0.1172659993171691,0.1226740032434463,60949041,1215728407.1880815,-7.103153082703518,,
2025-01-09,0.1226740032434463,0.125227004289627,0.1147240027785301,0.1176569983363151,48732237,1166008701.110688,-4.0897050511793935,,
2025-01-10,0.1176569983363151,0.1261029988527298,0.1154669970273971,0.1178499981760978,49492524,1167921375.2030218,0.16403600509256044,,
2025-01-11,0.1178499981760978,0.1235290020704269,0.1156420037150383,0.1206469982862472,30996927,1195640308.301412,2.3733560911642693,,
2025-01-12,0.1206469982862472,0.1212090030312538,0.1159290000796318,0.1179300025105476,24367186,1168714237.0932114,-2.252021031848017,,
2025-01-13,0.1179300025105476,0.1221669986844062,0.1020599976181984,0.1108160018920898,54246020,1098212807.1900115,-6.03239249301425,,
2025-01-14,0.1108160018920898,0.1178610026836395,0.1101450026035308,0.1158889979124069,35511583,1148487398.4513109,4.577855123538077,,
2025-01-15,0.1158889979124069,0.1289130002260208,0.1105310022830963,0.1286589950323104,41961815,1275041092.371022,11.019162603818122,,
2025-01-16,0.1286610066890716,0.1291069984436035,0.1202170029282569,0.1242370009422302,42838430,1231218084.3204913,-3.4369878988792846,,
2025-01-17,0.1242370009422302,0.133784994482994,0.1240940019488334,0.132081001996994,51495511,1308953991.3273337,6.3137398643510645,,
2025-01-18,0.132081001996994,0.1347620040178299,0.1082139983773231,0.111624002456665,65211495,1106220284.02623,-15.488222553607345,,
2025-01-19,0.111624002456665,0.1165520027279853,0.0912080034613609,0.0929270014166832,104825929,920928578.4280812,-16.749982645748972,,
2025-01-20,0.0929270014166832,0.105942003428936,0.0879829972982406,0.0942939966917038,99881176,934475825.1502444,1.4710420590146933,,
2025-01-21,0.0942939966917038,0.0985129997134208,0.0878389999270439,0.0926219969987869,47649040,917905912.4568852,-1.7731772451893613,,
2025-01-22,0.0926219969987869,0.096001997590065,0.0894709974527359,0.0906269997358322,36083856,898135017.395905,-2.1539130310274213,,
2025-01-23,0.0906260013580322,0.092008002102375,0.0851320028305053,0.0882719978690147,48760379,874796391.5031047,-2.598565409516007,,
2025-01-24,0.0882719978690147,0.0939640030264854,0.0836530029773712,0.0858699977397918,56945805,850992001.7061026,-2.721134886724985,,
2025-01-25,0.0858699977397918,0.0887639969587326,0.0830409973859787,0.0861110016703605,27346190,853380407.6999537,0.28066139153630765,,
2025-01-26,0.0861120000481605,0.089539997279644,0.0829230025410652,0.0830190032720565,34444713,822737971.744404,-3.5907123809108654,,
2025-01-27,0.0830190032720565,0.084937997162342,0.0727009996771812,0.0821980014443397,64483131,814601649.3132535,-0.9889324074710326,,
2025-01-28,0.0821980014443397,0.0841149985790252,0.072573997080326,0.0734969973564148,36097827,728372639.4083769,-10.58542049080935,,
2025-01-29,0.0734980031847953,0.0833740010857582,0.073241002857685,0.0788599997758865,41848438,781521262.725343,7.296900026356812,,
2025-01-30,0.0788619965314865,0.0848710015416145,0.0777719989418983,0.0797929987311363,33282981,790767503.1983387,1.1831079861796878,,
2025-01-31,0.0797929987311363,0.0902649983763694,0.0791679993271827,0.0822449997067451,43054320,815067413.2174551,3.0729525329294516,,
2025-02-01,0.0822440013289451,0.0860999971628189,0.0690779983997345,0.0695229992270469,40820384,688989377.3622444,-15.468418171390486,,
2025-02-02,0.0695229992270469,0.0711740031838417,0.0562269985675811,0.0582300014793872,60907733,577073096.8044534,-16.24354224244445,,
2025-02-03,0.0582300014793872,0.0646610036492347,0.0421609990298748,0.0641620010137558,125207088,635860616.2028924,10.187187675872655,,
2025-02-04,0.0641509965062141,0.0643159970641136,0.0550590008497238,0.0577119998633861,64165630,571939578.1868846,-10.052680789969237,,
2025-02-05,0.0577119998633861,0.0586870014667511,0.0520649999380111,0.0527140013873577,43902234,522408230.3402485,-8.660241349909025,,
2025-02-06,0.0527140013873577,0.0542239993810653,0.0430729985237121,0.0441780015826225,50982734,437814451.93575287,-16.19304090010205,,
2025-02-07,0.0441780015826225,0.0502439998090267,0.0419769994914531,0.0433950014412403,48209426,430054735.2105917,-1.7723756470011898,,
2025-02-08,0.0433950014412403,0.0476789996027946,0.0432940013706684,0.047240000218153,33992141,468159583.1417357,8.860464683055923,,
2025-02-09,0.047240000218153,0.0492420010268688,0.0425200015306472,0.0453599989414215,28397866,449528325.52200496,-3.979680923051876,,
2025-02-10,0.0453599989414215,0.0470519997179508,0.0429320000112056,0.0442220009863376,30077161,438250496.4405505,-2.5088138925080883,,
2025-02-11,0.0442220009863376,0.0476280003786087,0.0424010008573532,0.0434839986264705,34144898,430936718.3804854,-1.6688579064866427,,
2025-02-12,0.0434839986264705,0.0463320016860961,0.0410780012607574,0.0456609986722469,39700513,452511304.0964812,5.006439413442454,,
2025-02-13,0.0456620007753372,0.0459930002689361,0.0421550013124942,0.0429980009794235,28803977,426120366.6700979,-5.832105670614663,,
2025-02-14,0.0429980009794235,0.0482820011675357,0.0426799990236759,0.0464089997112751,30804531,459924171.43356574,7.9329239828705544,,
2025-02-15,0.0464089997112751,0.047410000115633,0.0447780005633831,0.0454050004482269,24845644,449974301.1056096,-2.1633719091003756,,
2025-02-16,0.0454050004482269,0.0469570010900497,0.0425620004534721,0.0434449985623359,22491392,430550218.5141976,-4.316709319551482,,
2025-02-17,0.0434449985623359,0.0461470000445842,0.0415229983627796,0.0431220009922981,29814006,427349236.1465768,-0.7434631850070317,,
2025-02-18,0.0431220009922981,0.043528001755476,0.0365619994699955,0.039181001484394,36609980,388292998.2494152,-9.139185142656048,,
2025-02-19,0.039181001484394,0.0393630005419254,0.0375289991497993,0.0388819985091686,30375217,385329807.995536,-0.7631325486779472,,
2025-02-20,0.0388819985091686,0.0489399991929531,0.0386499986052513,0.0486479997634887,71910663,482113191.88780105,25.117024918400798,,
2025-02-21,0.0486479997634887,0.0563400015234947,0.047419998794794,0.0489820018410682,76482058,485423231.52975696,0.6865689837265876,,
2025-02-22,0.0489830002188682,0.0534860007464885,0.0475860014557838,0.0513049997389316,33954631,508444690.51537615,4.742554020966372,,
2025-02-23,0.0513049997389316,0.0514289997518062,0.0463050007820129,0.0480960011482238,24346832,476642754.9609628,-6.254748283865064,,
2025-02-24,0.0480960011482238,0.0488580018281936,0.0404600016772747,0.0404790006577968,33578603,401156477.27423227,-15.837076489899204,,
2025-02-25,0.0404790006577968,0.0407719984650611,0.0368670001626014,0.0396669991314411,39427238,393109349.9598027,-2.0059821466943517,,
2025-02-26,0.0396669991314411,0.0402930006384849,0.0359530001878738,0.0378799997270107,31121980,375399762.9066854,-4.505002756848276,,
2025-02-27,0.0378799997270107,0.0391670018434524,0.0361689999699592,0.0372780002653598,27059598,369433805.75773287,-1.5892277349242812,,
2025-02-28,0.0372780002653598,0.0386959984898567,0.0337439998984336,0.0381239987909793,30052534,377817851.381432,2.269431084278506,,
2025-03-01,0.0381239987909793,0.0390870012342929,0.0362760014832019,0.0376330018043518,18559609,372951955.0325347,-1.2878947702193333,,
2025-03-02,0.0376330018043518,0.0458460003137588,0.0362030006945133,0.0457910001277923,32669594,453799649.2902769,21.67777730262572,,
2025-03-03,0.0457910001277923,0.0458509996533393,0.0383020006120204,0.039097998291254,34998523,387470416.9598212,-14.616413307985521,,
2025-03-04,0.039097998291254,0.0395860001444816,0.0341110005974769,0.038561999797821,34844656,382158545.0273193,-1.3709103198587536,,
2025-03-05,0.038561999797821,0.0429750010371208,0.0382260009646415,0.042213998734951,27779280,418350718.8661296,9.470460443642125,,
2025-03-06,0.042213998734951,0.045228999108076,0.0407710000872612,0.0418949984014034,26820417,415189350.0582115,-0.7556742860360233,,
2025-03-07,0.0418949984014034,0.0423460006713867,0.0376049987971782,0.0379839986562728,27585018,376430416.9106169,-9.335242616931549,,
2025-03-08,0.0379839986562728,0.0382639989256858,0.0350060015916824,0.0354989990592002,21416573,351803482.7425294,-6.542227477312268,,
2025-03-09,0.0354989990592002,0.0359780006110668,0.0305080004036426,0.0307909995317459,23001775,305146093.11454296,-13.262344438509277,,
2025-03-10,0.0307909995317459,0.032829999923706,0.0263149999082088,0.0277120005339384,23387542,274632484.2946711,-9.999672127022096,,
2025-03-11,0.0277139991521835,0.0300149992108345,0.0259029995650053,0.0289840009063482,24256276,287238309.0481325,4.590070539483437,,
2025-03-12,0.0289840009063482,0.0312660001218318,0.0282489992678165,0.0311709996312856,18181048,308911984.04114777,7.545537733054641,,
2025-03-13,0.0311709996312856,0.0322879999876022,0.0296819992363452,0.0308630000799894,31856782,305859635.58905613,-0.9880964837170936,,
2025-03-14,0.0308630000799894,0.0335469990968704,0.0307609997689723,0.0318939983844757,24339387,316077072.8079208,3.340564111765554,,
2025-03-15,0.0318939983844757,0.0343719981610775,0.0318810008466243,0.0339460000395774,12438425,336412894.8871392,6.433817517531781,,
2025-03-16,0.0339460000395774,0.0346579998731613,0.0313830003142356,0.0318240001797676,18811847,315383374.0317675,-6.251104275425012,,
2025-03-17,0.0318240001797676,0.0346410013735294,0.0318149998784065,0.033704999834299,22188978,334024525.8117968,5.910632365214918,,
2025-03-18,0.0337009988725185,0.0338740013539791,0.0316749997437,0.0333990007638931,25202706,330992002.5988108,-0.907874415992449,,
2025-03-19,0.0333990007638931,0.0341820009052753,0.0312239993363618,0.0340850017964839,38719025,337790435.19765586,2.0539567558931937,,
2025-03-20,0.0340850017964839,0.0342199988663196,0.03218400105834,0.0324679985642433,27007266,321765550.446412,-4.74403153004207,,
2025-03-21,0.0324679985642433,0.0333379991352558,0.0312440004199743,0.0319660007953643,21876503,316790633.74168825,-1.5461309322338468,,
2025-03-22,0.0319660007953643,0.0340839996933937,0.0318019986152648,0.0334450006484985,17055915,331447872.34271395,4.626790390835156,,
2025-03-23,0.0334450006484985,0.0341329984366893,0.0319700017571449,0.0328430011868476,35751726,325481915.1937614,-1.7999684556081141,,
2025-03-24,0.0328430011868476,0.038086999207735,0.0323669984936714,0.0360529981553554,31585021,357293744.90847313,9.773762605450575,,
2025-03-25,0.0360529981553554,0.0379830002784729,0.0355979986488819,0.0378170013427734,19240253,374775434.0081475,4.8928058072085,,
2025-03-26,0.0378170013427734,0.0417400002479553,0.0373289994895458,0.0374380014836788,23459785,371019455.7010955,-1.0021943719422666,,
2025-03-27,0.0374380014836788,0.0395400002598762,0.0356089994311332,0.036481998860836,26021551,361545243.4376396,-2.553562115914676,,
2025-03-28,0.036481998860836,0.0370049998164176,0.0332770012319088,0.0338479988276958,21152015,335441679.6820161,-7.219999219855911,,
2025-03-29,0.0338479988276958,0.0342070013284683,0.0299559999257326,0.0305870007723569,15236176,303124417.12563705,-9.634241811278422,,
2025-03-30,0.0305870007723569,0.0312189999967813,0.0297519993036985,0.0301920007914304,12145120,299209873.82424885,-1.2913982115025924,,
2025-03-31,0.0301920007914304,0.0309350006282329,0.0294139999896287,0.0300459992140531,22150848,297762963.6361168,-0.48357701891271754,,
2025-04-01,0.0300459992140531,0.034035999327898,0.0299299992620944,0.0326059982180595,24499909,323133159.6781216,8.520265828966146,,
2025-04-02,0.0326070003211498,0.0330349989235401,0.0290079992264509,0.0293959993869066,41084191,291321311.5041555,-9.844810791208891,,
2025-04-03,0.0293949991464614,0.0312040001153945,0.0287229996174573,0.030486000701785,36479221,302123482.52110976,3.707992031609253,,
2025-04-04,0.030486000701785,0.0316689983010292,0.0295460000634193,0.0305729992687702,39576552,302985658.91115206,0.2853721871760806,,
2025-04-05,0.0305729992687702,0.0308529995381832,0.0295449998229742,0.0299549996852874,13298475,296861136.7678633,-2.021390109782517,,
2025-04-06,0.0299549996852874,0.0301980003714561,0.0242369994521141,0.0248869992792606,25542769,246636053.2265652,-16.91871293364087,,
2025-04-07,0.0248869992792606,0.0278389994055032,0.0237939991056919,0.0261620003730058,58751841,259271615.83868504,5.123161211354699,,
2025-04-08,0.0261620003730058,0.0269760005176067,0.0245280005037784,0.0246290005743503,24263766,244079224.996588,-5.859642904971684,,
2025-04-09,0.0246290005743503,0.0291879996657371,0.0239039994776248,0.0288779996335506,40134636,286187811.3458412,17.252015754246173,,
2025-04-10,0.0288779996335506,0.0289130005985498,0.0251599997282028,0.0259780008345842,32914634,257448136.8630723,-10.042242661424394,,
2025-04-11,0.0259780008345842,0.0277350004762411,0.0250129997730255,0.0271039996296167,30807542,268607051.4284017,4.334432053499171,,
2025-04-12,0.0271039996296167,0.0312980003654956,0.0264490004628896,0.0306620001792907,30289697,303867678.99955434,13.127215902800371,,
2025-04-13,0.0306620001792907,0.0332960002124309,0.0283969994634389,0.0312890000641346,31235416,310081396.2595641,2.044876006710683,,
2025-04-14,0.0312890000641346,0.0361340008676052,0.0312529988586902,0.03541100025177,44580404,350931393.73293424,13.173959471975238,,
2025-04-15,0.03541100025177,0.038867000490427,0.0323270000517368,0.0331909991800785,54834537,328930657.6724394,-6.269241354119992,,
2025-04-16,0.0331909991800785,0.0347840003669261,0.0314770005643367,0.0319520011544227,38921974,316651893.9864576,-3.7329337960981257,,
2025-04-17,0.0319520011544227,0.0350699983537197,0.0316659994423389,0.0350069999694824,27963943,346927655.31482506,9.561212771290982,,
2025-04-18,0.0350069999694824,0.0350520014762878,0.0334200002253055,0.034545000642538,19481768,342349132.6366877,-1.3197341313084587,,
2025-04-19,0.034545000642538,0.0367700010538101,0.0338280014693737,0.0366580002009868,24334170,363289458.3753384,6.116658037767975,,
2025-04-20,0.0366580002009868,0.0379710011184215,0.0330879986286163,0.0340970009565353,31543211,337909349.7137809,-6.986194638033094,,
2025-04-21,0.0340970009565353,0.0366190001368522,0.0340970009565353,0.035360999405384,39777417,350435873.51081985,3.707066350087418,,
2025-04-22,0.035360999405384,0.0455499999225139,0.0338549986481666,0.0448260009288787,69921418,444236278.82860863,26.766781716168285,,
2025-04-23,0.0448080003261566,0.0562260001897811,0.0437900014221668,0.0556709989905357,112126237,551712776.4634929,24.193543561612294,,
2025-04-24,0.0556709989905357,0.0579360015690326,0.0493380017578601,0.0541360005736351,77286234,536500578.8415445,-2.757267598452029,,
2025-04-25,0.0541360005736351,0.0593850016593933,0.0523529984056949,0.0571990013122558,63279514,566855641.1263344,5.657973818096229,,
2025-04-26,0.0571999996900558,0.0703679993748664,0.0569530017673969,0.0685850009322166,74027316,679693592.2507389,19.905941290483998,,
2025-04-27,0.0685850009322166,0.0688309967517852,0.0639789998531341,0.0642979964613914,33590913,637208363.2769878,-6.250644328287036,,
2025-04-28,0.0642979964613914,0.0686940029263496,0.0600450001657009,0.065249003469944,53873687,646633067.8204426,1.4790616518255861,,
2025-04-29,0.0652799978852272,0.066439002752304,0.0588710010051727,0.0604959987103939,40874879,599529665.6903428,-7.284409733153252,,
2025-04-30,0.0604959987103939,0.0636140033602714,0.0567880012094974,0.0619239993393421,41517021,613681489.9089556,2.3604877337165986,,
2025-05-01,0.0619280003011226,0.0690160021185875,0.0619280003011226,0.0642580017447471,50721585,636812006.1689099,3.7691402853596845,,
2025-05-02,0.0642580017447471,0.0682969987392425,0.0634220018982887,0.0661950036883354,34420240,656008153.8883705,3.0144135998543486,,
2025-05-03,0.0661950036883354,0.0661950036883354,0.0560070015490055,0.0570849999785423,28272267,565725860.926875,-13.762373596481014,,
2025-05-04,0.0570849999785423,0.0578339993953704,0.0525679998099803,0.0534680001437664,27569912,529880536.4761413,-6.3361650803809955,,
2025-05-05,0.0534680001437664,0.056683000177145,0.050306998193264,0.0522730015218257,32833186,518037817.2949571,-2.234979087917177,,
2025-05-06,0.0522730015218257,0.053321998566389,0.0461830012500286,0.0512810014188289,34560481,508206861.4831261,-1.8977293710264687,,
2025-05-07,0.0512810014188289,0.0551959984004497,0.0510899983346462,0.0541570000350475,46434634,536708688.4743905,5.6083121168585714,,
2025-05-08,0.0541570000350475,0.0781809985637664,0.0529550015926361,0.0738670006394386,94237564,732039459.5172166,36.39418836278938,,
2025-05-09,0.0738670006394386,0.0851320028305053,0.0731509998440742,0.0778649970889091,80695299,771660550.5955992,5.4124255958159395,,
2025-05-10,0.0778649970889091,0.0915160030126571,0.0755570009350776,0.0910900011658668,60704284,902723471.1528496,16.984530368449,,
2025-05-11,0.0910900011658668,0.091170996427536,0.0810130015015602,0.0831390023231506,55102445,823927190.7426717,-8.728728445439515,,
2025-05-12,0.0831390023231506,0.0870499983429908,0.0724190026521682,0.0788019970059394,91813207,780946441.5468062,-5.216571279450544,,
2025-05-13,0.0788019970059394,0.0853049978613853,0.0727759972214698,0.0807309970259666,54198375,800063288.3098443,2.447907531939597,,
2025-05-14,0.0807309970259666,0.08313500136137,0.0736960023641586,0.0747710019350051,44222003,740998326.3194525,-7.382536213499879,,
2025-05-15,0.0747710019350051,0.0760020017623901,0.0666780024766922,0.0700730010867118,46112855,694440025.9684855,-6.283185629071886,,
2025-05-16,0.0700730010867118,0.0733729973435401,0.066941000521183,0.0674709975719451,37130381,668653555.2830259,-3.7132754048122774,,
2025-05-17,0.0674709975719451,0.0675970017910003,0.0638839974999427,0.0657529979944229,28576097,651627772.8457633,-2.546278607619923,,
2025-05-18,0.0657529979944229,0.0803660005331039,0.0654520019888877,0.0757339969277381,51291025,750541834.6235065,15.1795343752414,,
2025-05-19,0.0757339969277381,0.0765829980373382,0.0648149996995925,0.0683439970016479,61789409,677305186.2568878,-9.757836937011799,,
2025-05-20,0.0683439970016479,0.0714880004525184,0.0645240023732185,0.0672440007328987,43302178,666403962.8814226,-1.6094994688745978,,
2025-05-21,0.0672440007328987,0.0758059993386268,0.0662340000271797,0.0715920031070709,60407134,709493695.5146061,6.466007862088685,,
2025-05-22,0.0715930014848709,0.079983003437519,0.0714860036969184,0.0798420011997222,59955263,791253129.2601546,11.523630761263725,,
2025-05-23,0.0798429995775222,0.0847870036959648,0.0643460005521774,0.0646959990262985,78640771,641152662.8962888,-18.96996811933167,,
2025-05-24,0.0646959990262985,0.0695950016379356,0.0645940005779266,0.065249003469944,36748310,646633067.8204426,0.8547737912211639,,
2025-05-25,0.065249003469944,0.068972997367382,0.0602260008454322,0.0683180019259452,44273782,677047568.9040407,4.7035177440141185,,
2025-05-26,0.0683180019259452,0.0704429969191551,0.0647360011935234,0.0653899982571601,38737647,648030359.5330476,-4.285844998744215,,
2025-05-27,0.0653930008411407,0.0705099999904632,0.061523001641035,0.0684280022978782,47565175,678137698.625289,4.64597663509716,,
2025-05-28,0.0684280022978782,0.0686590000987052,0.0638879984617233,0.0672390013933181,36085580,666354418.242913,-1.7375940618347685,,
2025-05-29,0.0672509968280792,0.0704990029335022,0.0627709999680519,0.0634279996156692,43521825,628586488.6210386,-5.667844106363584,,
2025-05-30,0.0634279996156692,0.063571996986866,0.0520449988543987,0.0520449988543987,53774240,515778256.8960383,-17.94633415880019,,
2025-05-31,0.0520449988543987,0.0544539988040924,0.046519000083208,0.0528559982776641,41958929,523815453.1316608,1.558265810581072,,
2025-06-01,0.0528559982776641,0.055757001042366,0.0478259995579719,0.05460200086236,38715783,541118751.9978931,3.3033196639741247,,
2025-06-02,0.05460200086236,0.055256001651287,0.0500169992446899,0.0531379990279674,36479421,526610147.3123967,-2.681223785339004,,
2025-06-03,0.0531379990279674,0.0572310015559196,0.0518940016627311,0.0544629991054534,48437701,539741211.6873765,2.493507662546035,,
2025-06-04,0.054466001689434,0.05596299842,0.0489239990711212,0.048930998891592,40246010,484917780.2288354,-10.157355093776832,,
2025-06-05,0.0489440001547336,0.0512330010533332,0.0441679991781711,0.0454250015318393,45068897,450172516.57815707,-7.165186567150061,,
2025-06-06,0.0454250015318393,0.0491110011935234,0.0449099987745285,0.0468810014426708,41221848,464601820.3072312,3.205283129844161,,
2025-06-07,0.0468810014426708,0.054696999490261,0.0466989986598491,0.0542580001056194,39526285,537709623.0789177,15.735582508768896,,
2025-06-08,0.0542589984834194,0.0552240014076232,0.050085000693798,0.0505499988794326,37203632,500962453.3006762,-6.834017507038137,,
2025-06-09,0.0505499988794326,0.0579189993441104,0.0490249991416931,0.057668998837471,50734182,571513427.8423856,14.083086282589274,,
2025-06-10,0.057668998837471,0.060403998941183,0.056012999266386,0.0594610013067722,60016380,589272596.4525212,3.1073930628683355,,
2025-06-11,0.0594610013067722,0.0597280003130435,0.0540199987590312,0.0549830012023448,51520363,544894555.5440507,-7.530986707277975,,
2025-06-12,0.0549830012023448,0.0549850016832351,0.0489280000329017,0.0494779981672763,41468079,490338672.51716393,-10.012190885705474,,
2025-06-13,0.0494779981672763,0.0494779981672763,0.0425189994275569,0.0461920015513896,71606344,457773668.308982,-6.641328949439973,,
2025-06-14,0.0461920015513896,0.0462110005319118,0.0424790009856224,0.0434579998254776,23776272,430679064.10912967,-5.918777351248483,,
2025-06-15,0.0434579998254776,0.0455040000379085,0.0431400015950202,0.0452359989285469,23512003,448299456.0455261,4.091304501379578,,
2025-06-16,0.0452359989285469,0.0494170002639293,0.0440870001912117,0.0441639982163906,36431954,437675675.2620137,-2.3697955998486675,,
2025-06-17,0.0440840013325214,0.0459440015256404,0.0405649989843368,0.0422930009663105,40821612,419133649.6775124,-4.236476147183876,,
2025-06-18,0.0422930009663105,0.0438340008258819,0.0398340001702308,0.0436149984598159,30077446,432234957.7345796,3.1258067843387805,,
2025-06-19,0.0436149984598159,0.0445999987423419,0.0413630008697509,0.042553000152111,21419787,421710303.1465952,-2.4349383129827706,,
2025-06-20,0.042553000152111,0.0442590005695819,0.0389790013432502,0.0395420007407665,30867738,391870586.32302535,-7.0758804328280185,,
2025-06-21,0.0395420007407665,0.0411490015685558,0.0361629985272884,0.0371889993548393,27055384,368551785.66933066,-5.950638161567112,,
2025-06-22,0.0371950007975101,0.0384339988231658,0.0335789993405342,0.0357489995658397,42968521,354281046.9345928,-3.8721122213045356,,
2025-06-23,0.0357489995658397,0.0435680001974105,0.0353249981999397,0.0434430018067359,46403226,430530430.1936005,21.522286873303955,,
2025-06-24,0.0434430018067359,0.0443850010633468,0.0415560007095336,0.042272001504898,34502764,418925540.0446664,-2.6954866218667606,,
2025-06-25,0.042272001504898,0.0432440005242824,0.0389360003173351,0.0392999984323978,28053255,389472286.1688758,-7.030665610086717,,
2025-06-26,0.0392999984323978,0.0412419997155666,0.0379579998552799,0.0389490015804767,24408168,385993824.29079366,-0.8931217962384164,,
2025-06-27,0.0389490015804767,0.0409540012478828,0.038426000624895,0.0400100015103817,21032760,396508584.7184796,2.7240747820268307,,
2025-06-28,0.0400100015103817,0.0425570011138916,0.0395140014588832,0.0422159992158412,12399287,418370544.1052352,5.513615651544268,,
2025-06-29,0.0422159992158412,0.0461900010704994,0.0414629988372325,0.0450010001659393,20409244,445970562.6875004,6.597027197814254,,
2025-06-30,0.0450010001659393,0.0452659986913204,0.0418369993567466,0.0428129993379116,23217122,424286956.6156781,-4.862115997332372,,
2025-07-01,0.0428129993379116,0.0430560000240802,0.0386690013110637,0.0390570014715194,24307549,387064128.77293634,-8.773031379434803,,
2025-07-02,0.0390570014715194,0.0468659996986389,0.0385590009391307,0.0445020012557506,39095730,441025365.3821808,13.941161838042593,,
2025-07-03,0.0445020012557506,0.0473040007054805,0.0435959994792938,0.0445500016212463,36597511,441501060.3651896,0.10786113914258433,,
2025-07-04,0.0445500016212463,0.0447949990630149,0.0407489985227584,0.0420310012996196,25034494,416537170.969324,-5.654321503829918,,
2025-07-05,0.0420310012996196,0.0433229990303516,0.0410219989717006,0.0423990003764629,15363894,420184128.9205495,0.8755420177121387,,
2025-07-06,0.0424060001969337,0.0455889999866485,0.0417729988694191,0.0442489981651306,18356652,438518044.8722047,4.363305201163881,,
2025-07-07,0.0442489981651306,0.0450819991528987,0.0415810011327266,0.0423079989850521,20804901,419282283.5930416,-4.386538137733609,,
2025-07-08,0.0423079989850521,0.0440700016915798,0.0415299981832504,0.0436290018260479,19924098,432373734.4083189,3.122347718365326,,
2025-07-09,0.0436290018260479,0.0495119988918304,0.0429719984531402,0.0491439998149871,35625667,487028669.7937166,12.640669642014535,,
2025-07-10,0.0491439998149871,0.0578220002353191,0.048904001712799,0.0572890006005764,53005675,567747555.3750352,16.573744132046375,,
2025-07-11,0.0572890006005764,0.0604170002043247,0.0550960004329681,0.0565159991383552,59962270,560086927.9268935,-1.349301705593764,,
2025-07-12,0.0565159991383552,0.0579980015754699,0.0526590012013912,0.0549740009009838,29385582,544805360.4273298,-2.7284278096127768,,
2025-07-13,0.0549740009009838,0.0582999996840953,0.0538639985024929,0.0555559992790222,28985724,550573102.103735,1.0586793184048426,,
2025-07-14,0.0555559992790222,0.0614209994673728,0.0534129999577999,0.0545330010354518,48137845,540434947.3820384,-1.8413821312664003,,
2025-07-15,0.0545330010354518,0.0573679991066455,0.0510750003159046,0.0573490001261234,61859663,568342164.874169,5.163843979246496,,
2025-07-16,0.0573490001261234,0.0644849985837936,0.0551880002021789,0.0616700015962123,58415484,611164312.1571897,7.53457158901818,,
2025-07-17,0.0616700015962123,0.0635590031743049,0.0584780015051364,0.0609700009226799,52078057,604227139.8031139,-1.1350748425720592,,
2025-07-18,0.0609700009226799,0.0660170018672943,0.0550399981439113,0.0567199997603893,63556001,562108622.3750536,-6.970643099842344,,
2025-07-19,0.0567199997603893,0.0598269999027252,0.0550419986248016,0.0593560002744197,26823275,588232011.3697828,4.6473916170064244,,
2025-07-20,0.0593560002744197,0.0647640004754066,0.0584530010819435,0.0619199983775615,38171382,613641839.4307444,4.31969487716104,,
2025-07-21,0.0619199983775615,0.0662050023674964,0.0601520016789436,0.0644290000200271,41940825,638506639.5495906,4.052005342711396,,
2025-07-22,0.0644290000200271,0.0666140019893646,0.0597870014607906,0.0661759972572326,53165901,655819795.6576129,2.7115076078512157,,
2025-07-23,0.0661759972572326,0.0663160011172294,0.0552100017666816,0.0575199984014034,47653488,570036798.2548496,-13.08026960618739,,
2025-07-24,0.0575199984014034,0.0587459988892078,0.0521190017461776,0.0541060008108615,54661111,536203274.09197766,-5.935322818886945,,
2025-07-25,0.0541049987077713,0.0568469986319541,0.0521200001239776,0.0561080016195774,50421341,556043575.9490817,3.7001456006964917,,
2025-07-26,0.0561080016195774,0.0573909990489482,0.0555289983749389,0.0562880001962184,17280799,557827404.4464831,0.3208073206053985,,
2025-07-27,0.0562880001962184,0.0611689984798431,0.0562350004911422,0.0600740015506744,27463970,595347573.9573003,6.726125179892883,,
2025-07-28,0.0600740015506744,0.0621530003845691,0.0543980002403259,0.0544600002467632,44867271,539711492.2879723,-9.345142922060223,,
2025-07-29,0.0544600002467632,0.0573539994657039,0.0514490008354187,0.0528169982135295,35383299,523428953.2653729,-3.016896852348716,,
2025-07-30,0.0528169982135295,0.0556749999523162,0.049159999936819,0.0540629997849464,57389139,535777123.7474785,2.35909198470452,,
2025-07-31,0.0540629997849464,0.0606140010058879,0.0523400008678436,0.0524410009384155,62793978,519702731.2762336,-3.0002013446958964,,
2025-08-01,0.0524410009384155,0.0534650012850761,0.0489830002188682,0.0500140003859996,55782140,495650581.3681743,-4.6280591693245166,,
2025-08-02,0.0500140003859996,0.0504480004310607,0.0458189994096756,0.0477130003273487,37790184,472847126.17569965,-4.6007118824572535,,
2025-08-03,0.0477130003273487,0.0528730005025863,0.0474480018019676,0.0520029999315738,39492523,515362037.63034624,8.99125935236167,,
2025-08-04,0.0520029999315738,0.0563639998435974,0.0516280010342597,0.0552890002727508,37302340,547927078.7570368,6.318866883642782,,
2025-08-05,0.0552890002727508,0.0553390011191368,0.0503830015659332,0.0519409999251365,32676025,514747602.8921068,-6.0554546674709275,,
2025-08-06,0.0519409999251365,0.0539540015161037,0.0501220002770423,0.0535119995474815,26363076,530316580.98093885,3.0245848647683315,,
2025-08-07,0.0535119995474815,0.0568559989333152,0.0524169988930225,0.0566649995744228,35334993,561563557.5144295,5.892136443422613,,
2025-08-08,0.0566649995744228,0.0599259994924068,0.0553050003945827,0.0588309988379478,38933090,583029122.8745989,3.8224640956366907,,
2025-08-09,0.0588309988379478,0.0637079998850822,0.0581890009343624,0.0615469999611377,40916725,609945336.8410093,4.616615690430881,,
2025-08-10,0.0615469999611377,0.0630640015006065,0.0583660006523132,0.0602530017495155,34927141,597121508.2944034,-2.1024553795298995,,
2025-08-11,0.0602530017495155,0.0621029995381832,0.0538729988038539,0.0543959997594356,47658567,539077232.3106273,-9.720680829195361,,
2025-08-12,0.0543959997594356,0.0600310005247592,0.0534429997205734,0.0592329986393451,47296004,587013036.0536025,8.89219593591617,,
2025-08-13,0.0592329986393451,0.0636370033025741,0.0585060007870197,0.0626749992370605,62455540,621124076.6454443,5.810951119785246,,
2025-08-14,0.0626749992370605,0.0645020008087158,0.0545280016958713,0.055672001093626,69235416,551722707.5423,-11.173511334154984,,
2025-08-15,0.055672001093626,0.057532001286745,0.0519330017268657,0.0539360009133815,41283533,534518534.8715955,-3.1182643809138377,,
2025-08-16,0.0539360009133815,0.0555460005998611,0.0528439991176128,0.0550750009715557,20875568,545806295.0318571,2.111762160497177,,
2025-08-17,0.0550750009715557,0.0585279986262321,0.0548290014266967,0.0563249997794628,24781496,558194079.0736654,2.269630115036536,,
2025-08-18,0.0563249997794628,0.0563639998435974,0.0515239983797073,0.0520320013165473,44717000,515649448.2196147,-7.621834850820209,,
2025-08-19,0.0520320013165473,0.0529650002717971,0.0487029999494552,0.0487029999494552,69364293,482658256.74842507,-6.397988320378911,,
2025-08-20,0.0487029999494552,0.0529070012271404,0.0484870001673698,0.0520519986748695,97439009,515847626.7736536,6.876370508777585,,
2025-08-21,0.0520519986748695,0.0523840002715587,0.0487180016934871,0.0493220016360282,29397878,488792709.9705211,-5.24474968942803,,
2025-08-22,0.0493220016360282,0.0599879994988441,0.047189000993967,0.0597850009799003,67859734,592483509.8989491,21.21365515755793,,
2025-08-23,0.0597850009799003,0.0598889999091625,0.0567190013825893,0.0575990006327629,35915278,570819729.0662323,-3.656436081471892,,
2025-08-24,0.0575900003314018,0.0601859986782074,0.0537699982523918,0.0559910014271736,54585360,554884076.350218,-2.7917137240653034,,
2025-08-25,0.0559910014271736,0.056487001478672,0.0472909994423389,0.0482960008084774,62685809,478624798.9309118,-13.743280924712398,,
2025-08-26,0.0482960008084774,0.051520999521017,0.0479220002889633,0.0507629998028278,36410722,503073342.86555743,5.108081317402502,,
2025-08-27,0.0507629998028278,0.0511969998478889,0.0489949993789196,0.0492569990456104,33505085,488148518.9143689,-2.9667292379626176,,
2025-08-28,0.0492569990456104,0.0512159988284111,0.048820000141859,0.050900001078844,26734027,504431057.9369684,3.335570710899849,,
2025-08-29,0.050900001078844,0.0509399995207786,0.0460259988903999,0.0471770018339157,43154290,467535254.24319774,-7.314340208286807,,
2025-08-30,0.0471770018339157,0.0483799986541271,0.0462849996984005,0.0480590015649795,20932183,476276080.3337806,1.869554437072618,,
2025-08-31,0.0480590015649795,0.0492339991033077,0.0465329997241497,0.0465390011668205,20116979,461212516.6273614,-3.1627798095302473,,
2025-09-01,0.0465390011668205,0.0477360002696514,0.0428030006587505,0.043868001550436,35974242,434742278.24455565,-5.739271469987539,,
2025-09-02,0.043868001550436,0.0464560016989707,0.043868001550436,0.0458419993519783,29691103,454305063.6726898,4.499858055472972,,
2025-09-03,0.0458419993519783,0.0466260015964508,0.0449419990181922,0.0461089983582496,23499107,456951087.019388,0.5824331618288658,,
2025-09-04,0.0461089983582496,0.0464270003139972,0.0426600016653537,0.0435290001332759,25320477,431382693.9640901,-5.595433249120019,,
2025-09-05,0.0435290001332759,0.0468400008976459,0.0435240007936954,0.0455040000379085,34005614,450955410.4710313,4.5372048486884475,,
2025-09-06,0.0455040000379085,0.0457979999482631,0.0434800013899803,0.0439249984920024,13778782,435307131.4257768,-3.4700280076271683,,
2025-09-07,0.0439249984920024,0.0453950017690658,0.0439170002937316,0.0449480004608631,14328584,445445323.0659819,2.3289743972261467,,
2025-09-08,0.0449480004608631,0.049355000257492,0.0444799996912479,0.0487120002508163,53774324,482747451.8651461,8.374120653555138,,
2025-09-09,0.0487120002508163,0.0512529984116554,0.0474169999361038,0.0489530004560947,62069050,485135820.9404885,0.4947450403134823,,
2025-09-10,0.0489530004560947,0.0513890013098716,0.0482459999620914,0.0505530014634132,48618685,500992209.618589,3.2684431851189855,,
2025-09-11,0.0505530014634132,0.05180199816823,0.0495459996163845,0.0517389997839927,48056998,512745733.6830522,2.3460492675946076,,
2025-09-12,0.0517389997839927,0.0538929998874664,0.0497089996933937,0.0535180009901523,54549853,530376056.6982557,3.4384143752040464,,
2025-09-13,0.0535180009901523,0.0578900016844272,0.0534179992973804,0.0561349987983703,49118278,556311124.3807359,4.8899393845064365,,
2025-09-14,0.0561349987983703,0.0561399981379509,0.0512770004570484,0.052216999232769,37937998,517482821.355526,-6.979602118945882,,
2025-09-15,0.052216999232769,0.0542210005223751,0.0484069995582103,0.0523479990661144,66060657,518781060.7096202,0.25087583597334095,,
2025-09-16,0.0523479990661144,0.0525010004639625,0.0477899983525276,0.0495719984173774,53354174,491270237.24407583,-5.302973749256335,,
2025-09-17,0.0495719984173774,0.0542789995670318,0.0488729998469352,0.0534440018236637,64788961,529642707.4438912,7.810868090661782,,
2025-09-18,0.0534440018236637,0.0593010000884532,0.052496999502182,0.0564990006387233,79347747,559918468.7722586,5.716261340495121,,
2025-09-19,0.0564990006387233,0.0571600012481212,0.0514670014381408,0.0526780001819133,57937505,522051449.8733648,-6.762952288736868,,
2025-09-20,0.0526780001819133,0.0533059984445571,0.0513290017843246,0.0518330000340938,36698400,513677298.4099642,-1.6040854719265196,,
2025-09-21,0.0518330000340938,0.0531889982521534,0.0501729995012283,0.0501759983599185,35035271,497256019.632134,-3.196808351986935,,
2025-09-22,0.0501759983599185,0.0504870004951953,0.0419370010495185,0.0434600003063678,71689041,430698889.3482353,-13.384881762343891,,
2025-09-23,0.0434600003063678,0.0436300002038478,0.0415400005877018,0.0422759987413883,33280114,418965153.604369,-2.724347806334504,,
2025-09-24,0.0422759987413883,0.0440410003066062,0.0410489998757839,0.0424139983952045,30256388,420332762.8360786,0.3264255320385878,,
2025-09-25,0.0424159988760948,0.0425300002098083,0.0378860011696815,0.038392998278141,48974535,380483699.9672357,-9.48036089311054,,
2025-09-26,0.038392998278141,0.0404249988496303,0.0381579995155334,0.0400260016322135,50846896,396667149.7128158,4.25338844922214,,
2025-09-27,0.0400260016322135,0.0402050018310546,0.0388530008494854,0.0392599999904632,26324268,389075892.1422894,-1.9137600822306755,,
2025-09-28,0.0392599999904632,0.0412900000810623,0.0380880013108253,0.0411310009658336,33798414,407617954.64529926,4.765667284322195,,
2025-09-29,0.0411310009658336,0.0411630012094974,0.0392879992723465,0.0400770008563995,78751145,397172564.09522873,-2.5625442724081293,,
2025-09-30,0.0400770008563995,0.0416940003633499,0.0377169996500015,0.0405020006000995,30439152,401384412.1461839,1.0604579549822635,,
2025-10-01,0.0405020006000995,0.0438209995627403,0.0401199981570243,0.043598998337984,37217118,432076392.7402434,7.646530275042496,,
2025-10-02,0.043598998337984,0.0471699982881546,0.0435650013387203,0.0464689992368221,37744237,460518780.9326996,6.582722099690352,,
2025-10-03,0.0464689992368221,0.0476870015263557,0.0446400009095668,0.0469000004231929,41364319,464790104.70097154,0.9275026220691096,,
2025-10-04,0.0469000004231929,0.0471259988844394,0.0439019985496997,0.0453790016472339,22145828,449716646.8342539,-3.243067723314641,,
2025-10-05,0.0453790016472339,0.0478999987244606,0.0447509996592998,0.0452810004353523,46423488,448745431.6291307,-0.21596158646998154,,
2025-10-06,0.0452749989926815,0.048819001764059,0.0449599996209144,0.0481540001928806,60519809,477217539.2209911,6.344823943609823,,
2025-10-07,0.0481540001928806,0.0484369993209838,0.0432399995625019,0.0432410016655921,71017187,428528560.984546,-10.202679959316995,,
2025-10-08,0.0432410016655921,0.0463030003011226,0.0424919985234737,0.0459069982171058,49028267,454949217.81033343,6.1654366199271005,,
2025-10-09,0.0459069982171058,0.0460739992558956,0.0412449985742569,0.0424589999020099,56289748,420778738.4196833,-7.510833748679113,,
2025-10-10,0.0424589999020099,0.0443909987807273,0.0118770003318786,0.0302210003137588,124120869,299497265.9542629,-28.823099028462472,,
2025-10-11,0.0302210003137588,0.032405000180006,0.0288600008934736,0.0299009997397661,68992356,296325984.52679193,-1.058868239536781,,
2025-10-12,0.0299009997397661,0.0350870005786418,0.0291639994829893,0.0341419987380504,56414441,338355288.378877,14.183468898011743,,
2025-10-13,0.0341419987380504,0.0357000008225441,0.0325900018215179,0.034765001386404,57817493,344529392.0791841,1.824739825964805,,
2025-10-14,0.034765001386404,0.0350649990141391,0.0302729997783899,0.0325249992311,61506885,322330440.54614174,-6.443267844022094,,
2025-10-15,0.0325249992311,0.0333160012960433,0.0296379998326301,0.0298980008810758,60334553,296296265.1273878,-8.076859068799902,,
2025-10-16,0.0298980008810758,0.0312779992818832,0.0278399996459484,0.0282930005341768,56443378,280390331.81077766,-5.368253059069583,,
2025-10-17,0.0282930005341768,0.0286989994347095,0.0256430003792047,0.0262449998408556,78661468,260094160.20977044,-7.238541881930471,,
2025-10-18,0.0262449998408556,0.0269620008766651,0.0256149992346763,0.0261860005557537,40805010,259509463.3301894,-0.2248020021324293,,
2025-10-19,0.0261860005557537,0.0276549998670816,0.0256939996033906,0.0268990006297826,64860293,266575462.8199429,2.722829217508127,,
2025-10-20,0.0268990006297826,0.0285700000822544,0.0262260008603334,0.0271320007741451,59347432,268884549.3981173,0.866203720983294,,
2025-10-21,0.0271429996937513,0.0284349992871284,0.0258450005203485,0.0259300004690885,76087732,256972441.8800635,-4.430194127821274,,
2025-10-22,0.0259300004690885,0.0261199995875358,0.023769000545144,0.0244699995964765,60294452,242503487.67277825,-5.6305470350935245,,
2025-10-23,0.0244670007377862,0.0259899999946355,0.0242919996380805,0.0258230008184909,45705188,255912050.0174737,5.529224537499466,,
2025-10-24,0.0258009992539882,0.0278970003128051,0.0258009992539882,0.0276730004698038,54581180,274245984.42838323,7.164154407601564,,
2025-10-25,0.0276730004698038,0.0280620008707046,0.0269300006330013,0.027760999277234,71801679,275118073.4379784,0.3179951791863811,,
2025-10-26,0.027760999277234,0.0307199992239475,0.0272419992834329,0.0305809993296861,55534213,303064941.40832025,10.158135967262162,,
2025-10-27,0.0305809993296861,0.0346219986677169,0.0303199999034404,0.0303809996694326,95306101,301082897.43837124,-0.6539997535638165,,
2025-10-28,0.0303809996694326,0.0321939997375011,0.0284030009061098,0.0293189994990825,60210065,290558224.3911326,-3.495606405007845,,
2025-10-29,0.0293189994990825,0.0306170005351305,0.0288180001080036,0.0292230006307363,49025585,289606852.8843693,-0.32742886860516185,,
2025-10-30,0.0292230006307363,0.0299399998039007,0.0250540003180503,0.0261860005557537,33515920,259509463.3301894,-10.392499091240914,,
2025-10-31,0.0261920001357793,0.0276100002229213,0.0259830001741647,0.0268990006297826,22264445,266575452.7431557,2.722829217508127,0.0,0.0
2025-11-01,0.0268990006297826,0.0288970004767179,0.0266789998859167,0.028218999505043,12135502,279656969.490359,4.907241326277734,0.0,0.0
2025-11-02,0.028218999505043,0.0282489992678165,0.0261269994080066,0.0273059997707605,14843733,270608925.85616446,-3.235407882265051,0.0,0.0
2025-11-03,0.0273059997707605,0.0274160001426935,0.0222210008651018,0.0226460006088018,34964012,224427230.3205702,-17.065843408336466,0.0,0.0
2025-11-04,0.0226460006088018,0.0234459992498159,0.01978600025177,0.021331999450922,49605372,211405167.59103137,-5.802354157709821,0.0,0.0
2025-11-05,0.0213339999318122,0.0226579997688531,0.0200260002166032,0.022546000778675,27076509,223436208.3164838,5.690987057008057,0.0,0.0
2025-11-06,0.0225409995764493,0.0225409995764493,0.0210810005664825,0.0214200001209974,20749967,212277275.07669944,-4.994236755028503,0.0,0.0
2025-11-07,0.0214200001209974,0.0246959999203681,0.0203089993447065,0.0238639991730451,31349222,236497884.6064892,11.409892802250354,0.0,0.0
2025-11-08,0.0238639991730451,0.0244730003178119,0.0218809992074966,0.0225079990923404,20633893,223059601.571198,-5.682199663484444,0.0,0.0
2025-11-09,0.0225070007145404,0.0241839997470378,0.0215579997748136,0.023684000596404,15101198,234714054.98873103,5.224815849862896,0.0,0.0
2025-11-10,0.023684000596404,0.0258210003376007,0.0235440004616975,0.0250979997217655,33617443,248727121.1982672,5.970271448043252,0.0,0.0
2025-11-11,0.0250979997217655,0.0251599997282028,0.0221360009163618,0.0221500005573034,25120776,219511751.30424067,-11.745952654169223,0.0,0.0
2025-11-12,0.0221480000764131,0.0243219994008541,0.0211009997874498,0.0215850006788969,26553000,213912468.7003942,-2.5507894545862886,0.0,0.0
2025-11-13,0.021586000919342,0.0223450008779764,0.0194840002804994,0.0204140003770589,37501528,202307578.38135168,-5.4250649293833835,0.0,0.0
2025-11-14,0.0204140003770589,0.0204140003770589,0.0186810009181499,0.0187880005687475,37470450,186193535.1956904,-7.965120888988942,0.0,0.0
2025-11-15,0.0187819991260767,0.0195959992706775,0.018360000103712,0.0185339991003274,15452049,183676320.48851767,-1.351934536571242,0.0,0.0
2025-11-16,0.0185339991003274,0.0190520007163286,0.0159920006990432,0.0169009994715452,27845932,167492907.42422423,-8.810832567448202,0.0,0.0
2025-11-17,0.0169053152203559,0.0170526672154665,0.0166075602173805,0.0168339423835277,30199164,166828355.8008509,-0.39676403830670726,0.0,0.0
2025-11-18,0.015608999878168106,0.018124999478459358,0.01536799967288971,0.01762400008738041,45172281,174658014.7552801,4.693242294958755,0.0,0.0
