time,open,high,low,close,volume,market_cap,Dividends,Stock Splits,roc_1d
2024-03-21,0.0014009999576956,0.0014530000044032,0.0008009999874047,0.0010590000310912,1040292,9851254.116757976,,,
2024-03-22,0.0010590000310912,0.0011759999906644,0.000865000009071,0.0009440000285394,420217,8781476.765195092,,,-10.859301149717936
2024-03-23,0.0009459999855607,0.0010089999996125,0.0008660000166855,0.0009469999931752,232423,8809383.670861837,,,0.31779285435422633
2024-03-24,0.0009469999931752,0.00171500002034,0.0009180000051856,0.0015439999988302,1008627,14362923.416609371,,,63.04118373362564
2024-03-25,0.0015439999988302,0.0024419999681413,0.0013530000578612,0.0020989999175071,2204161,19525761.06830633,,,35.94559061511602
2024-03-26,0.0020860000513494,0.0021770000457763,0.0015129999956116,0.0016969999996945,1356347,15786192.3912334,,,-19.151973969109992
2024-03-27,0.0016969999996945,0.0018710000440478,0.0012690000003203,0.0015109999803826,854500,14055943.66397388,,,-10.960519702144033
2024-03-28,0.0015109999803826,0.0016120000509545,0.0009779999963939,0.0016120000509545,1207926,14995487.886639263,,,6.6843197804890675
2024-03-29,0.0016120000509545,0.0019490000559017,0.0013500000350177,0.0015460000140592,1145509,14381528.38136828,,,-4.094294963341971
2024-03-30,0.0015460000140592,0.0017460000235587,0.0012430000351741,0.0012779999524354,1375446,11888481.513709756,,,-17.3350620431196
2024-03-31,0.0012779999524354,0.0014979999978095,0.0012619999470189,0.0013620000099763,672918,12669884.618867667,,,6.572774700095008
2024-04-01,0.0013620000099763,0.0015229999553412,0.0012369999894872,0.0013660000404343,569585,12707094.54838548,,,0.2936879903598255
2024-04-02,0.0013650000328198,0.0013859999598935,0.0011719999602064,0.0011940000113099,449173,11107079.491495077,,,-12.591509812087198
2024-04-03,0.0011940000113099,0.0016969999996945,0.001189999980852,0.0013490000274032,1231128,12548953.430878008,,,12.981575764245967
2024-04-04,0.0013490000274032,0.0018410000484436,0.0013089999556541,0.0014410000294446,784124,13404775.312128317,,,6.819866580618106
2024-04-05,0.0014410000294446,0.0015099999727681,0.0012690000003203,0.0015099999727681,382530,14046641.181594428,,,4.788337398583842
2024-04-06,0.0015089999651536,0.0019680000841617,0.0014449999434873,0.0017249999800696,1225701,16046659.731971627,,,14.238411336350332
2024-04-07,0.0017249999800696,0.0017500000540167,0.0014979999978095,0.0015429999912157,560580,14353620.934229922,,,-10.550724113431976
2024-04-08,0.0015429999912157,0.0017800000496208,0.0015069999499246,0.0015549999661743,417075,14465249.639840128,,,0.7777041495084847
2024-04-09,0.0015549999661743,0.0015849999617785,0.0012270000297576,0.0013680000556632,470181,12725699.513144389,,,-12.025717979349404
2024-04-10,0.0013680000556632,0.0015429999912157,0.0011320000048726,0.0013620000099763,643856,12669884.618867667,,,-0.43859981306734186
2024-04-11,0.0013620000099763,0.0014029999729245,0.0011800000211223,0.0013119999784976,386419,12204763.748724705,,,-3.6710742373320726
2024-04-12,0.0013119999784976,0.0014489999739453,0.0009779999963939,0.0010189999593421,506912,9479156.98746631,,,-22.332318899198512
2024-04-13,0.0010189999593421,0.0013429999817162,0.0008260000031441,0.0009629999985918,681983,8958222.305989856,,,-5.49558027327649
2024-04-14,0.0009640000062063,0.0012199999764561,0.000921000028029,0.0012120000319555,289985,11274523.091382002,,,25.856701321683694
2024-04-15,0.0012390000047162,0.0012499999720603,0.0010470000561326,0.001122000045143,535401,10437306.174890602,,,-7.42574129039334
2024-04-16,0.001122000045143,0.001209000009112,0.0009800000116229,0.0010359999723732,407992,9637298.104973782,,,-7.664890312801997
2024-04-17,0.0010600000387057,0.0012080000014975,0.0009389999904669,0.001189999980852,510162,11069869.561977262,,,14.864866079680183
2024-04-18,0.0011889999732375,0.0014130000490695,0.0011360000353306,0.0012880000285804,558027,11981506.337504288,,,8.235298260949154
2024-04-19,0.0012880000285804,0.0012880000285804,0.0010280000278726,0.0011739999754354,267135,10921030.926849242,,,-8.850935606783173
2024-04-20,0.0011739999754354,0.0013360000448301,0.0011439999798312,0.0012929999502375,156433,12028017.66645832,,,10.136284266783457
2024-04-21,0.0013040000339969,0.0014440000522881,0.0012270000297576,0.001230000052601,179143,11441966.691268928,,,-4.872382061958169
2024-04-22,0.001230000052601,0.0020409999415278,0.0011569999624043,0.001713000005111,1035533,15935031.02636142,,,39.26828714264134
2024-04-23,0.001713000005111,0.0019880000036209,0.0014600000577047,0.001806000014767,1144258,16800155.38999118,,,5.429072351343844
2024-04-24,0.0018279999494552,0.0028860000893473,0.0017770000267773,0.0023839999921619,1730921,22176949.053472336,,,32.00442816549314
2024-04-25,0.0023930000606924,0.0024099999573081,0.0018649999983608,0.0021659999620169,961481,20149023.055956777,,,-9.144296596549461
2024-04-26,0.0021659999620169,0.0021770000457763,0.0018139999592676,0.0019239999819546,801976,17897839.647220805,,,-11.172667788828505
2024-04-27,0.0019239999819546,0.0020250000525265,0.0015660000499337,0.0018029999919235,667181,16772247.94285282,,,-6.288980829832214
2024-04-28,0.0018029999919235,0.0019450000254437,0.0015950000379234,0.0016769999638199,673048,15600143.826587563,,,-6.988354335441727
2024-04-29,0.0016730000497773,0.0018619999755173,0.0014870000304654,0.0017569999909028,526762,16344337.002227668,,,4.770425092954356
2024-04-30,0.0017579999985173,0.0017579999985173,0.001291999942623,0.001499000005424,548975,13944314.958363673,,,-14.684119909769144
2024-05-01,0.001499000005424,0.0017549999756738,0.0011640000157058,0.0015569999814033,768876,14483854.604599034,,,3.8692445476605997
2024-05-02,0.0015569999814033,0.0019470000406727,0.0015000000130385,0.0017780000343918,747483,16539688.049252952,,,14.193966321651196
2024-05-03,0.0018009999766945,0.0034449999220669,0.001784999971278,0.0029490001033991,1398456,27432812.61190707,,,65.86052004255802
2024-05-04,0.0029480000957846,0.005123000126332,0.0024920001160353,0.0041899997740983,5234555,38977102.27757705,,,42.08204907381283
2024-05-05,0.0041899997740983,0.0048099998384714,0.0028039999306201,0.0032019999343901,2920648,29786321.16093056,,,-23.57994971302404
2024-05-06,0.0032019999343901,0.0037299999967217,0.0029720000457018,0.0032389999832957,1586471,30130510.843083862,,,1.1555293461505745
2024-05-07,0.0032389999832957,0.0040670000016689,0.0028329999186098,0.0030189999379217,1261262,28083979.880809404,,,-6.792221256825959
2024-05-08,0.0030139998998492,0.0036619999445974,0.0028580001089721,0.0032230000942945,816527,29981673.29089908,,,6.757209690876476
2024-05-09,0.00322200008668,0.0045219999738037,0.0030080000869929,0.0042030001059174,2071028,39098036.71439641,,,30.406453085674446
2024-05-10,0.0041919997893273,0.0067219999618828,0.0041629998013377,0.0048239999450743,3920639,44874832.78842112,,,14.77515640036733
2024-05-11,0.0048239999450743,0.0053480002097785,0.0038499999791383,0.0045650000683963,940661,42465509.345120914,,,-5.368985896081102
2024-05-12,0.0045650000683963,0.0052490001544356,0.0042170002125203,0.004414000082761,783768,41060845.335255794,,,-3.307776196558687
2024-05-13,0.0044320002198219,0.0045940000563859,0.0036279999185353,0.0038880000356584,822804,36167776.42373327,,,-11.916629751705443
2024-05-14,0.0038880000356584,0.0047809998504817,0.00362000009045,0.0039789997972548,1035237,37014293.65671767,,,2.340528826178101
2024-05-15,0.0039789997972548,0.0045750001445412,0.0034399998839944,0.0039880000986158,1311692,37098018.16401921,,,0.22619506960541713
2024-05-16,0.0039750002324581,0.0042799999937415,0.0035389999393373,0.0039249998517334,1493928,36511963.94000012,,,-1.5797453692206864
2024-05-17,0.0039249998517334,0.0046230000443756,0.0038600000552833,0.0041939998045563,785173,39014312.20709486,,,6.8535022416396085
2024-05-18,0.0042019998654723,0.004583999980241,0.0036170000676065,0.0038270000368356,1014344,35600329.33035956,,,-8.75059095906483
2024-05-19,0.0038270000368356,0.0040739998221397,0.0035470000002533,0.0037340000271797,368968,34735204.9667298,,,-2.4301021364190656
2024-05-20,0.003698999993503,0.0041760001331567,0.0034280000254511,0.0038890000432729,972420,36177078.90611273,,,4.151044857122632
2024-05-21,0.0038890000432729,0.004137999843806,0.0033390000462532,0.0035530000459402,735953,33051468.651367545,,,-8.63975298518972
2024-05-22,0.0035530000459402,0.003967999946326,0.0034739999100565,0.0036879999097436,439471,34307292.94316141,,,3.7996020843753087
2024-05-23,0.0036879999097436,0.0039800000376999,0.0035339999012649,0.0039029999170452,397594,36307311.49353861,,,5.829718344991708
2024-05-24,0.0038970001041889,0.0040199998766183,0.0035300001036375,0.00370500003919,367154,34465435.14361212,,,-5.073017731578567
2024-05-25,0.00370500003919,0.0042770002037286,0.0033370000310242,0.0038409999106079,637963,35730561.91778544,,,3.670711740333288
2024-05-26,0.0038149999454617,0.0041860002093017,0.0034479999449104,0.0034479999449104,592122,32074714.499184348,,,-10.231709837121594
2024-05-27,0.003224000101909,0.0036500000860542,0.0030710001010447,0.0032599999103695,567456,30325860.80716592,,,-5.4524372837768675
2024-05-28,0.0032599999103695,0.0032820000778883,0.0027920000720769,0.0030159999150782,702874,28056072.43367104,,,-7.484662638031914
2024-05-29,0.0030159999150782,0.004066000226885,0.0025460000615566,0.003785999957472,2091979,35218929.71868844,,,25.530506103274718
2024-05-30,0.0039049999322742,0.0039200000464916,0.0031520000193268,0.0032089999876916,692268,29851438.537586734,,,-15.240358591173264
2024-05-31,0.0032889998983591,0.0034129999112337,0.0029879999347031,0.0030580000020563,380016,28446774.527721614,,,-4.705515307400243
2024-06-01,0.0030580000020563,0.0033690000418573,0.0030400000978261,0.0033249999396502,585344,30930517.83005745,,,8.731194814073273
2024-06-02,0.0032740000169724,0.0036639999598264,0.0024039999116212,0.0026110000908374,1171525,24288597.39240298,,,-21.473680053296928
2024-06-03,0.0026110000908374,0.0029760000761598,0.002295000012964,0.002430000109598,1260755,22604861.077040724,,,-6.932208921576488
2024-06-04,0.002422000048682,0.002911000046879,0.0022279999684542,0.0028419999871402,1081161,26437453.49496496,,,16.95472670617937
2024-06-05,0.0028419999871402,0.0034970000851899,0.0027199999894946,0.0032510000746697,847696,30242140.631637305,,,14.391276895854666
2024-06-06,0.0033170001115649,0.0035300001036375,0.0025659999810159,0.0025859999004751,636723,24056035.33291664,,,-20.455249428505894
2024-06-07,0.0027389999013394,0.00290900003165,0.0022440000902861,0.0023169999476522,621508,21553687.065821897,,,-10.40216408258483
2024-06-08,0.0023169999476522,0.0025400000158697,0.0020190000068396,0.0020880000665783,454867,19423435.92801882,,,-9.883465094850074
2024-06-09,0.0020880000665783,0.0025500000920146,0.0020800000056624,0.0024590000975877,348581,22874630.900158405,,,17.76820015228133
2024-06-10,0.0024590000975877,0.0027749999426305,0.0022140000946819,0.0023769999388605,524012,22111831.67681616,,,-3.334695220534667
2024-06-11,0.002377999946475,0.0024689999409019,0.0020049999002367,0.0023600000422447,402415,21953691.642251924,,,-0.7151828798089732
2024-06-12,0.0023600000422447,0.0027520000003278,0.0019509999547153,0.0019509999547153,603604,18149004.50557958,,,-17.33051187322785
2024-06-13,0.0019700000993907,0.0021780000533908,0.0016789999790489,0.0019900000188499,901823,18511799.1524918,,,1.9989782183409188
2024-06-14,0.0019900000188499,0.0021089999936521,0.0017320000333711,0.0018810000037774,701987,17497836.153734013,,,-5.477387640201902
2024-06-15,0.0018810000037774,0.0019099999917671,0.0017630000365898,0.0018449999624863,572408,17162948.953960158,,,-1.9138777894101566
2024-06-16,0.0018449999624863,0.0018919999711215,0.0017760000191628,0.0018230000277981,609446,16958296.507498655,,,-1.1924084084290798
2024-06-17,0.0018230000277981,0.0021289999131113,0.0017419999931007,0.0018119999440386,831101,16855969.201324664,,,-0.603405572779192
2024-06-18,0.0018189999973401,0.0018240000354126,0.0015549999661743,0.0016580000519752,868300,15423398.82726442,,,-8.498890552952442
2024-06-19,0.0016580000519752,0.0017709999810904,0.0015419999836012,0.0016459999606013,547896,15311769.03871098,,,-0.7237690589698031
2024-06-20,0.0016459999606013,0.00169599999208,0.0014939999673515,0.0015940000303089,541168,14828044.28675234,,,-3.159169595204847
2024-06-21,0.0015940000303089,0.0019059999613091,0.0015920000150799,0.0017689999658614,516929,16455965.707837874,,,10.978665760664175
2024-06-22,0.0017689999658614,0.0018410000484436,0.0016560000367462,0.0016850000247359,319649,15674563.685623191,,,-4.748442212919823
2024-06-23,0.0016850000247359,0.0017099999822676,0.0016420000465586,0.0016479999758303,287358,15330374.003469886,,,-2.1958485675036887
2024-06-24,0.0016479999758303,0.0016789999790489,0.0015450000064447,0.0016599999507889,431926,15442002.709080093,,,0.7281538309825475
2024-06-25,0.0016619999660179,0.0030610000248998,0.0015320000238716,0.0029720000457018,2233165,27646767.54074803,,,79.0361526390036
2024-06-26,0.0029720000457018,0.0039420002140104,0.0025849998928606,0.0033700000494718,1460328,31349127.371246383,,,13.391655371795853
2024-06-27,0.0033700000494718,0.0040870001539587,0.0033380000386387,0.0038719999138265,1702352,36018936.70566203,,,14.896138189475128
2024-06-28,0.0038630000781267,0.00450100004673,0.0033950000070035,0.0039189998060464,1490377,36456149.0457234,,,1.2138402186443464
2024-06-29,0.0040059997700154,0.0051199998706579,0.0037779998965561,0.0043100002221763,851490,40093395.83133852,,,9.97704606993468
2024-06-30,0.0043399999849498,0.0053469999693334,0.0041080000810325,0.0051529998891055,1558787,47935325.66651014,,,19.55915599706244
2024-07-01,0.0051500000990927,0.0151660004630684,0.0042829997837543,0.0065230000764131,13964623,60679631.22735667,,,26.586458699602566
2024-07-02,0.00651799980551,0.0096859997138381,0.005830000154674,0.0086249997839331,9316061,80233297.57691489,,,32.224431747605585
2024-07-03,0.0089269997552037,0.0095349997282028,0.0060769999399781,0.0064559997990727,5570764,60056367.07381976,,,-25.147826541409035
2024-07-04,0.00643299985677,0.0084400000050663,0.0058120000176131,0.0081709995865821,2833546,76010000.89905362,,,26.56443371878252
2024-07-05,0.0080450000241398,0.0102260001003742,0.0064199999906122,0.0084939999505877,4414624,79014683.21463884,,,3.9530091830626057
2024-07-06,0.0085199996829032,0.0126160001382231,0.0082660000771284,0.0123899998143315,4800608,115256877.33152127,,,45.86766996006677
2024-07-07,0.0123680001124739,0.0136700002476572,0.0094039998948574,0.0105499997735023,6117557,98140439.70651516,,,-14.850686589202965
2024-07-08,0.0105510000139474,0.0158559996634721,0.0089689996093511,0.0132069997489452,10655327,122856946.95660006,,,25.18483443114665
2024-07-09,0.0132590001448988,0.0136909997090697,0.0103380000218749,0.0105720004066824,4356527,98345098.65063606,,,-19.951536248596124
2024-07-10,0.010598000138998,0.0129530001431703,0.0098820002749562,0.011455999687314,3785206,106568423.76570588,,,8.36170305170285
2024-07-11,0.0114979995414614,0.0122999995946884,0.0098259998485445,0.0108179999515414,3845159,100633487.6571169,,,-5.5691319237648145
2024-07-12,0.0108179999515414,0.0118620004504919,0.0092049995437264,0.0105269998311996,3985819,97926484.7776742,,,-2.6899623002895057
2024-07-13,0.0103780003264546,0.0132290003821253,0.0090330000966787,0.0108749996870756,6041523,101163722.65508635,,,3.3057838078861534
2024-07-14,0.0108749996870756,0.0125310001894831,0.0106250001117587,0.0113779995590448,2301746,105842834.47188143,,,4.62528631211816
2024-07-15,0.0113869998604059,0.01303599961102,0.0111919995397329,0.0129890004172921,4436345,120829027.4567439,,,14.15891123819437
2024-07-16,0.0129770003259181,0.0131510002538561,0.0107220001518726,0.0109059996902942,4294158,101452097.44296294,,,-16.036651474926632
2024-07-17,0.0109080001711845,0.0149659998714923,0.0104219997301697,0.0137649998068809,5782054,128047693.1383786,,,26.214929376268636
2024-07-18,0.0138839995488524,0.0172830000519752,0.0138290002942085,0.0164720006287097,6591819,153229328.8392091,,,19.665825352758915
2024-07-19,0.0165410004556179,0.0206049997359514,0.0159690007567405,0.0176260005682706,7544778,163964311.2014125,,,7.005827437558176
2024-07-20,0.0175589993596076,0.0206809993833303,0.0168019998818635,0.0175909996032714,5672557,163638717.82047224,,,-0.19857576234398877
2024-07-21,0.017587000504136,0.0202149990946054,0.015616999939084,0.0181040000170469,4792576,168410858.79283482,,,2.916266416606006
2024-07-22,0.0181319992989301,0.018342999741435,0.0149539997801184,0.0152279995381832,3848002,141657118.73108196,,,-15.885994676069547
2024-07-23,0.0152190001681447,0.018970999866724,0.0146650001406669,0.0181460008025169,3725975,168801567.3845448,,,19.16207875510505
2024-07-24,0.0181460008025169,0.0211330000311136,0.0172719992697238,0.0176640003919601,4728753,164317801.20005882,,,-2.6562349236198934
2024-07-25,0.0177299994975328,0.0189939998090267,0.0162990000098943,0.0184930004179477,3865169,172029500.61369103,,,4.69316127486572
2024-07-26,0.0184220001101493,0.0195380002260208,0.0172039996832609,0.0180479995906353,3215053,167889919.77958542,,,-2.406320322582811
2024-07-27,0.0179830007255077,0.0182300005108118,0.0158249996602535,0.0162899997085332,3191006,151536281.37792152,,,-9.740691057053684
2024-07-28,0.0162899997085332,0.0182809997349977,0.0142190000042319,0.0175289995968341,3761379,163061968.24471906,,,7.605892636399947
2024-07-29,0.0175289995968341,0.0187780000269413,0.0154959997162222,0.016041999682784,2993197,149229283.07490885,,,-8.48308487792232
2024-07-30,0.0160530004650354,0.0168379992246627,0.0147040002048015,0.0156539995223283,3155680,145619945.90231854,,,-2.4186520890665197
2024-07-31,0.0156539995223283,0.0179459992796182,0.0142670003697276,0.0176369994878768,12321522,164066627.67815417,,,12.667688936108746
2024-08-01,0.0176369994878768,0.0177250001579523,0.0144889997318387,0.0165699999779462,3698360,154140959.11707672,,,-6.049779105930253
2024-08-02,0.016567999497056,0.016847999766469,0.0130979996174573,0.0144459996372461,4009700,134382633.82339758,,,-12.818348482359887
2024-08-03,0.0144419996067881,0.0145730003714561,0.0097139999270439,0.0109569998458027,5334242,101926521.8784286,,,-24.152013561233353
2024-08-04,0.0109080001711845,0.0116389999166131,0.0088640004396438,0.0099539998918771,4276740,92596203.52609032,,,-9.15396520982722
2024-08-05,0.009944999590516,0.0112079996615648,0.0064559997990727,0.0096779996529221,7405028,90028735.71645293,,,-2.772757102199974
2024-08-06,0.0096779996529221,0.0136949997395277,0.0096490001305937,0.0123849995434284,5193932,115210362.75373755,,,27.9706549657601
2024-08-07,0.0123849995434284,0.0170259997248649,0.0121839996427297,0.0144349997863173,5635115,134280308.6831101,,,16.552283556414427
2024-08-08,0.0144349997863173,0.0181440003216266,0.0139370001852512,0.0175320003181695,4880975,163089882.18951684,,,21.454801369569786
2024-08-09,0.0175320003181695,0.0175749994814395,0.0148210003972053,0.01587999984622,2986705,147722293.9247562,,,-9.422772313307748
2024-08-10,0.01587999984622,0.0160709992051124,0.0136590003967285,0.013770000077784,1912910,128094207.71616234,,,-13.287152322852524
2024-08-11,0.013770000077784,0.0162250008434057,0.0129190003499388,0.013876000419259,2616957,129080266.51661146,,,0.769791872739467
2024-08-12,0.013876000419259,0.0172969996929168,0.0137639995664358,0.0162550006061792,2853802,151210705.32407302,,,17.144711120203617
2024-08-13,0.0162540003657341,0.0189919993281364,0.0150560000911355,0.0187650006264448,6924405,174559758.4938106,,,15.441402194174291
2024-08-14,0.0187650006264448,0.023302000015974,0.0186010003089904,0.0210500005632638,8682293,195815768.28937647,,,12.176924383358866
2024-08-15,0.0210500005632638,0.0275079999119043,0.0205600000917911,0.0249739997088909,12308052,232318423.2493377,,,18.641325608680592
2024-08-16,0.0249739997088909,0.0304710008203983,0.0236939992755651,0.0263960007578134,11747539,245546462.2256888,,,5.693925944974931
2024-08-17,0.0263960007578134,0.0267019998282194,0.0211350005120039,0.0215939991176128,5342311,200876266.72252387,,,-18.192156017343553
2024-08-18,0.023209000006318,0.0236789993941783,0.0197379998862743,0.0216480009257793,4592722,201378613.7663332,,,0.25007784742592243
2024-08-19,0.0216480009257793,0.0221570003777742,0.0181939993053674,0.019140999764204,4765077,178057457.2143016,,,-11.580751359770424
2024-08-20,0.0190079994499683,0.0230579990893602,0.0189740005880594,0.0211929995566606,3707633,197146003.77666008,,,10.720442075831848
2024-08-21,0.0207449998706579,0.0226700007915496,0.0202900003641843,0.0206390004605054,3107502,191992476.1879452,,,-2.6140664735732955
2024-08-22,0.0206390004605054,0.0217969994992017,0.0173940006643533,0.0180699992924928,5026061,168094570.06016046,,,-12.447313875149213
2024-08-23,0.0180699992924928,0.0212280005216598,0.0166710000485181,0.0209740009158849,5552276,195108788.2920839,,,16.070845252321455
2024-08-24,0.0209740009158849,0.0230669993907213,0.0190379992127418,0.0212060008198022,4220343,197266946.87702528,,,1.1061308943759673
2024-08-25,0.0212060008198022,0.021518999710679,0.0167350005358457,0.0190249998122453,4142951,176978377.92183086,,,-10.284829403195527
2024-08-26,0.0190249998122453,0.0244379993528127,0.018928000703454,0.021501999348402,5935259,200020447.00716,,,13.019708597118607
2024-08-27,0.021501999348402,0.0222040005028247,0.0183979999274015,0.0187270008027553,3435423,174206268.4951643,,,-12.905769834156999
2024-08-28,0.0187270008027553,0.0207570008933544,0.0177660007029771,0.0185010004788637,3110519,172103920.47272664,,,-1.206815369273384
2024-08-29,0.0185010004788637,0.0197550002485513,0.0172710008919239,0.0187650006264448,3185699,174559758.4938106,,,1.4269506553589162
2024-08-30,0.0187650006264448,0.0188250001519918,0.0158869996666908,0.0166480001062154,3290916,154866548.41090116,,,-11.281643749299908
2024-08-31,0.0166490003466606,0.0202079992741346,0.0158500000834465,0.0175439994782209,4252299,163201503.3145244,,,5.382024064686219
2024-09-01,0.0175439994782209,0.0181060004979372,0.0153000000864267,0.01613499969244,2750791,150094407.4385386,,,-8.031234767933215
2024-09-02,0.01613499969244,0.0175860002636909,0.0155629999935626,0.0169469993561506,2651812,157647962.48583364,,,5.032535972659846
2024-09-03,0.0169469993561506,0.0185690000653266,0.0151180000975728,0.0151439998298883,3414202,140875718.87475374,,,-10.639048768287907
2024-09-04,0.0151439998298883,0.0166129991412162,0.0147829996421933,0.0150429997593164,3694604,139936174.65208837,,,-0.6669312711729325
2024-09-05,0.0150429997593164,0.0162640009075403,0.0143889999017119,0.0149659998714923,2308114,139219890.00652987,,,-0.5118652466667206
2024-09-06,0.0149659998714923,0.0159489996731281,0.0124260000884532,0.0133360000327229,3113768,124056960.68589012,,,-10.891352751340555
2024-09-07,0.0133360000327229,0.0153230000287294,0.012887000106275,0.0149280000478029,2672426,138866400.00788355,,,11.937612561290244
2024-09-08,0.0149280000478029,0.0153710003942251,0.0137029998004436,0.0153310000896453,2275686,142615272.2502792,,,2.6996251376735003
2024-09-09,0.0153310000896453,0.0183770004659891,0.0151589997112751,0.0180789995938539,3144956,168178294.567462,,,17.92446342795746
2024-09-10,0.0180789995938539,0.0181099995970726,0.0159970000386238,0.0171339996159076,3673229,159387515.8613591,,,-5.227059014192125
2024-09-11,0.0171339996159076,0.0172879993915557,0.0153559995815157,0.0171579997986555,3171970,159610775.43846595,,,0.14007344044537628
2024-09-12,0.0171789992600679,0.0189210008829832,0.0166599992662668,0.0188960004597902,3724839,175778372.85608664,,,10.129389681371181
2024-09-13,0.0188960004597902,0.0192740000784397,0.0175769999623298,0.0187049992382526,2214804,174001600.8874975,,,-1.010802375582276
2024-09-14,0.0187049992382526,0.0193600002676248,0.0174959991127252,0.0177459996193647,2081517,165080591.75985518,,,-5.126969569326167
2024-09-15,0.0177459996193647,0.018130000680685,0.0160990003496408,0.0166009999811649,2529072,154429333.9049533,,,-6.452156332463566
2024-09-16,0.0166009999811649,0.0166480001062154,0.0155060002580285,0.0160259995609521,2027391,149080443.3568376,,,-3.463649303446681
2024-09-17,0.0160259995609521,0.0168800000101327,0.0153099996969103,0.0154029997065663,2103646,143285042.31805396,,,-3.8874321193902883
2024-09-18,0.0154029997065663,0.0154339997097849,0.0138790002092719,0.0146150002256035,2692102,135954746.84786582,,,-5.115883243358599
2024-09-19,0.0157999992370605,0.0210909992456436,0.0157999992370605,0.0200459994375705,5737213,186476136.6252264,,,37.16044562525988
2024-09-20,0.0200459994375705,0.0238320007920265,0.0196150001138448,0.0207669995725154,4814215,193183176.60542348,,,3.596728300778018
2024-09-21,0.0204729996621608,0.0209369994699955,0.0185860004276037,0.020058000460267,2401280,186587775.0773257,,,-3.4140661956132634
2024-09-22,0.020058000460267,0.0201169997453689,0.0173550006002187,0.018665000796318,3543867,173629518.91941112,,,-6.944858071513171
2024-09-23,0.018665000796318,0.0214489996433258,0.0183550007641315,0.0196269992738962,2843457,182578424.6647595,,,5.154023233516125
2024-09-24,0.0196269992738962,0.0227439999580383,0.0193830002099275,0.0224830005317926,3573027,209146123.7424692,,,14.551390245858231
2024-09-25,0.0224830005317926,0.0228150002658367,0.0202339999377727,0.0206300001591444,3140120,191908751.68064365,,,-8.241784142770092
2024-09-26,0.0206300001591444,0.0222350005060434,0.0191350001841783,0.0213949996978044,5015626,199025092.2219908,,,3.708189688602137
2024-09-27,0.0213949996978044,0.0252560004591941,0.0204939991235733,0.0250160004943609,5691783,232709131.8410477,,,16.92451903576375
2024-09-28,0.0250160004943609,0.0271649993956089,0.0245370008051395,0.0267299991101026,4605858,248653452.3544697,,,6.851609297529682
2024-09-29,0.0267299991101026,0.0306770000606775,0.0259169992059469,0.0278140008449554,7962814,258737282.6089761,,,4.055375125108407
2024-09-30,0.0290890000760555,0.0291290003806352,0.0238729994744062,0.0241279993206262,3607053,224448579.4693684,,,-13.252324053904408
2024-10-01,0.0241279993206262,0.0284449998289346,0.0239410009235143,0.0249230004847049,6062735,231844007.47741792,,,3.294931973075288
2024-10-02,0.0249230004847049,0.0281620007008314,0.0241119991987943,0.0255880001932382,4478111,238030108.44436565,,,2.6682168904238024
2024-10-03,0.0255880001932382,0.0276120007038116,0.02335200086236,0.0246050003916025,5160744,228885839.7396164,,,-3.8416437166334916
2024-10-04,0.0248179994523525,0.038196001201868,0.0248019993305206,0.0348029993474483,15598060,323751822.97565573,,,41.446855490911936
2024-10-05,0.034800998866558,0.0418610014021396,0.0347970016300678,0.0369689986109733,11746034,343900839.53395313,,,6.223599414237868
2024-10-06,0.0369689986109733,0.0465059988200664,0.0340839996933937,0.0457310006022453,12710512,425408588.0262855,,,23.700944901091336
2024-10-07,0.045729000121355,0.0501159988343715,0.0444069989025592,0.0450059995055198,15515694,418664329.4530247,,,-1.5853602308669168
2024-10-08,0.0450059995055198,0.050145998597145,0.0422630012035369,0.049720000475645,14112782,462515906.5067977,,,10.474161271647908
2024-10-09,0.0495159998536109,0.0525519996881485,0.0393429994583129,0.0438000001013278,15738578,407445626.6706355,,,-11.906678032348516
2024-10-10,0.0441909991204738,0.0477330014109611,0.0376340001821517,0.0438459999859333,12562586,407873536.5283175,,,0.10502256734949977
2024-10-11,0.0438660010695457,0.0507210008800029,0.0413829982280731,0.0491570010781288,12180151,457278654.4107812,,,12.112852013637232
2024-10-12,0.0491570010781288,0.0515060015022754,0.0432819984853267,0.0455700010061264,12145997,423910903.52439874,,,-7.297027876662621
2024-10-13,0.0455700010061264,0.0503459982573986,0.0454300008714199,0.0498539991676807,9580941,463762417.4867797,,,9.400917417092813
2024-10-14,0.0498539991676807,0.0514900013804435,0.0453720018267631,0.0464820004999637,10919318,432394698.1460933,,,-6.763747590991653
2024-10-15,0.0464820004999637,0.0469379983842372,0.0401710011065006,0.0402910001575946,8352022,374803465.0780775,,,-13.319134881842999
2024-10-16,0.0409080013632774,0.0429829992353916,0.0398549996316432,0.0414509996771812,7416514,385594258.0027847,,,2.8790536721584825
2024-10-17,0.0414530001580715,0.0434199981391429,0.0408280007541179,0.0432309992611408,6685237,402152546.68502367,,,4.294225948281505
2024-10-18,0.04322399944067,0.0554840005934238,0.0423879995942115,0.0539180003106594,10551232,501567428.6434104,,,24.720689394577235
2024-10-19,0.0539180003106594,0.0553289987146854,0.0462419986724853,0.0509499981999397,7107123,473957851.5392019,,,-5.504659100150155
2024-10-20,0.0509499981999397,0.05613299831748,0.0491539984941482,0.0553289987146854,6400121,514693116.4888362,,,8.59470200089405
2024-10-21,0.0556170009076595,0.0630140006542205,0.0556120015680789,0.0571639984846115,12616427,531763039.53605866,,,3.316524449301217
2024-10-22,0.0571639984846115,0.0668770000338554,0.0561319999396801,0.0634260028600692,10733554,590014781.3413126,,,10.954454799279723
2024-10-23,0.0634389966726303,0.0663890019059181,0.0560019984841346,0.0602400004863739,9314054,560377276.0737022,,,-5.023180131222016
2024-10-24,0.0601699985563755,0.0644889995455741,0.0589150004088878,0.0643969997763633,6743045,599047394.2668707,,,6.900729177334086
2024-10-25,0.0644999966025352,0.0670090019702911,0.05944300070405,0.0600310005247592,8666021,558433072.4176017,,,-6.779817797049958
2024-10-26,0.0600310005247592,0.0640249997377395,0.0461850017309188,0.0509659983217716,12732792,474106691.25727314,,,-15.100534929863162
2024-10-27,0.0509659983217716,0.0591580010950565,0.0502999983727932,0.0543249994516372,9262998,505353502.15177786,,,6.59067072258388
2024-10-28,0.0543249994516372,0.0567339994013309,0.0511960014700889,0.0539029985666275,7668859,501427876.2465133,,,-0.7768078955718738
2024-10-29,0.0539029985666275,0.0575850009918212,0.0509099997580051,0.0545790009200573,10983763,507716328.34438616,,,1.2541089946864759
2024-10-30,0.0544559992849826,0.0562900006771087,0.0474429987370967,0.0504780001938343,8846962,469567131.8373752,,,-7.5138801683632845
2024-10-31,0.0504780001938343,0.0514889992773532,0.0465379990637302,0.0514889992773532,7018896,478971861.3852032,,,2.002850904625153
2024-11-01,0.0514889992773532,0.064859002828598,0.0514289997518062,0.0631870031356811,11789573,587791507.5456014,,,22.7194236099149
2024-11-02,0.0631870031356811,0.0700180009007453,0.0625260025262832,0.0664469972252845,11187348,618117314.2056056,,,5.159279484426937
2024-11-03,0.0664469972252845,0.0670830011367797,0.0604749992489814,0.0623660013079643,8131752,580154210.6639131,,,-6.1417311356957605
2024-11-04,0.0618500001728534,0.0688640028238296,0.0610239990055561,0.0614000000059604,6193339,571168068.9984093,,,-1.5489229415780015
2024-11-05,0.0614000000059604,0.0686120018362999,0.0613120011985302,0.0653470009565353,8397176,607884696.2143034,,,6.42834030975854
2024-11-06,0.0653270035982132,0.076613999903202,0.0652550011873245,0.0694949999451637,18208875,646471089.9001704,,,6.347650126112736
2024-11-07,0.068351000547409,0.0724000036716461,0.0676570013165474,0.0688150003552436,8788313,640145453.8634173,,,-0.9784870716694205
2024-11-08,0.0690129995346069,0.0702650025486946,0.0606000013649463,0.06266900151968,11494785,582972843.3319093,,,-8.931190589022918
2024-11-09,0.0631550028920173,0.0676129981875419,0.0620750002562999,0.0625019967555999,6050994,581419296.2862436,,,-0.26648703510561145
2024-11-10,0.0625019967555999,0.0640709996223449,0.0571109987795352,0.0600989982485771,7761924,559065615.2287668,,,-3.8446747812221016
2024-11-11,0.0600989982485771,0.0658930018544197,0.0507019981741905,0.0582269988954067,38355369,541651506.8311641,,,-3.114859494708322
2024-11-12,0.0560880005359649,0.0571999996900558,0.0493620000779628,0.0533020012080669,24215645,495837151.4789423,,,-8.458271559189557
2024-11-13,0.0544029995799064,0.0592020004987716,0.0435080006718635,0.0502929985523223,25155493,467846170.43128985,,,-5.6451964045380105
2024-11-14,0.0502929985523223,0.0537340007722377,0.0426499992609024,0.0466360002756118,20863466,433827267.4372103,,,-7.271386439418482
2024-11-15,0.0466249994933605,0.0517110005021095,0.045958999544382,0.0514330007135868,15173946,478450939.6990456,,,10.286045993707527
2024-11-16,0.0538839995861053,0.0545819997787475,0.0466779991984367,0.0466849990189075,12045583,434283073.9125983,,,-9.231430460609014
2024-11-17,0.0466849990189075,0.0498960018157959,0.0449160002171993,0.0449299998581409,10251077,417957349.4557321,,,-3.759235723783183
2024-11-18,0.0449299998581409,0.0495730005204677,0.0408030003309249,0.0422579981386661,12164150,393101289.80875015,,,-5.947032557113752
2024-11-19,0.0422579981386661,0.0440009981393814,0.03626099973917,0.0434460006654262,17043617,404152578.2307196,,,2.8113081051822864
2024-11-20,0.0434460006654262,0.0436850003898143,0.0320000015199184,0.0410859994590282,20728882,382198875.75903535,,,-5.432033260258306
2024-11-21,0.0410959981381893,0.0433520004153251,0.0367820002138614,0.0427169986069202,10435236,397371101.0643951,,,3.969720024745804
2024-11-22,0.0427169986069202,0.0427899993956089,0.0380569994449615,0.038146998733282,8209417,354859081.47326344,,,-10.698316882445614
2024-11-23,0.038146998733282,0.0399259999394416,0.0363520011305809,0.0374509990215301,6799800,348384605.7184391,,,-1.824520237144267
2024-11-24,0.0374509990215301,0.0394840016961097,0.0309549998492002,0.039071999490261,10193371,363463819.1953232,,,4.3283237058616475
2024-11-25,0.039071999490261,0.0400100015103817,0.03150400146842,0.0333469994366169,8543040,310207512.5937221,,,-14.652436855889873
2024-11-26,0.0333469994366169,0.0365829989314079,0.0319130010902881,0.0340740010142326,8538109,316970380.46351475,,,2.180110924215306
2024-11-27,0.0340740010142326,0.0439740009605884,0.0318650007247924,0.0411479994654655,8962035,382775625.3347885,,,20.760692142604874
2024-11-28,0.0411490015685558,0.044828999787569,0.0323109999299049,0.0442960001528263,18806001,412059623.2766609,,,7.650434354658842
2024-11-29,0.0442960001528263,0.0478900000452995,0.0369840003550052,0.0467300005257129,12197406,434701696.4491059,,,5.494853631228591
2024-11-30,0.0467110015451908,0.0575110018253326,0.039096999913454,0.0574779994785785,24903100,534684006.0078882,,,23.000211495721203
2024-12-01,0.0574779994785785,0.0580350011587142,0.0466939993202686,0.04704599827528,14701036,437641237.5632838,,,-18.149555130544183
2024-12-02,0.0464899986982345,0.0466619990766048,0.0375409983098506,0.039597000926733,14161399,368347598.619785,,,-15.833434556879244
2024-12-03,0.039597000926733,0.0415459983050823,0.0332890003919601,0.0403579995036125,15584729,375426720.56806856,,,1.9218591283910236
2024-12-04,0.0403579995036125,0.069302000105381,0.0390800014138221,0.0496440008282661,47966886,461808926.509505,,,23.009072399196604
2024-12-05,0.0496440008282661,0.059893000870943,0.047580998390913,0.0532829985022544,25810133,495660380.4889816,,,7.330186151951601
2024-12-06,0.0540330000221729,0.0596529990434646,0.0537590011954307,0.0580170005559921,12209831,539698015.8538895,,,8.884638978298876
2024-12-07,0.0580170005559921,0.0588780008256435,0.0557369999587535,0.0583340004086494,10050736,542646878.943425,,,0.5463913156823264
2024-12-08,0.0580050013959407,0.0620350018143653,0.0580039992928504,0.0613260008394718,10538846,570479698.2976485,,,5.129084941650541
2024-12-09,0.0617999993264675,0.0622400008141994,0.0513209998607635,0.0542679987847805,12425975,504823258.49026257,,,-11.508987962816086
2024-12-10,0.0542679987847805,0.0681060031056404,0.0485690012574195,0.0658309981226921,26944210,612387037.0411377,,,21.30721529601427
2024-12-11,0.0658309981226921,0.0773769989609718,0.0602210015058517,0.0682080015540123,36922214,634498901.2062509,,,3.610766203012883
2024-12-12,0.0682040005922317,0.0748099982738494,0.0636859983205795,0.0687299966812133,29891694,639354714.7046398,,,0.7652989609842731
2024-12-13,0.0687479972839355,0.080155998468399,0.0672480016946792,0.0683590024709701,42480366,635903573.8796618,,,-0.5397849965917523
2024-12-14,0.0708430036902427,0.071953997015953,0.0614180006086826,0.0647130012512207,17466403,601986970.0352322,,,-5.333607993033162
2024-12-15,0.0653439983725547,0.0699059963226318,0.0604339987039566,0.0682839974761009,17060110,635205846.5493599,,,5.518205238260099
2024-12-16,0.0702330023050308,0.0729750022292137,0.0644069984555244,0.0644569993019104,18292198,599605534.546092,,,-5.604531538344581
2024-12-17,0.0644569993019104,0.0648180022835731,0.0608979985117912,0.0615560002624988,17246180,572619247.5860581,,,-4.500673426982848
2024-12-18,0.0615560002624988,0.0628110021352768,0.0512129999697208,0.052216000854969,20451165,485734729.2549958,,,-15.173174617747097
2024-12-19,0.0521939992904663,0.0544180013239383,0.0426900014281272,0.0456029996275901,27316018,424217870.28171545,,,-12.664702618162272
2024-12-20,0.0456029996275901,0.0522079989314079,0.0373300015926361,0.052166000008583,30806320,485269600.80425024,,,14.391597997036666
2024-12-21,0.052166000008583,0.0556359998881816,0.0457599982619285,0.0486119985580444,22844517,452208816.6751844,,,-6.8128693976035155
2024-12-22,0.0486180000007152,0.0515850000083446,0.0466220006346702,0.0466420017182827,12218937,433883095.3268058,,,-4.052490945027609
2024-12-23,0.0466420017182827,0.0543119981884956,0.046238999813795,0.053176000714302,16900690,494665043.0309041,,,14.008830571819363
2024-12-24,0.053176000714302,0.0630759969353675,0.0526890009641647,0.0610430017113685,24500604,567847123.9407874,,,14.794269767170775
2024-12-25,0.0610430017113685,0.0619350001215934,0.0590839982032775,0.0612200014293193,9937655,569493648.1607454,,,0.2899590665408569
2024-12-26,0.0612320005893707,0.0620810016989707,0.0523179993033409,0.0566749982535839,12914978,527214158.140803,,,-7.42404944400854
2024-12-27,0.0566749982535839,0.0623969994485378,0.0552790015935897,0.0613109990954399,17391814,570340145.9007516,,,8.179975270776186
2024-12-28,0.0613100007176399,0.0710360035300254,0.0594509989023208,0.0710240006446838,20452511,660694483.6616906,,,15.842184424566529
2024-12-29,0.0710180029273033,0.0756060034036636,0.0638990029692649,0.0712540000677108,31463617,662834032.9501002,,,0.3238333815883232
2024-12-30,0.0712540000677108,0.0731310024857521,0.0641629993915557,0.0654869973659515,16887166,609187000.4296974,,,-8.0935844952972
2024-12-31,0.0654869973659515,0.072454996407032,0.0651250034570694,0.069811001420021,17011248,649410665.6685318,,,6.602843660561053
2025-01-01,0.069811999797821,0.0757469981908798,0.0685999989509582,0.0756670013070106,21805557,703885586.6324089,,,8.38836253294335
2025-01-02,0.0756689980626106,0.0872460007667541,0.0744139999151229,0.0838330015540123,39203522,779849081.6172247,,,10.79202308265006
2025-01-03,0.0838330015540123,0.09510999917984,0.08245799690485,0.0894839987158775,46801060,832416982.8638815,,,6.740778759095667
2025-01-04,0.0894839987158775,0.091448999941349,0.0842910036444664,0.0868249982595443,24341543,807681866.3172647,,,-2.9714814877415674
2025-01-05,0.0868249982595443,0.088076002895832,0.0817819982767105,0.0827130004763603,16432382,769430370.6606038,,,-4.735960685990559
2025-01-06,0.0827130004763603,0.093700997531414,0.0809269994497299,0.0899140015244484,26318327,836417045.9552735,,,8.706008736977422
2025-01-07,0.0899140015244484,0.0919419974088668,0.0815170034766197,0.0825959965586662,21221306,768341952.0656837,,,-8.138893655836643
2025-01-08,0.0825970023870468,0.0826980024576187,0.0691049993038177,0.0796369984745979,25582848,740816134.1229603,,,-3.5824957714101657
2025-01-09,0.0796369984745979,0.0798979997634887,0.0655779987573623,0.0691149979829788,20266556,642936155.259524,,,-13.212452369077344
2025-01-10,0.0691109970211982,0.0785809978842735,0.0686419978737831,0.0777769982814788,25941349,723513646.850365,,,12.532736093884012
2025-01-11,0.0777700021862983,0.0784069970250129,0.0734819993376731,0.0759499967098236,13350527,706518126.3350866,,,-2.349025562857532
2025-01-12,0.0759479999542236,0.0760139971971511,0.0694459974765777,0.0698850005865097,9470224,650099036.3692925,,,-7.985512029034004
2025-01-13,0.0698850005865097,0.0728090032935142,0.0570730008184909,0.0651170015335083,28006744,605745146.9258937,,,-6.822635777328445
2025-01-14,0.0651130005717277,0.0709609985351562,0.0623430013656616,0.0671890005469322,22939224,625019734.4722954,,,3.181963181086722
2025-01-15,0.0671890005469322,0.0690869987010955,0.0608960017561912,0.0640069991350174,28678669,595419447.7977487,,,-4.735896331263556
2025-01-16,0.0640079975128173,0.0643249973654747,0.0599230006337165,0.0616259984672069,19491691,573270399.6937553,,,-3.719906728931277
2025-01-17,0.0616139993071556,0.0765359997749328,0.0613909997045993,0.0733869969844818,37393752,682676048.0968974,,,19.084475399669643
2025-01-18,0.0733710005879402,0.0758870020508766,0.0617559999227523,0.0681670010089874,50170250,634117497.2628068,,,-7.112971221043695
2025-01-19,0.0681470036506652,0.0937319993972778,0.0636499971151351,0.0768179967999458,76021560,714592620.3956311,,,12.690885124633589
2025-01-20,0.0768240019679069,0.0932150036096572,0.071102999150753,0.0798420011997222,70596591,742723153.8401805,,,3.936583256201942
2025-01-21,0.0798489972949028,0.0838830024003982,0.0710619986057281,0.0743430033326149,39997661,691569212.5881089,,,-6.887349746346838
2025-01-22,0.0743430033326149,0.0768809989094734,0.0715269967913627,0.0715370029211044,26049886,665466641.9611449,,,-3.7743974358370846
2025-01-23,0.0715359970927238,0.0723190009593963,0.0666069984436035,0.0712080001831054,28661441,662406123.0924182,,,-0.4599056775719923
2025-01-24,0.0712099969387054,0.0747589990496635,0.0655269995331764,0.0657199993729591,23330340,611354480.9899966,,,-7.707000331471702
2025-01-25,0.0657199993729591,0.0667020007967948,0.0601769983768463,0.0633699968457222,23886946,589493790.3467879,,,-3.575779899054321
2025-01-26,0.0633699968457222,0.0670929998159408,0.0577169992029666,0.0577710010111331,19549739,537409626.8474087,,,-8.835404944425306
2025-01-27,0.0577710010111331,0.0609980002045631,0.0498070009052753,0.0609619989991188,38773954,567093603.3750734,,,5.5235289888273975
2025-01-28,0.0609619989991188,0.0637449994683265,0.05545299872756,0.0558280013501644,19934055,519335044.36675113,,,-8.421635991675092
2025-01-29,0.0558280013501644,0.0629919990897178,0.0541989989578723,0.0595979988574981,17703836,554405112.7085036,,,6.752879229344999
2025-01-30,0.0595999993383884,0.0676050037145614,0.0583570003509521,0.0660630017518997,22021102,614545230.2802626,,,10.84768451682374
2025-01-31,0.0660770013928413,0.069302000105381,0.0640069991350174,0.0682779997587204,32215163,635150053.3139479,,,3.3528570426441417
2025-02-01,0.0682850033044815,0.069422997534275,0.0482640005648136,0.0502920001745224,40809721,467836883.1101157,,,-26.34230593713438
2025-02-02,0.0502890013158321,0.0540720000863075,0.0397979989647865,0.043503999710083,38100856,404692109.2134091,,,-13.497177365950453
2025-02-03,0.043503999710083,0.0542909987270832,0.0357570014894008,0.0534740015864372,49776809,497437169.7846624,,,22.917437345521652
2025-02-04,0.0534740015864372,0.0535629987716674,0.0419650003314018,0.0440369993448257,18446002,409650291.1698149,,,-17.647832519803487
2025-02-05,0.044038999825716,0.0444660000503063,0.0375749990344047,0.0377109982073307,12799939,350803225.1464594,,,-14.36519570273197
2025-02-06,0.0377109982073307,0.0406819991767406,0.0341719985008239,0.0356540009379386,17307618,331668189.99695474,,,-5.454634900097222
2025-02-07,0.0356540009379386,0.0423180013895034,0.0351860001683235,0.0373030006885528,15691625,347007864.3169176,,,4.625006190706471
2025-02-08,0.0373039990663528,0.0392980016767978,0.0351120010018348,0.0389750003814697,13263423,362561493.5657215,,,4.482212320870982
2025-02-09,0.0389750003814697,0.0395440012216568,0.0317759998142719,0.034800998866558,15139389,323733213.67912394,,,-10.709432903293026
2025-02-10,0.034800998866558,0.0373880006372928,0.0331009998917579,0.0354439988732337,12663407,329714664.36549664,,,1.8476481354493313
2025-02-11,0.0354439988732337,0.0400540009140968,0.0335789993405342,0.0350079983472824,12483564,325658808.03869253,,,-1.2301109914563013
2025-02-12,0.0350149981677532,0.0350149981677532,0.0306739993393421,0.0326259993016719,14897913,303500472.613525,,,-6.804156644378423
2025-02-13,0.0326259993016719,0.0332110002636909,0.0297790002077817,0.0304840002208948,11018501,283574715.6323345,,,-6.565313328708777
2025-02-14,0.0304700005799531,0.0378459990024566,0.0299219992011785,0.0317769981920719,17692207,295602714.8887578,,,4.241562661749465
2025-02-15,0.0317710004746913,0.0318819992244243,0.0300510004162788,0.0308190006762743,8523365,286691027.73647314,,,-3.0147514564060174
2025-02-16,0.0308219995349645,0.0339919999241828,0.0307100005447864,0.0309069994837045,10771580,287509628.8587733,,,0.28553426619684075
2025-02-17,0.0309130009263753,0.0319189988076686,0.0287410002201795,0.0296129994094371,9497010,275472307.6269923,,,-4.186754120048608
2025-02-18,0.0296129994094371,0.0297149997204542,0.0209909994155168,0.0233640000224113,21808855,217341543.57628703,,,-21.102216971085884
2025-02-19,0.0233640000224113,0.0241609998047351,0.0219919998198747,0.0232759993523359,13589561,216522925.1268952,,,-0.3766507018960419
2025-02-20,0.0232759993523359,0.0283320005983114,0.0232139993458986,0.0263260006904602,19434547,244895292.7909,,,13.10363216614463
2025-02-21,0.0263260006904602,0.0329000018537044,0.0243260003626346,0.0259339995682239,16683129,241248737.025246,,,-1.4890264831541655
2025-02-22,0.0259339995682239,0.0284749995917081,0.0255440007895231,0.026945000514388,7547478,250653483.9001657,,,3.89836108196302
2025-02-23,0.0269430000334978,0.0271269995719194,0.0251400005072355,0.0253779999911785,5214044,236076600.13999924,,,-5.815552025589166
2025-02-24,0.0253769997507333,0.0261039994657039,0.0203690007328987,0.02080599963665,11051500,193545971.25233573,,,-18.015605469768094
2025-02-25,0.0208100005984306,0.0217409990727901,0.0185230001807212,0.0209040008485317,12475125,194457618.85729507,,,0.4710238084839169
2025-02-26,0.0209069997072219,0.021366000175476,0.0182649996131658,0.0191190000623464,10073016,177852806.93372655,,,-8.539039005591498
2025-02-27,0.0191229991614818,0.0210229996591806,0.0186620000749826,0.0193419996649026,8684811,179927241.01136643,,,1.1663769121241119
2025-02-28,0.0193390008062124,0.0242560002952814,0.0183559991419315,0.0220359992235898,19006010,204987933.6118317,,,13.928237024921719
2025-03-01,0.0220359992235898,0.0220359992235898,0.0191089995205402,0.0199510008096694,9064411,185592420.2921565,,,-9.461782934210595
2025-03-02,0.0199510008096694,0.0244910009205341,0.0189309995621442,0.0238959994167089,15601062,222290420.8844269,,,19.7734371557317
2025-03-03,0.0238959994167089,0.0239090006798505,0.0190450008958578,0.0190520007163286,10345765,177229551.4437355,,,-20.271170148226613
2025-03-04,0.0190529990941286,0.0193300005048513,0.0172109995037317,0.0186279993504285,9017227,173285316.241939,,,-2.225495223379381
2025-03-05,0.0186279993504285,0.0191840007901191,0.0178820006549358,0.0191440004855394,5563831,178085371.15909934,,,2.7700298105229892
2025-03-06,0.0191520005464553,0.0216140002012252,0.0188040006905794,0.0189750008285045,9273073,176513266.798177,,,-0.88278130353453
2025-03-07,0.0189750008285045,0.0192699991166591,0.0166730005294084,0.0167859997600317,9580330,156150277.98394692,,,-11.536237011302008
2025-03-08,0.0167859997600317,0.0170399993658065,0.0144490003585815,0.0145570002496242,10416441,135415207.20163044,,,-13.278920185110799
2025-03-09,0.0145570002496242,0.0153209995478391,0.010852999985218,0.010959000326693,17287102,101945131.17496043,,,-24.71663022073579
2025-03-10,0.0109700001776218,0.0118899997323751,0.0085580004379153,0.0091979997232556,16860572,85563578.82849878,,,-16.068989423680424
2025-03-11,0.0091979997232556,0.0139070004224777,0.0090300003066658,0.0132299996912479,24096320,123070901.885441,,,43.835617409272864
2025-03-12,0.0132339997217059,0.0171269997954368,0.0127969998866319,0.0133940000087022,35266298,124596500.33212548,,,1.2396093823251686
2025-03-13,0.0133940000087022,0.0137839997187256,0.011277999728918,0.0120890000835061,14334996,112456853.96005698,,,-9.743168018129234
2025-03-14,0.0120890000835061,0.0158300008624792,0.0118190003558993,0.0132919996976852,14494307,123647651.4611942,,,9.951192041270973
2025-03-15,0.0132919996976852,0.0158610008656978,0.0131639996543526,0.0158110000193119,12599793,147080429.13823333,,,18.951251722232463
2025-03-16,0.0158110000193119,0.0161920003592968,0.0137539999559521,0.0140060000121593,8844997,130289576.2306216,,,-11.416102744595113
2025-03-17,0.0140060000121593,0.0156440008431673,0.0140049997717142,0.0143879996612668,8446597,133843094.17716224,,,2.727400034098726
2025-03-18,0.0143839996308088,0.0143860001116991,0.0128840003162622,0.0139530003070831,5665284,129796551.16216998,,,-3.023348376597057
2025-03-19,0.0139530003070831,0.0163870006799697,0.0136200003325939,0.0163560006767511,10681114,152150249.5467384,,,17.22210504394628
2025-03-20,0.0163490008562803,0.0163579992949962,0.0145349996164441,0.0151279997080564,5312034,140726879.1566825,,,-7.507953765496078
2025-03-21,0.0151289999485015,0.016287000849843,0.015085999853909,0.0157159995287656,6329456,146196695.47807172,,,3.8868312536789684
2025-03-22,0.0157159995287656,0.0160789992660284,0.0150210000574588,0.0151530001312494,5042403,140959443.3820553,,,-3.582332746229211
2025-03-23,0.0151530001312494,0.0156629998236894,0.014135000295937,0.0149900000542402,5545100,139443149.58363673,,,-1.0756950808246235
2025-03-24,0.0149900000542402,0.0179140008985996,0.0147430002689361,0.016890000551939,14281880,157117736.15141007,,,12.675120018837816
2025-03-25,0.016890000551939,0.0209079999476671,0.0166170001029968,0.0201340001076459,17227626,187294755.07461825,,,19.206627884535422
2025-03-26,0.0201340001076459,0.0236409995704889,0.019990999251604,0.0212600007653236,21506657,197769276.59374285,,,5.592533285276469
2025-03-27,0.0212570000439882,0.0221839994192123,0.0193319991230964,0.020491000264883,12173837,190615717.459332,,,-3.617123578353243
2025-03-28,0.020491000264883,0.0210159998387098,0.0168760009109973,0.0178149994462728,10159408,165722456.54637805,,,-13.05939575432179
2025-03-29,0.0178149994462728,0.018257999792695,0.0148379998281598,0.015527999959886,7782484,144447846.11782622,,,-12.837494007698558
2025-03-30,0.0155250001698732,0.0180149991065263,0.0150699997320771,0.0175650008022785,10163837,163396866.27392527,,,13.118243480517489
2025-03-31,0.0175650008022785,0.0184920001775026,0.0155790001153945,0.0173380002379417,11236390,161285213.60322168,,,-1.2923458808345445
2025-04-01,0.0173380002379417,0.0200200006365776,0.0173250008374452,0.0184259992092847,10900308,171406227.79660824,,,6.275227571874575
2025-04-02,0.0184259992092847,0.0184300001710653,0.0143870003521442,0.0148639995604753,12116988,138271041.13559857,,,-19.33137849595987
2025-04-03,0.0148679995909333,0.0154200000688433,0.0135770002380013,0.0147810000926256,8407289,137498945.92753625,,,-0.5583925612484775
2025-04-04,0.0147810000926256,0.016364000737667,0.0143889999017119,0.0157789997756481,8668087,146782749.7020908,,,6.751909050595373
2025-04-05,0.0157789997756481,0.0157999992370605,0.0140610001981258,0.0146169997751712,5324238,135973347.48085177,,,-7.364218372511965
2025-04-06,0.0146169997751712,0.0147050004452466,0.0120559995993971,0.0122579997405409,8543450,114028958.3209793,,,-16.138743045186033
2025-04-07,0.0122579997405409,0.0144159998744726,0.0109999999403953,0.0132839996367692,11763189,123573231.60215856,,,8.370043383464987
2025-04-08,0.0132839996367692,0.0147940004244446,0.0125620001927018,0.0127480002120137,9368632,118587144.3645009,,,-4.034925018154089
2025-04-09,0.0127480002120137,0.016882000491023,0.012178000062704,0.0155920004472136,14541247,145043204.99011123,,,22.309383337785917
2025-04-10,0.0155920004472136,0.0156309995800256,0.0141709996387362,0.0146519998088479,6131154,136298932.19824618,,,-6.028736604697082
2025-04-11,0.0146519998088479,0.0173620004206895,0.0146209998056292,0.0162279997020959,9150546,150959531.80216837,,,10.756210167954672
2025-04-12,0.0162279997020959,0.0196170005947351,0.0160569995641708,0.019523000344634,10526039,181610983.8243881,,,20.30441645936525
2025-04-13,0.0195039995014667,0.0202029999345541,0.0159050002694129,0.01668700017035,10978997,155229343.05781338,,,-14.526456611283578
2025-04-14,0.0166890006512403,0.0193889997899532,0.0166820008307695,0.0176470000296831,9762260,164159656.83372164,,,5.75298046103494
2025-04-15,0.0176470000296831,0.018835999071598,0.0165110006928443,0.0165219996124506,7149416,153694439.96286297,,,-6.375023603673114
2025-04-16,0.0165219996124506,0.0168719999492168,0.0157009996473789,0.0159690007567405,6101002,148550217.022414,,,-3.347045567616236
2025-04-17,0.0159690007567405,0.0166159998625516,0.0151620004326105,0.0157450009137392,5457959,146466478.29650822,,,-1.402716716052188
2025-04-18,0.0157450009137392,0.0158670004457235,0.0149760004132986,0.015107000246644,3281996,140531533.52437338,,,-4.052084027117953
2025-04-19,0.015107000246644,0.016457999125123,0.0150929996743798,0.0160579998046159,4253184,149378122.7929801,,,6.295091960319299
2025-04-20,0.0160579998046159,0.0165289994329214,0.0155400000512599,0.0157069992274045,3680307,146112970.97077018,,,-2.1858300005116793
2025-04-21,0.0157069992274045,0.0170920006930828,0.0157069992274045,0.0158639997243881,5614582,147573454.20668495,,,0.9995575520859168
2025-04-22,0.0158709995448589,0.0202179998159408,0.0157469995319843,0.0197139997035264,11987671,183387738.46588543,,,24.268784959820742
2025-04-23,0.0197219997644424,0.0228649992495775,0.0189350005239248,0.0205889996141195,15766077,191527347.7371996,,,4.438469735984518
2025-04-24,0.0205889996141195,0.02369200065732,0.0188420005142688,0.0200229994952678,15258709,186262181.6963854,,,-2.749041378695971
2025-04-25,0.0200229994952678,0.0229010004550218,0.0196410007774829,0.021136999130249,15076974,196625064.7634107,,,5.563600175111039
2025-04-26,0.021136999130249,0.0244970005005598,0.0211319997906684,0.0229839999228715,11819075,213806626.2627324,,,8.73823564660734
2025-04-27,0.0229850001633167,0.0237160008400678,0.0219470001757144,0.0220609996467828,8413746,205220497.8372045,,,-4.015838318769827
2025-04-28,0.0220609996467828,0.0234019998461008,0.0208640005439519,0.022019000723958,11311074,204829806.57258624,,,-0.19037633605566429
2025-04-29,0.022019000723958,0.0222689993679523,0.0197950005531311,0.0202329996973276,7584326,188215690.00075185,,,-8.11118110681165
2025-04-30,0.0202329996973276,0.0207320004701614,0.0186999998986721,0.0193809997290372,8132779,180290035.65827864,,,-4.210942425916864
2025-05-01,0.0193930007517337,0.021951999515295,0.0190539993345737,0.0197659991681575,10004096,183871458.8860712,,,1.9864787395021732
2025-05-02,0.0197659991681575,0.0206829998642206,0.0192799996584653,0.0198110006749629,6365086,184290081.4225789,,,0.22767129767917726
2025-05-03,0.0198110006749629,0.0199609994888305,0.0182130001485347,0.0182130001485347,5107020,169424822.87453583,,,-8.066228216567328
2025-05-04,0.0182130001485347,0.0183019991964101,0.0169339999556541,0.0173119995743036,5092061,161043344.72958297,,,-4.947018980305606
2025-05-05,0.0173119995743036,0.0179719999432563,0.0167960003018379,0.017162999138236,5136934,159657281.3527038,,,-0.860677216563488
2025-05-06,0.017162999138236,0.017374999821186,0.0158489998430013,0.0168600007891654,5729189,156838666.0117994,,,-1.7654160944142738
2025-05-07,0.01685700006783,0.017434999346733,0.0164269991219043,0.0169239994138479,4768619,157434007.55699268,,,0.37958850348112083
2025-05-08,0.0169360004365444,0.0208579991012811,0.0169360004365444,0.0203959997743368,10340764,189731983.7991704,,,20.51524746359876
2025-05-09,0.0203970000147819,0.0275699999183416,0.0198870003223419,0.0244629997760057,23589798,227564891.5735069,,,19.940184578675012
2025-05-10,0.0245060008019208,0.0297570005059242,0.0235690008848905,0.0286449994891881,27624458,266467573.9920484,,,17.095203987551333
2025-05-11,0.0286240000277757,0.0297740008682012,0.0251310002058744,0.0271439999341964,16290395,252504658.4006988,,,-5.240005521934976
2025-05-12,0.0271439999341964,0.0327869988977909,0.0268610008060932,0.0287880003452301,27529510,267797826.8064237,,,6.0565886200234065
2025-05-13,0.0287880003452301,0.0307659991085529,0.026002999395132,0.0292099993675947,20705420,271723435.38459665,,,1.4658851511182736
2025-05-14,0.0292099993675947,0.0292140003293752,0.0252190008759498,0.0254859998822212,9984962,237081259.57343435,,,-12.749057055800117
2025-05-15,0.0254660006612539,0.0262819994240999,0.0229850001633167,0.0243439991027116,10310975,226457898.3362385,,,-4.480894549113801
2025-05-16,0.0243350006639957,0.0281009990721941,0.0241720005869865,0.0244590006768703,10511285,227527690.30753505,,,0.47240214589840956
2025-05-17,0.0244239997118711,0.0245009995996952,0.0225189998745918,0.0226910002529621,6855224,211081022.7503037,,,-7.228424608451467
2025-05-18,0.0226809997111558,0.026265000924468,0.0226659998297691,0.0259639993309974,9520676,241527807.16485664,,,14.42421683287427
2025-05-19,0.0259639993309974,0.0259780008345842,0.0222989991307258,0.0233890004456043,7757299,217574107.80165985,,,-9.91757414782749
2025-05-20,0.0233880002051591,0.0250359997153282,0.0230800006538629,0.0246639996767044,6859755,229434675.37057185,,,5.451277125182674
2025-05-21,0.024694999679923,0.0271499995142221,0.024269999936223,0.026002999395132,12046286,241890601.81176883,,,5.428964223074928
2025-05-22,0.026002999395132,0.0280549991875886,0.025467999279499,0.0261450000107288,13680613,243211549.9778783,,,0.5460932157825837
2025-05-23,0.0261450000107288,0.0277849994599819,0.0236479993909597,0.0237210001796484,11243744,220662505.9610008,,,-9.271370549189884
2025-05-24,0.0237210001796484,0.0251599997282028,0.0236510001122951,0.023972000926733,5772470,222997418.2088112,,,1.0581372841940606
2025-05-25,0.023972999304533,0.0244960002601146,0.0226370003074407,0.0244960002601146,5354598,227871875.6579154,,,2.1858806654610596
2025-05-26,0.0244960002601146,0.0248140003532171,0.0228339992463588,0.0233239997178316,4925643,216969444.2811089,,,-4.784456767790369
2025-05-27,0.0233239997178316,0.0241739992052316,0.0225799996405839,0.0229860004037618,5805635,213825235.5592642,,,-1.4491481656612848
2025-05-28,0.0229880008846521,0.0236990004777908,0.0213690008968114,0.0221289992332458,7589087,205853057.97546145,,,-3.7283614176555346
2025-05-29,0.0221340004354715,0.0298859998583793,0.0219080001115798,0.0279530007392168,35102174,260030316.8302878,,,26.31841342929433
2025-05-30,0.0279970001429319,0.0287170000374317,0.0207589995115995,0.0209379997104406,22996023,194773890.26287764,,,-25.095699364163327
2025-05-31,0.0209400001913309,0.0247729998081922,0.020304000005126,0.0227610003203153,15740301,211732192.18509248,,,8.706660784629161
2025-06-01,0.0227630008012056,0.0234149992465972,0.0220020003616809,0.0229880008846521,7396042,213843844.85579604,,,0.9973224425210869
2025-06-02,0.0229880008846521,0.0233950000256299,0.0210400000214576,0.0233670007437467,8988996,217369457.5210848,,,1.6486855946992618
2025-06-03,0.0233670007437467,0.024830000475049,0.0229979995638132,0.0232500005513429,10306319,216281073.58034816,,,-0.5007069314837409
2025-06-04,0.0232500005513429,0.0238460004329681,0.0219410005956888,0.0219759996980428,7334535,204429793.3326104,,,-5.479573432640272
2025-06-05,0.0219759996980428,0.0228369999676942,0.0193399991840124,0.0201660003513097,9711927,187592434.5107608,,,-8.236254876242555
2025-06-06,0.0201660003513097,0.0223430003970861,0.0200999993830919,0.0205969996750354,6767970,191601767.5962352,,,2.1372573451220234
2025-06-07,0.0205969996750354,0.0224920008331537,0.0204450003802776,0.0222960002720356,6842863,207406570.3669437,,,8.248777121939144
2025-06-08,0.0222960002720356,0.0233389995992183,0.0215399991720914,0.0225559994578361,6144813,209825189.794964,,,1.1661247875324188
2025-06-09,0.0225559994578361,0.0245430003851652,0.0215349998325109,0.0233810003846883,11044259,217499687.9426242,,,3.6575675947961184
2025-06-10,0.0233769994229078,0.0275389999151229,0.0231519993394613,0.0268140006810426,18398524,249434869.5378897,,,14.682863178953177
2025-06-11,0.0268140006810426,0.0321759991347789,0.0260630007833242,0.0269230008125305,29380195,250448833.6195907,,,0.40650454508626144
2025-06-12,0.0269230008125305,0.0291249994188547,0.02462700009346,0.0258389990776777,23635488,240365003.36508435,,,-4.026303540236443
2025-06-13,0.0258389990776777,0.0258399993181228,0.0216310005635023,0.0242410004138946,20024135,225499762.14413303,,,-6.1844449120461835
2025-06-14,0.0242250002920627,0.0242650005966424,0.0219790004193782,0.0226019993424415,7464926,210253099.65264583,,,-6.761276529303839
2025-06-15,0.0226019993424415,0.0239080004394054,0.0221769995987415,0.0231260005384683,7907423,215127574.42884183,,,2.3183842636560037
2025-06-16,0.0231260005384683,0.0247869994491338,0.0221110004931688,0.0221110004931688,11439522,205685626.2879501,,,-4.388999488308087
2025-06-17,0.0221100002527236,0.0222580004483461,0.0202159993350505,0.0204150006175041,12378590,189908737.4620393,,,-7.670389570063463
2025-06-18,0.0204150006175041,0.0220669992268085,0.019540000706911,0.0215659998357296,7818546,200615805.87944505,,,5.6380072662776115
2025-06-19,0.0215659998357296,0.0219909995794296,0.0197769999504089,0.02029599994421,5740794,188801744.2247709,,,-5.888898735014914
2025-06-20,0.02029599994421,0.0206640008836984,0.0178069993853569,0.0182600002735853,7093532,169862037.38048366,,,-10.031531711772235
2025-06-21,0.0182600002735853,0.0185090005397796,0.0163540001958608,0.0168290007859468,5854366,156550291.22392282,,,-7.8367988291246915
2025-06-22,0.0168290007859468,0.0173659995198249,0.0149649996310472,0.0161129999905824,9112393,149889757.15796357,,,-4.254565107408537
2025-06-23,0.0161129999905824,0.0189769994467496,0.0158779993653297,0.0189309995621442,10147901,176103948.90993518,,,17.48898140140782
2025-06-24,0.0189309995621442,0.0191140007227659,0.0176759995520114,0.0178180001676082,7313832,165750370.49117583,,,-5.87924261939996
2025-06-25,0.0178260002285242,0.0186490006744861,0.0172639992088079,0.0173160005360841,7005713,161080563.32264665,,,-2.8173735930068
2025-06-26,0.0173160005360841,0.0182099994271993,0.0171479992568492,0.0173099990934133,6221980,161024735.43305114,,,-0.034658365009243575
2025-06-27,0.0173099990934133,0.0178389996290206,0.0168740004301071,0.0173860006034374,4794798,161731732.75743544,,,0.43906131718411956
2025-06-28,0.0173860006034374,0.0188239999115467,0.0171830002218484,0.0177890006452798,6096940,165480604.99983108,,,2.317957137092952
2025-06-29,0.017790000885725,0.0187970008701086,0.0175609998404979,0.018673000857234,5431524,173703938.77844676,,,4.969364100780815
2025-06-30,0.018673000857234,0.0188400000333786,0.0171349998563528,0.0172070004045963,5484518,160066599.24094564,,,-7.8509097913406105
2025-07-01,0.0172070004045963,0.0172739997506141,0.0157169997692108,0.0158580001443624,6940144,147517643.64418116,,,-7.839833954287334
2025-07-02,0.0158580001443624,0.0175889991223812,0.0157120004296302,0.017017999663949,6626518,158308436.56888834,,,7.314916818177619
2025-07-03,0.017017999663949,0.0178050007671117,0.01651700027287,0.0166890006512403,6775329,155247952.35434523,,,-1.9332413867985454
2025-07-04,0.0166919995099306,0.0167689993977546,0.0153320003300905,0.0157140009105205,4992329,146178103.50863162,,,-5.842169708629852
2025-07-05,0.0157140009105205,0.0159699991345405,0.0153529997915029,0.015659000724554,3815770,145666469.14364815,,,-0.3500075269161962
2025-07-06,0.015659000724554,0.0165800005197525,0.0148799996823072,0.0165619999170303,6381354,154066539.25804108,,,5.766646342000348
2025-07-07,0.0165630001574754,0.0165630001574754,0.0152319995686411,0.0155349997803568,5942428,144512961.32859594,,,-6.200942771515539
2025-07-08,0.0155349997803568,0.0155370002612471,0.0145950000733137,0.0147930001839995,8407594,137610575.7160897,,,-4.776309023805203
2025-07-09,0.0147930001839995,0.0156089998781681,0.0146070001646876,0.015443000011146,7482921,143657141.61323208,,,4.393968897868028
2025-07-10,0.0154379997402429,0.0184550005942583,0.0152749996632337,0.0179500002413988,15547630,166978289.50171778,,,16.23389385769198
2025-07-11,0.0179670006036758,0.0214569997042417,0.0177049990743398,0.0195010006427764,20262586,181406333.54381305,,,8.640670643560577
2025-07-12,0.0195010006427764,0.0203779991716146,0.0181120000779628,0.0184480007737875,8428576,171610895.40427503,,,-5.399722241324856
2025-07-13,0.0184599999338388,0.0207679998129606,0.0181939993053674,0.0194920003414154,9303647,181322609.0365115,,,5.659147462262171
2025-07-14,0.0194930005818605,0.0214579999446868,0.0184940006583929,0.0189960002899169,13690384,176708612.4304861,,,-2.5446339155075326
2025-07-15,0.0190009996294975,0.0190670005977153,0.0177180003374815,0.0187459997832775,12068464,174383004.83094156,,,-1.3160691873230657
2025-07-16,0.0187459997832775,0.0203099995851516,0.0182850006967782,0.0197139997035264,11996197,183387738.46588543,,,5.16376790483275
2025-07-17,0.0197139997035264,0.0209769997745752,0.0189180001616477,0.0203610006719827,11718526,189406407.74532184,,,3.2819365840842885
2025-07-18,0.0203610006719827,0.0251509994268417,0.0202520005404949,0.0211379993706941,19122917,196634369.41167665,,,3.816112534098459
2025-07-19,0.0211389996111392,0.0216569993644952,0.0207129996269941,0.0212159994989633,7233150,197359958.70550105,,,0.3690043078406813
2025-07-20,0.0212200004607439,0.023081999272108,0.0209529995918273,0.021866999566555,9625637,203415829.25090936,,,3.068439305079673
2025-07-21,0.021866999566555,0.0238719992339611,0.0215830001980066,0.0230379998683929,10009075,214308955.97945,,,5.355102780670995
2025-07-22,0.0230379998683929,0.0236370004713535,0.0212660003453493,0.0229950007051229,11342866,213908960.0665657,,,-0.18664451565082452
2025-07-23,0.0229950007051229,0.0231180004775524,0.0200229994952678,0.0203920006752014,9610263,189694782.5331984,,,-11.319851924777701
2025-07-24,0.0203920006752014,0.0223960001021623,0.0194189995527267,0.0206879992038011,11846950,192448282.66333312,,,1.4515423636664693
2025-07-25,0.0206799991428852,0.0207000002264976,0.0191680006682872,0.020388999953866,7518369,189666868.58840063,,,-1.4452787192691052
2025-07-26,0.02038099989295,0.0207349993288517,0.0196640007197856,0.0201069992035627,4611762,187043581.5527136,,,-1.3831024127783809
2025-07-27,0.0201069992035627,0.0209260005503892,0.0195429995656013,0.0207490008324384,5988290,193015744.91791213,,,3.1929261168018863
2025-07-28,0.0207509994506835,0.0217359997332096,0.0190549995750188,0.0191019997000694,8070410,177694662.56738937,,,-7.937737077894013
2025-07-29,0.0191040001809597,0.0196109991520643,0.017552999779582,0.0178379993885755,8047759,165936411.475219,,,-6.617109890800121
2025-07-30,0.0178379993885755,0.0178549997508525,0.016542000696063,0.0174320004880428,7255700,162159642.61511737,,,-2.2760338291788695
2025-07-31,0.0174330007284879,0.0182249993085861,0.016067000105977,0.0161509998142719,5107527,150243247.15660986,,,-7.348558042145436
2025-08-01,0.0161400008946657,0.016482999548316,0.0151279997080564,0.0154919996857643,5920966,144112956.7521659,,,-4.080243552013851
2025-08-02,0.0154919996857643,0.0158019997179508,0.0144710000604391,0.0150650003924965,4469980,140140833.59620926,,,-2.7562567901429302
2025-08-03,0.0150650003924965,0.0161310005933046,0.0149229997768998,0.0160569995641708,3592537,149368818.14471418,,,6.584793533549371
2025-08-04,0.0160569995641708,0.0166129991412162,0.0158939994871616,0.0163710005581378,5906471,152289784.6165437,,,1.955539655538474
2025-08-05,0.0163710005581378,0.016406999900937,0.0140310004353523,0.0145709998905658,7739823,135545437.62316987,,,-10.995055929414432
2025-08-06,0.014572000131011,0.015336999669671,0.0141970003023743,0.0149429999291896,4815098,139005935.0776889,,,2.5530165494315638
2025-08-07,0.0149429999291896,0.0163889992982149,0.0147460000589489,0.0163150001317262,4776364,151768845.60329434,,,9.18155798058018
2025-08-08,0.0163150001317262,0.0163310002535581,0.015531999990344,0.0157459992915391,4742097,146475765.6176824,,,-3.4875932307264934
2025-08-09,0.0157479997724294,0.0176449995487928,0.0156089998781681,0.0168600007891654,5189595,156838666.0117994,,,7.074822480303911
2025-08-10,0.0168529991060495,0.0174020007252693,0.0156890004873275,0.016440000385046,5225844,152931649.4030666,,,-2.491105483158118
2025-08-11,0.016440000385046,0.0167679991573095,0.0147139998152852,0.0149309998378157,5150060,138894305.28913546,,,-9.178835230459615
2025-08-12,0.0149309998378157,0.016610000282526,0.0145549997687339,0.0161000005900859,5318467,149768831.38469008,,,7.829353459032751
2025-08-13,0.0161000005900859,0.0169339999556541,0.0160499997437,0.0163930002599954,4788940,152494434.89711878,,,1.819873659445248
2025-08-14,0.0162150003015995,0.0163850001990795,0.0137759996578097,0.0141120003536343,9478065,131275635.03107072,,,-13.914474898945317
2025-08-15,0.0141120003536343,0.0145370000973343,0.0137109998613595,0.0140620004385709,4063717,130810515.243871,,,-0.35430777926903634
2025-08-16,0.0140620004385709,0.0143640004098415,0.0139819998294115,0.0143109997734427,2731692,133126809.53160372,,,1.7707248407475173
2025-08-17,0.0143109997734427,0.0146169997751712,0.0141669996082782,0.0142609998583793,2670504,132661689.744404,,,-0.3493810066029557
2025-08-18,0.0142609998583793,0.0142620000988245,0.013167000375688,0.0137080000713467,3525088,127517458.14040916,,,-3.8777069807463316
2025-08-19,0.0137080000713467,0.0137999998405575,0.0125759998336434,0.0125789996236562,3748427,117015031.3400327,,,-8.236069753533236
2025-08-20,0.0125789996236562,0.013039999641478,0.0124310003593564,0.0128809995949268,3794071,119824359.35976292,,,2.4008266182205418
2025-08-21,0.0128809995949268,0.0129990000277757,0.0116189997643232,0.0118509996682405,4208184,110242876.14906588,,,-7.996273263543663
2025-08-22,0.0118509996682405,0.0136879999190568,0.011731999926269,0.0134680001065135,6313373,125284879.69643211,,,13.644422272716783
2025-08-23,0.0134680001065135,0.0134819997474551,0.0129150003194808,0.0129779996350407,2884956,120726693.65291052,,,-3.638257110169041
2025-08-24,0.0129730002954602,0.0133649995550513,0.0124080004170537,0.0127720003947615,4019136,118810403.9416078,,,-1.5872957780257546
2025-08-25,0.0127720003947615,0.0129110002890229,0.0114869996905326,0.0117800002917647,3702290,109582410.72955702,,,-7.7669908576237905
2025-08-26,0.0117800002917647,0.012703999876976,0.0115080000832676,0.0123680001124739,3447059,115052227.05094624,,,4.991509390031745
2025-08-27,0.0123680001124739,0.0127199999988079,0.0120620001107454,0.0121039999648928,4215133,112596389.0298623,,,-2.134541924161526
2025-08-28,0.0121039999648928,0.0125820003449916,0.0119319995865225,0.0120090004056692,3261835,111712664.03324658,,,-0.7848608683009184
2025-08-29,0.0120090004056692,0.0123490002006292,0.0108719998970627,0.0111260004341602,4296857,103498634.9028968,,,-7.352818233665436
2025-08-30,0.011129000224173,0.0113970004022121,0.0110039999708533,0.0111699998378753,2539992,103907935.46404688,,,0.3954646952916585
2025-08-31,0.0111699998378753,0.0114439995959401,0.0108000002801418,0.0108040003105998,2775933,100503257.2355775,,,-3.27662965611214
2025-09-01,0.0108040003105998,0.0110510000959038,0.0098139997571706,0.0103869996964931,4181603,96624145.90809658,,,-3.8596871725149917
2025-09-02,0.0103909997269511,0.0111809996888041,0.0103500001132488,0.0111210001632571,3992726,103452120.32511307,,,7.0665301647386825
2025-09-03,0.0111260004341602,0.0113409999758005,0.0107199996709823,0.0107739996165037,3337424,100224178.43242095,,,-3.120227872128456
2025-09-04,0.0107739996165037,0.0109369996935129,0.0099139995872974,0.0101640000939369,3731610,94549711.8304567,,,-5.6617741254826
2025-09-05,0.0101640000939369,0.0109240002930164,0.0101260002702474,0.0108129996806383,3392298,100586973.0793332,,,6.385277259969202
2025-09-06,0.0108049996197223,0.0109160002321004,0.010317999869585,0.0104959998279809,3290019,97638109.98979762,,,-2.9316550635344774
2025-09-07,0.0104940002784132,0.0122929997742176,0.0104769999161362,0.0117750000208616,6802899,109535896.15177327,,,12.18559654956415
2025-09-08,0.0117750000208616,0.0136529998853802,0.0113120004534721,0.0129680000245571,8768973,120633673.16088893,,,10.13163483296713
2025-09-09,0.0129699995741248,0.0134020000696182,0.0122429998591542,0.0125529998913407,4735902,116773171.12993984,,,-3.200186092153978
2025-09-10,0.0125529998913407,0.0129680000245571,0.0120620001107454,0.0127640003338456,4370114,118735984.08257218,,,1.6808766377067519
2025-09-11,0.0127640003338456,0.0130869997665286,0.0125310001894831,0.0130420001223683,3333166,121322052.52519552,,,2.177998912970436
2025-09-12,0.0130420001223683,0.0132529996335506,0.0126759996637701,0.0131339998915791,4208674,122177872.24055935,,,0.7054115039687225
2025-09-13,0.0131339998915791,0.0143029997125267,0.0131240002810955,0.0136240003630518,4996832,126736058.28408097,,,3.7307787080679278
2025-09-14,0.0136240003630518,0.0136879999190568,0.0126310000196099,0.0128389997407794,3789933,119433659.43159884,,,-5.76189519490411
2025-09-15,0.0128389997407794,0.0128549998626112,0.0115689998492598,0.0116950003430247,4588243,108791706.22496288,,,-8.910346762615118
2025-09-16,0.0116950003430247,0.0121339997276663,0.0115299997851252,0.0120550002902746,3838127,112140573.89092848,,,3.0782380221529015
2025-09-17,0.0120550002902746,0.0127879995852708,0.0119570000097155,0.0127379996702075,3957712,118494115.20893344,,,5.665693600056665
2025-09-18,0.0127379996702075,0.0132120000198483,0.0121870003640651,0.0126219997182488,3674264,117415035.91646272,,,-0.9106606607158896
2025-09-19,0.0126219997182488,0.0127379996702075,0.011757000349462,0.0118429996073246,2948466,110168456.29003024,,,-6.171764603971008
2025-09-20,0.0118429996073246,0.0120369996875524,0.0113490000367164,0.0114590004086494,3540227,106596337.71050364,,,-3.2424150249714345
2025-09-21,0.0114590004086494,0.0116820000112056,0.0111689995974302,0.0113000003620982,2900242,105117253.84160288,,,-1.3875559898853362
2025-09-22,0.0113000003620982,0.0113150002434849,0.0103649999946355,0.0105450004339218,3980877,98093933.79227728,,,-6.6814150794966
2025-09-23,0.0105499997735023,0.010882000438869,0.0100290002301335,0.0103160003200173,3394255,95963680.48858777,,,-2.171646320353282
2025-09-24,0.0103160003200173,0.0133769996464252,0.0101110003888607,0.0122410003095865,14681758,113870822.618188,,,18.660332782598953
2025-09-25,0.0122560001909732,0.0127490004524588,0.010857000015676,0.0110149998217821,8694556,102466061.52466395,,,-10.015525339414156
2025-09-26,0.0110379997640848,0.0121670002117753,0.0110250003635883,0.0121269999071955,4710223,112810343.95870323,,,10.095325496187723
2025-09-27,0.0121240001171827,0.0121240001171827,0.0114970002323389,0.011553999967873,2932719,107480062.70711936,,,-4.724993351261708
2025-09-28,0.011553999967873,0.011838000267744,0.0110069997608661,0.0118110002949833,3175751,109870785.5174336,,,2.2243407289675776
2025-09-29,0.0118049997836351,0.0123829999938607,0.011739999987185,0.0120630003511905,4563398,112214993.74996412,,,2.133604689809676
2025-09-30,0.0120630003511905,0.0120789995416998,0.011532999575138,0.0116600003093481,3273412,108466121.5075685,,,-3.3407944135774414
2025-10-01,0.0116600003093481,0.0122980000451207,0.0114489998668432,0.0121489996090531,3411319,113014994.23927829,,,4.193818925656112
2025-10-02,0.0121489996090531,0.0127020003274083,0.0120639996603131,0.0121600003913044,5208001,113117328.0431117,,,0.09054887320187888
2025-10-03,0.0121600003913044,0.0121929999440908,0.0117159998044371,0.0120900003239512,4185748,112466158.60832287,,,-0.5756584301038092
2025-10-04,0.0120900003239512,0.0121440002694725,0.0114350002259016,0.0116020003333687,3433641,107926581.86133312,,,-4.03639352776306
2025-10-05,0.0116020003333687,0.0118479998782277,0.0114430002868175,0.0116400001570582,3506193,108280071.85997942,,,0.3275282071851793
2025-10-06,0.011646999977529,0.0120890000835061,0.0115729998797178,0.0116670001298189,2942919,108531236.7183382,,,0.2319585257421819
2025-10-07,0.0116670001298189,0.011714999563992,0.0110339997336268,0.0110349999740719,3540834,102652111.172253,,,-5.416989360715907
2025-10-08,0.0110349999740719,0.0113730002194643,0.0110210003331303,0.0113019999116659,2634377,105135854.47458886,,,2.4195735226221204
2025-10-09,0.0113019999116659,0.0113019999116659,0.0106410002335906,0.0109050003811717,2871307,101442801.4582429,,,-3.5126485011242936
2025-10-10,0.0109050003811717,0.0109430002048611,0.0062029999680817,0.0081690000370144,8411842,75991400.26606765,,,-25.089410807185388
2025-10-11,0.0081759998574852,0.0083320001140236,0.0072079999372363,0.0074370000511407,6775832,69182035.145583,,,-8.960704891136595
2025-10-12,0.0074350000359117,0.0087999999523162,0.007244000211358,0.0085829999297857,4190643,79842597.64875078,,,15.409437552299398
2025-10-13,0.0085829999297857,0.0093099996447563,0.0083440002053976,0.0092489998787641,4019134,86038003.26396444,,,7.759524110761906
2025-10-14,0.0092489998787641,0.0092759998515248,0.0080009996891021,0.0083769997581839,3572616,77926299.27390221,,,-9.428047702566534
2025-10-15,0.0083769997581839,0.0085420003160834,0.0078630000352859,0.0079269995912909,2849709,73740212.52555874,,,-5.371853645493696
2025-10-16,0.0079269995912909,0.0082280002534389,0.0073899999260902,0.0074000000022351,3108035,68837845.4634297,,,-6.64815965973804
2025-10-17,0.0074000000022351,0.0075830002315342,0.0062489998526871,0.0063720000907778,5007209,59274967.217491545,,,-13.891890691172993
2025-10-18,0.0063720000907778,0.0069800000637769,0.0063649998046457,0.0068879998289048,3423775,64075009.13933307,,,8.0979242117998
2025-10-19,0.0068879998289048,0.0071829999797046,0.0065979999490082,0.0070380000397562,2728666,65470372.8327052,,,2.1777034636664583
2025-10-20,0.0070340000092983,0.0073500000871717,0.0067199999466538,0.0067460001446306,2688334,62754069.636769496,,,-4.148904425634459
2025-10-21,0.0067449999041855,0.0069519998505711,0.0063590002246201,0.0063669998198747,3076270,59228452.63970782,,,-5.618148778985144
2025-10-22,0.0063649998046457,0.0064429999329149,0.005632999818772,0.0059919999912381,3909348,55740049.903936885,,,-5.889741467653753
2025-10-23,0.0059919999912381,0.0063860001973807,0.005901999771595,0.0063550001941621,2895823,59116827.18292731,,,6.05808083202275
2025-10-24,0.0063539999537169,0.0066120000556111,0.0061820000410079,0.0064799999818205,3025746,60279626.65092664,,,1.9669517519956825
2025-10-25,0.0064799999818205,0.0068479999899864,0.0063550001941621,0.0068359998986124,2655375,63591284.38737442,,,5.493825891831028
2025-10-26,0.0068359998986124,0.0069010001607239,0.0065310001373291,0.0068230000324547,3450481,63470354.282328,,,-0.19016773479384463
2025-10-27,0.0068230000324547,0.0071020000614225,0.0066519998945295,0.0067400000989437,2820012,62698254.74249277,,,-1.2164727116546592
2025-10-28,0.0067400000989437,0.0069530000910162,0.0063209999352693,0.0064650001004338,3011526,60140091.58112131,,,-4.0801186123572535
2025-10-29,0.0064650001004338,0.006618000101298,0.0063220001757144,0.0064389999024569,2775017,59898227.03925552,,,-0.40216856261388045
2025-10-30,0.0064340000972151,0.0066889999434351,0.00572199979797,0.0059639997780323,3654838,55479580.397312194,,,-7.3769239263904325
2025-10-31,0.0059650000184774,0.0063249999657273,0.0058740000240504,0.0062099997885525,3022058,57767974.23696877,0.0,0.0,4.124748820855295
2025-11-01,0.0062079997733235,0.0063240001909434,0.0060800001956522,0.0062380000017583,2674336,58028450.634676166,0.0,0.0,0.4508891168952145
2025-11-02,0.0062420000322163,0.0071789999492466,0.0062179998494684,0.0070279999636113,4682471,65377356.33760381,0.0,0.0,12.664314870636794
2025-11-03,0.0070179998874664,0.0071530002169311,0.0051600001752376,0.0053090001456439,4750763,49386510.54571183,0.0,0.0,-24.459303171141467
2025-11-04,0.0053090001456439,0.0055889999493956,0.0047320001758635,0.0049000000581145,4652265,45581822.92434452,0.0,0.0,-7.703900476721392
2025-11-05,0.0048989998176693,0.0052669998258352,0.0047109997831285,0.0050980001688003,3376785,47423701.67480207,0.0,0.0,4.040818537499979
2025-11-06,0.0050980001688003,0.0055760000832378,0.0048730000853538,0.004953000228852,3724431,46074852.38737815,0.0,0.0,-2.8442513759748045
2025-11-07,0.004953000228852,0.0053090001456439,0.0047419997863471,0.0052539999596774,4231085,48874876.115549125,0.0,0.0,6.077119259394115
2025-11-08,0.0052559999749064,0.00529700005427,0.0049419999122619,0.005036000162363,2594624,46846952.795784034,0.0,0.0,-4.149215816282281
2025-11-09,0.005036000162363,0.0053420001640915,0.0048219999298453,0.005123000126332,3256241,47656262.38154422,0.0,0.0,1.727560785625104
2025-11-10,0.0051239999011158,0.005460999906063,0.0050989999435842,0.0053159999661147,2999839,49451626.577809885,0.0,0.0,3.7673206133782555
2025-11-11,0.0053159999661147,0.0055769998580217,0.005020999815315,0.0050240000709891,3747512,46735322.9911743,0.0,0.0,-5.492849830452751
2025-11-12,0.0050229998305439,0.0052829999476671,0.0049959998577833,0.0051339999772608,2995187,47758587.536549695,0.0,0.0,2.189488549311358
2025-11-13,0.0051310001872479,0.0055680000223219,0.0047010001726448,0.0048770001158118,3607679,45367868.71413903,0.0,0.0,-5.005840720438037
2025-11-14,0.0048770001158118,0.0048879999667406,0.004127999767661,0.0041930000297725,4924749,39005017.50089368,0.0,0.0,-14.025016809445868
2025-11-15,0.0041860002093017,0.0043779998086392,0.0041160001419484,0.0041880002245306,2578680,38958507.24819307,0.0,0.0,-0.11924171730024469
2025-11-16,0.0041880002245306,0.0042139999568462,0.003654999891296,0.0038010000716894,3463693,35358472.0401707,0.0,0.0,-9.240690833166687
2025-11-17,0.0038007996045053,0.0039951535873115,0.003759391605854,0.0039658760651946,3594773,36892216.60646715,0.0,0.0,4.337700352421159
2025-11-18,0.0035250000655651093,0.004385999869555235,0.0033710000570863485,0.004191999789327383,5396977,38995712.85128943,0.0,0.0,5.701734507472245
