asset,ema_length,total_return,sharpe_ratio,sortino_ratio,omega_ratio,calmar_ratio,max_drawdown,win_rate,profit_factor,volatility,num_trades
bonk,5,0.12910678690092214,2.2550366053033875,5.0,1.601179172282071,9.160391512110941,0.2307691779314547,0.625,1.601179172282071,0.9374286935336525,8
doge,5,0.036630714040575496,1.049532602588811,1.3618233161316737,1.2016106351584428,5.299395886102937,0.14020593267440062,0.5555555555555556,1.2016106351584428,0.7079406023111808,18
shib,5,-0.12000796772683708,-2.270445729767489,-1.6342054237708556,0.4789448401143582,-7.777812853412442,0.20000720370134864,0.4,0.4789448401143582,0.6851600015485669,5
pepe,5,-0.0004582698241671901,0.38888898922730925,0.23047864153368047,1.1491389750055323,2.3108820011071325,0.1428571242960267,0.5,1.1491389750055323,0.8488950996569636,4
bonk,6,0.12910678690092214,2.2550366053033875,5.0,1.601179172282071,9.160391512110941,0.2307691779314547,0.625,1.601179172282071,0.9374286935336525,8
doge,6,0.036630714040575496,1.049532602588811,1.3618233161316737,1.2016106351584428,5.299395886102937,0.14020593267440062,0.5555555555555556,1.2016106351584428,0.7079406023111808,18
shib,6,-0.12000796772683708,-2.270445729767489,-1.6342054237708556,0.4789448401143582,-7.777812853412442,0.20000720370134864,0.4,0.4789448401143582,0.6851600015485669,5
pepe,6,-0.0004582698241671901,0.38888898922730925,0.23047864153368047,1.1491389750055323,2.3108820011071325,0.1428571242960267,0.5,1.1491389750055323,0.8488950996569636,4
bonk,7,0.12910678690092214,2.2550366053033875,5.0,1.601179172282071,9.160391512110941,0.2307691779314547,0.625,1.601179172282071,0.9374286935336525,8
doge,7,0.036630714040575496,1.049532602588811,1.3618233161316737,1.2016106351584428,5.299395886102937,0.14020593267440062,0.5555555555555556,1.2016106351584428,0.7079406023111808,18
shib,7,-0.12000796772683708,-2.270445729767489,-1.6342054237708556,0.4789448401143582,-7.777812853412442,0.20000720370134864,0.4,0.4789448401143582,0.6851600015485669,5
pepe,7,-0.0004582698241671901,0.38888898922730925,0.23047864153368047,1.1491389750055323,2.3108820011071325,0.1428571242960267,0.5,1.1491389750055323,0.8488950996569636,4
bonk,8,0.12910678690092214,2.2550366053033875,5.0,1.601179172282071,9.160391512110941,0.2307691779314547,0.625,1.601179172282071,0.9374286935336525,8
doge,8,0.036630714040575496,1.049532602588811,1.3618233161316737,1.2016106351584428,5.299395886102937,0.14020593267440062,0.5555555555555556,1.2016106351584428,0.7079406023111808,18
shib,8,-0.12000796772683708,-2.270445729767489,-1.6342054237708556,0.4789448401143582,-7.777812853412442,0.20000720370134864,0.4,0.4789448401143582,0.6851600015485669,5
pepe,8,-0.0004582698241671901,0.38888898922730925,0.23047864153368047,1.1491389750055323,2.3108820011071325,0.1428571242960267,0.5,1.1491389750055323,0.8488950996569636,4
bonk,9,0.12910678690092214,2.2550366053033875,5.0,1.601179172282071,9.160391512110941,0.2307691779314547,0.625,1.601179172282071,0.9374286935336525,8
doge,9,0.036630714040575496,1.049532602588811,1.3618233161316737,1.2016106351584428,5.299395886102937,0.14020593267440062,0.5555555555555556,1.2016106351584428,0.7079406023111808,18
shib,9,-0.12000796772683708,-2.270445729767489,-1.6342054237708556,0.4789448401143582,-7.777812853412442,0.20000720370134864,0.4,0.4789448401143582,0.6851600015485669,5
pepe,9,-0.0004582698241671901,0.38888898922730925,0.23047864153368047,1.1491389750055323,2.3108820011071325,0.1428571242960267,0.5,1.1491389750055323,0.8488950996569636,4
bonk,10,0.12910678690092214,2.2550366053033875,5.0,1.601179172282071,9.160391512110941,0.2307691779314547,0.625,1.601179172282071,0.9374286935336525,8
doge,10,0.0010316061612829497,0.3578177663776399,0.49110888701806327,1.0645889758514677,1.4954786667369413,0.169732263837594,0.5,1.0645889758514677,0.709386183351766,18
shib,10,-0.12000796772683708,-2.270445729767489,-1.6342054237708556,0.4789448401143582,-7.777812853412442,0.20000720370134864,0.4,0.4789448401143582,0.6851600015485669,5
pepe,10,-0.0004582698241671901,0.38888898922730925,0.23047864153368047,1.1491389750055323,2.3108820011071325,0.1428571242960267,0.5,1.1491389750055323,0.8488950996569636,4
bonk,11,0.317291137282564,4.710048596999249,5.0,2.7495253224144114,25.606688625779498,0.16666664829303898,0.75,2.7495253224144114,0.9061012597324659,8
doge,11,0.0010316061612829497,0.3578177663776399,0.49110888701806327,1.0645889758514677,1.4954786667369413,0.169732263837594,0.5,1.0645889758514677,0.709386183351766,18
shib,11,-0.12000796772683708,-2.270445729767489,-1.6342054237708556,0.4789448401143582,-7.777812853412442,0.20000720370134864,0.4,0.4789448401143582,0.6851600015485669,5
pepe,11,-0.0004582698241671901,0.38888898922730925,0.23047864153368047,1.1491389750055323,2.3108820011071325,0.1428571242960267,0.5,1.1491389750055323,0.8488950996569636,4
bonk,12,0.317291137282564,4.710048596999249,5.0,2.7495253224144114,25.606688625779498,0.16666664829303898,0.75,2.7495253224144114,0.9061012597324659,8
doge,12,0.0010316061612829497,0.3578177663776399,0.49110888701806327,1.0645889758514677,1.4954786667369413,0.169732263837594,0.5,1.0645889758514677,0.709386183351766,18
shib,12,-0.12000796772683708,-2.270445729767489,-1.6342054237708556,0.4789448401143582,-7.777812853412442,0.20000720370134864,0.4,0.4789448401143582,0.6851600015485669,5
pepe,12,-0.0004582698241671901,0.38888898922730925,0.23047864153368047,1.1491389750055323,2.3108820011071325,0.1428571242960267,0.5,1.1491389750055323,0.8488950996569636,4
bonk,13,0.317291137282564,4.710048596999249,5.0,2.7495253224144114,25.606688625779498,0.16666664829303898,0.75,2.7495253224144114,0.9061012597324659,8
doge,13,0.0293383232690676,0.9094371819887012,1.1895967885536136,1.1724869567265934,4.404637596199339,0.146254329887641,0.5555555555555556,1.1724869567265934,0.7083472424355393,18
shib,13,-0.12000796772683708,-2.270445729767489,-1.6342054237708556,0.4789448401143582,-7.777812853412442,0.20000720370134864,0.4,0.4789448401143582,0.6851600015485669,5
pepe,13,-0.0004582698241671901,0.38888898922730925,0.23047864153368047,1.1491389750055323,2.3108820011071325,0.1428571242960267,0.5,1.1491389750055323,0.8488950996569636,4
bonk,14,0.317291137282564,4.710048596999249,5.0,2.7495253224144114,25.606688625779498,0.16666664829303898,0.75,2.7495253224144114,0.9061012597324659,8
doge,14,0.0004194338044634094,0.3457413061330744,0.47483537149673277,1.0623422761751649,1.4407217526573959,0.1702400070034535,0.5,1.0623422761751649,0.7093988392813557,18
shib,14,-0.12000796772683708,-2.270445729767489,-1.6342054237708556,0.4789448401143582,-7.777812853412442,0.20000720370134864,0.4,0.4789448401143582,0.6851600015485669,5
pepe,14,0.33272225639678377,5.402959809450159,0.0,21.27723990403403,283.8813586564776,0.015253292636217823,0.75,21.27723990403403,0.8014358037571674,4
bonk,15,0.317291137282564,4.710048596999249,5.0,2.7495253224144114,25.606688625779498,0.16666664829303898,0.75,2.7495253224144114,0.9061012597324659,8
doge,15,0.0004194338044634094,0.3457413061330744,0.47483537149673277,1.0623422761751649,1.4407217526573959,0.1702400070034535,0.5,1.0623422761751649,0.7093988392813557,18
shib,15,-0.12000796772683708,-2.270445729767489,-1.6342054237708556,0.4789448401143582,-7.777812853412442,0.20000720370134864,0.4,0.4789448401143582,0.6851600015485669,5
pepe,15,0.33272225639678377,5.402959809450159,0.0,21.27723990403403,283.8813586564776,0.015253292636217823,0.75,21.27723990403403,0.8014358037571674,4
bonk,16,0.317291137282564,4.710048596999249,5.0,2.7495253224144114,25.606688625779498,0.16666664829303898,0.75,2.7495253224144114,0.9061012597324659,8
doge,16,0.0004194338044634094,0.3457413061330744,0.47483537149673277,1.0623422761751649,1.4407217526573959,0.1702400070034535,0.5,1.0623422761751649,0.7093988392813557,18
shib,16,-0.12000796772683708,-2.270445729767489,-1.6342054237708556,0.4789448401143582,-7.777812853412442,0.20000720370134864,0.4,0.4789448401143582,0.6851600015485669,5
pepe,16,0.33272225639678377,5.402959809450159,0.0,21.27723990403403,283.8813586564776,0.015253292636217823,0.75,21.27723990403403,0.8014358037571674,4
bonk,17,0.317291137282564,4.710048596999249,5.0,2.7495253224144114,25.606688625779498,0.16666664829303898,0.75,2.7495253224144114,0.9061012597324659,8
doge,17,0.11427626904456267,2.502506804337536,3.2878975386682527,1.5511195220199243,14.24783583230211,0.12302288805357353,0.5555555555555556,1.5511195220199243,0.700421637042062,18
shib,17,-0.12000796772683708,-2.270445729767489,-1.6342054237708556,0.4789448401143582,-7.777812853412442,0.20000720370134864,0.4,0.4789448401143582,0.6851600015485669,5
pepe,17,0.33272225639678377,5.402959809450159,0.0,21.27723990403403,283.8813586564776,0.015253292636217823,0.75,21.27723990403403,0.8014358037571674,4
bonk,18,0.317291137282564,4.710048596999249,5.0,2.7495253224144114,25.606688625779498,0.16666664829303898,0.75,2.7495253224144114,0.9061012597324659,8
doge,18,0.11427626904456267,2.502506804337536,3.2878975386682527,1.5511195220199243,14.24783583230211,0.12302288805357353,0.5555555555555556,1.5511195220199243,0.700421637042062,18
shib,18,-0.12000796772683708,-2.270445729767489,-1.6342054237708556,0.4789448401143582,-7.777812853412442,0.20000720370134864,0.4,0.4789448401143582,0.6851600015485669,5
pepe,18,0.33272225639678377,5.402959809450159,0.0,21.27723990403403,283.8813586564776,0.015253292636217823,0.75,21.27723990403403,0.8014358037571674,4
bonk,19,0.317291137282564,4.710048596999249,5.0,2.7495253224144114,25.606688625779498,0.16666664829303898,0.75,2.7495253224144114,0.9061012597324659,8
doge,19,0.11427626904456267,2.502506804337536,3.2878975386682527,1.5511195220199243,14.24783583230211,0.12302288805357353,0.5555555555555556,1.5511195220199243,0.700421637042062,18
shib,19,-0.12000796772683708,-2.270445729767489,-1.6342054237708556,0.4789448401143582,-7.777812853412442,0.20000720370134864,0.4,0.4789448401143582,0.6851600015485669,5
pepe,19,0.33272225639678377,5.402959809450159,0.0,21.27723990403403,283.8813586564776,0.015253292636217823,0.75,21.27723990403403,0.8014358037571674,4
bonk,20,0.317291137282564,4.710048596999249,5.0,2.7495253224144114,25.606688625779498,0.16666664829303898,0.75,2.7495253224144114,0.9061012597324659,8
doge,20,0.11427626904456267,2.502506804337536,3.2878975386682527,1.5511195220199243,14.24783583230211,0.12302288805357353,0.5555555555555556,1.5511195220199243,0.700421637042062,18
shib,20,-0.12000796772683708,-2.270445729767489,-1.6342054237708556,0.4789448401143582,-7.777812853412442,0.20000720370134864,0.4,0.4789448401143582,0.6851600015485669,5
pepe,20,0.33272225639678377,5.402959809450159,0.0,21.27723990403403,283.8813586564776,0.015253292636217823,0.75,21.27723990403403,0.8014358037571674,4
bonk,21,0.317291137282564,4.710048596999249,5.0,2.7495253224144114,25.606688625779498,0.16666664829303898,0.75,2.7495253224144114,0.9061012597324659,8
doge,21,0.11427626904456267,2.502506804337536,3.2878975386682527,1.5511195220199243,14.24783583230211,0.12302288805357353,0.5555555555555556,1.5511195220199243,0.700421637042062,18
shib,21,-0.12000796772683708,-2.270445729767489,-1.6342054237708556,0.4789448401143582,-7.777812853412442,0.20000720370134864,0.4,0.4789448401143582,0.6851600015485669,5
pepe,21,0.33272225639678377,5.402959809450159,0.0,21.27723990403403,283.8813586564776,0.015253292636217823,0.75,21.27723990403403,0.8014358037571674,4
bonk,22,0.317291137282564,4.710048596999249,5.0,2.7495253224144114,25.606688625779498,0.16666664829303898,0.75,2.7495253224144114,0.9061012597324659,8
doge,22,0.11427626904456267,2.502506804337536,3.2878975386682527,1.5511195220199243,14.24783583230211,0.12302288805357353,0.5555555555555556,1.5511195220199243,0.700421637042062,18
shib,22,-0.12000796772683708,-2.270445729767489,-1.6342054237708556,0.4789448401143582,-7.777812853412442,0.20000720370134864,0.4,0.4789448401143582,0.6851600015485669,5
pepe,22,0.33272225639678377,5.402959809450159,0.0,21.27723990403403,283.8813586564776,0.015253292636217823,0.75,21.27723990403403,0.8014358037571674,4
bonk,23,0.317291137282564,4.710048596999249,5.0,2.7495253224144114,25.606688625779498,0.16666664829303898,0.75,2.7495253224144114,0.9061012597324659,8
doge,23,0.11427626904456267,2.502506804337536,3.2878975386682527,1.5511195220199243,14.24783583230211,0.12302288805357353,0.5555555555555556,1.5511195220199243,0.700421637042062,18
shib,23,-0.12000796772683708,-2.270445729767489,-1.6342054237708556,0.4789448401143582,-7.777812853412442,0.20000720370134864,0.4,0.4789448401143582,0.6851600015485669,5
pepe,23,0.33272225639678377,5.402959809450159,0.0,21.27723990403403,283.8813586564776,0.015253292636217823,0.75,21.27723990403403,0.8014358037571674,4
bonk,24,0.317291137282564,4.710048596999249,5.0,2.7495253224144114,25.606688625779498,0.16666664829303898,0.75,2.7495253224144114,0.9061012597324659,8
doge,24,0.11427626904456267,2.502506804337536,3.2878975386682527,1.5511195220199243,14.24783583230211,0.12302288805357353,0.5555555555555556,1.5511195220199243,0.700421637042062,18
shib,24,0.07554569865267169,1.8091468284253314,1.0173192267080686,1.7848417472311426,11.199425641474178,0.1111110437411356,0.6,1.7848417472311426,0.6878269097752185,5
pepe,24,0.33272225639678377,5.402959809450159,0.0,21.27723990403403,283.8813586564776,0.015253292636217823,0.75,21.27723990403403,0.8014358037571674,4
bonk,25,0.317291137282564,4.710048596999249,5.0,2.7495253224144114,25.606688625779498,0.16666664829303898,0.75,2.7495253224144114,0.9061012597324659,8
doge,25,0.11427626904456267,2.502506804337536,3.2878975386682527,1.5511195220199243,14.24783583230211,0.12302288805357353,0.5555555555555556,1.5511195220199243,0.700421637042062,18
shib,25,0.07554569865267169,1.8091468284253314,1.0173192267080686,1.7848417472311426,11.199425641474178,0.1111110437411356,0.6,1.7848417472311426,0.6878269097752185,5
pepe,25,0.33272225639678377,5.402959809450159,0.0,21.27723990403403,283.8813586564776,0.015253292636217823,0.75,21.27723990403403,0.8014358037571674,4
bonk,26,0.317291137282564,4.710048596999249,5.0,2.7495253224144114,25.606688625779498,0.16666664829303898,0.75,2.7495253224144114,0.9061012597324659,8
doge,26,0.11427626904456267,2.502506804337536,3.2878975386682527,1.5511195220199243,14.24783583230211,0.12302288805357353,0.5555555555555556,1.5511195220199243,0.700421637042062,18
shib,26,0.07554569865267169,1.8091468284253314,1.0173192267080686,1.7848417472311426,11.199425641474178,0.1111110437411356,0.6,1.7848417472311426,0.6878269097752185,5
pepe,26,0.33272225639678377,5.402959809450159,0.0,21.27723990403403,283.8813586564776,0.015253292636217823,0.75,21.27723990403403,0.8014358037571674,4
bonk,27,0.317291137282564,4.710048596999249,5.0,2.7495253224144114,25.606688625779498,0.16666664829303898,0.75,2.7495253224144114,0.9061012597324659,8
doge,27,0.11427626904456267,2.502506804337536,3.2878975386682527,1.5511195220199243,14.24783583230211,0.12302288805357353,0.5555555555555556,1.5511195220199243,0.700421637042062,18
shib,27,0.07554569865267169,1.8091468284253314,1.0173192267080686,1.7848417472311426,11.199425641474178,0.1111110437411356,0.6,1.7848417472311426,0.6878269097752185,5
pepe,27,0.33272225639678377,5.402959809450159,0.0,21.27723990403403,283.8813586564776,0.015253292636217823,0.75,21.27723990403403,0.8014358037571674,4
bonk,28,0.317291137282564,4.710048596999249,5.0,2.7495253224144114,25.606688625779498,0.16666664829303898,0.75,2.7495253224144114,0.9061012597324659,8
doge,28,0.11427626904456267,2.502506804337536,3.2878975386682527,1.5511195220199243,14.24783583230211,0.12302288805357353,0.5555555555555556,1.5511195220199243,0.700421637042062,18
shib,28,0.07554569865267169,1.8091468284253314,1.0173192267080686,1.7848417472311426,11.199425641474178,0.1111110437411356,0.6,1.7848417472311426,0.6878269097752185,5
pepe,28,0.33272225639678377,5.402959809450159,0.0,21.27723990403403,283.8813586564776,0.015253292636217823,0.75,21.27723990403403,0.8014358037571674,4
bonk,29,0.317291137282564,4.710048596999249,5.0,2.7495253224144114,25.606688625779498,0.16666664829303898,0.75,2.7495253224144114,0.9061012597324659,8
doge,29,0.11427626904456267,2.502506804337536,3.2878975386682527,1.5511195220199243,14.24783583230211,0.12302288805357353,0.5555555555555556,1.5511195220199243,0.700421637042062,18
shib,29,0.07554569865267169,1.8091468284253314,1.0173192267080686,1.7848417472311426,11.199425641474178,0.1111110437411356,0.6,1.7848417472311426,0.6878269097752185,5
pepe,29,0.33272225639678377,5.402959809450159,0.0,21.27723990403403,283.8813586564776,0.015253292636217823,0.75,21.27723990403403,0.8014358037571674,4
bonk,30,0.317291137282564,4.710048596999249,5.0,2.7495253224144114,25.606688625779498,0.16666664829303898,0.75,2.7495253224144114,0.9061012597324659,8
doge,30,0.11427626904456267,2.502506804337536,3.2878975386682527,1.5511195220199243,14.24783583230211,0.12302288805357353,0.5555555555555556,1.5511195220199243,0.700421637042062,18
shib,30,0.07554569865267169,1.8091468284253314,1.0173192267080686,1.7848417472311426,11.199425641474178,0.1111110437411356,0.6,1.7848417472311426,0.6878269097752185,5
pepe,30,0.33272225639678377,5.402959809450159,0.0,21.27723990403403,283.8813586564776,0.015253292636217823,0.75,21.27723990403403,0.8014358037571674,4
bonk,31,0.317291137282564,4.710048596999249,5.0,2.7495253224144114,25.606688625779498,0.16666664829303898,0.75,2.7495253224144114,0.9061012597324659,8
doge,31,0.11427626904456267,2.502506804337536,3.2878975386682527,1.5511195220199243,14.24783583230211,0.12302288805357353,0.5555555555555556,1.5511195220199243,0.700421637042062,18
shib,31,0.07554569865267169,1.8091468284253314,1.0173192267080686,1.7848417472311426,11.199425641474178,0.1111110437411356,0.6,1.7848417472311426,0.6878269097752185,5
pepe,31,0.33272225639678377,5.402959809450159,0.0,21.27723990403403,283.8813586564776,0.015253292636217823,0.75,21.27723990403403,0.8014358037571674,4
bonk,32,0.317291137282564,4.710048596999249,5.0,2.7495253224144114,25.606688625779498,0.16666664829303898,0.75,2.7495253224144114,0.9061012597324659,8
doge,32,0.11427626904456267,2.502506804337536,3.2878975386682527,1.5511195220199243,14.24783583230211,0.12302288805357353,0.5555555555555556,1.5511195220199243,0.700421637042062,18
shib,32,0.07554569865267169,1.8091468284253314,1.0173192267080686,1.7848417472311426,11.199425641474178,0.1111110437411356,0.6,1.7848417472311426,0.6878269097752185,5
pepe,32,0.33272225639678377,5.402959809450159,0.0,21.27723990403403,283.8813586564776,0.015253292636217823,0.75,21.27723990403403,0.8014358037571674,4
bonk,33,0.317291137282564,4.710048596999249,5.0,2.7495253224144114,25.606688625779498,0.16666664829303898,0.75,2.7495253224144114,0.9061012597324659,8
doge,33,0.11427626904456267,2.502506804337536,3.2878975386682527,1.5511195220199243,14.24783583230211,0.12302288805357353,0.5555555555555556,1.5511195220199243,0.700421637042062,18
shib,33,0.07554569865267169,1.8091468284253314,1.0173192267080686,1.7848417472311426,11.199425641474178,0.1111110437411356,0.6,1.7848417472311426,0.6878269097752185,5
pepe,33,0.33272225639678377,5.402959809450159,0.0,21.27723990403403,283.8813586564776,0.015253292636217823,0.75,21.27723990403403,0.8014358037571674,4
bonk,34,0.317291137282564,4.710048596999249,5.0,2.7495253224144114,25.606688625779498,0.16666664829303898,0.75,2.7495253224144114,0.9061012597324659,8
doge,34,0.11427626904456267,2.502506804337536,3.2878975386682527,1.5511195220199243,14.24783583230211,0.12302288805357353,0.5555555555555556,1.5511195220199243,0.700421637042062,18
shib,34,0.07554569865267169,1.8091468284253314,1.0173192267080686,1.7848417472311426,11.199425641474178,0.1111110437411356,0.6,1.7848417472311426,0.6878269097752185,5
pepe,34,0.33272225639678377,5.402959809450159,0.0,21.27723990403403,283.8813586564776,0.015253292636217823,0.75,21.27723990403403,0.8014358037571674,4
bonk,35,0.317291137282564,4.710048596999249,5.0,2.7495253224144114,25.606688625779498,0.16666664829303898,0.75,2.7495253224144114,0.9061012597324659,8
doge,35,0.11427626904456267,2.502506804337536,3.2878975386682527,1.5511195220199243,14.24783583230211,0.12302288805357353,0.5555555555555556,1.5511195220199243,0.700421637042062,18
shib,35,0.07554569865267169,1.8091468284253314,1.0173192267080686,1.7848417472311426,11.199425641474178,0.1111110437411356,0.6,1.7848417472311426,0.6878269097752185,5
pepe,35,0.33272225639678377,5.402959809450159,0.0,21.27723990403403,283.8813586564776,0.015253292636217823,0.75,21.27723990403403,0.8014358037571674,4
bonk,36,0.317291137282564,4.710048596999249,5.0,2.7495253224144114,25.606688625779498,0.16666664829303898,0.75,2.7495253224144114,0.9061012597324659,8
doge,36,0.11427626904456267,2.502506804337536,3.2878975386682527,1.5511195220199243,14.24783583230211,0.12302288805357353,0.5555555555555556,1.5511195220199243,0.700421637042062,18
shib,36,0.07554569865267169,1.8091468284253314,1.0173192267080686,1.7848417472311426,11.199425641474178,0.1111110437411356,0.6,1.7848417472311426,0.6878269097752185,5
pepe,36,0.33272225639678377,5.402959809450159,0.0,21.27723990403403,283.8813586564776,0.015253292636217823,0.75,21.27723990403403,0.8014358037571674,4
bonk,37,0.317291137282564,4.710048596999249,5.0,2.7495253224144114,25.606688625779498,0.16666664829303898,0.75,2.7495253224144114,0.9061012597324659,8
doge,37,0.11427626904456267,2.502506804337536,3.2878975386682527,1.5511195220199243,14.24783583230211,0.12302288805357353,0.5555555555555556,1.5511195220199243,0.700421637042062,18
shib,37,0.07554569865267169,1.8091468284253314,1.0173192267080686,1.7848417472311426,11.199425641474178,0.1111110437411356,0.6,1.7848417472311426,0.6878269097752185,5
pepe,37,0.33272225639678377,5.402959809450159,0.0,21.27723990403403,283.8813586564776,0.015253292636217823,0.75,21.27723990403403,0.8014358037571674,4
bonk,38,0.317291137282564,4.710048596999249,5.0,2.7495253224144114,25.606688625779498,0.16666664829303898,0.75,2.7495253224144114,0.9061012597324659,8
doge,38,0.11427626904456267,2.502506804337536,3.2878975386682527,1.5511195220199243,14.24783583230211,0.12302288805357353,0.5555555555555556,1.5511195220199243,0.700421637042062,18
shib,38,0.07554569865267169,1.8091468284253314,1.0173192267080686,1.7848417472311426,11.199425641474178,0.1111110437411356,0.6,1.7848417472311426,0.6878269097752185,5
pepe,38,0.33272225639678377,5.402959809450159,0.0,21.27723990403403,283.8813586564776,0.015253292636217823,0.75,21.27723990403403,0.8014358037571674,4
bonk,39,0.317291137282564,4.710048596999249,5.0,2.7495253224144114,25.606688625779498,0.16666664829303898,0.75,2.7495253224144114,0.9061012597324659,8
doge,39,0.11427626904456267,2.502506804337536,3.2878975386682527,1.5511195220199243,14.24783583230211,0.12302288805357353,0.5555555555555556,1.5511195220199243,0.700421637042062,18
shib,39,0.07554569865267169,1.8091468284253314,1.0173192267080686,1.7848417472311426,11.199425641474178,0.1111110437411356,0.6,1.7848417472311426,0.6878269097752185,5
pepe,39,0.33272225639678377,5.402959809450159,0.0,21.27723990403403,283.8813586564776,0.015253292636217823,0.75,21.27723990403403,0.8014358037571674,4
bonk,40,0.317291137282564,4.710048596999249,5.0,2.7495253224144114,25.606688625779498,0.16666664829303898,0.75,2.7495253224144114,0.9061012597324659,8
doge,40,0.11427626904456267,2.502506804337536,3.2878975386682527,1.5511195220199243,14.24783583230211,0.12302288805357353,0.5555555555555556,1.5511195220199243,0.700421637042062,18
shib,40,0.07554569865267169,1.8091468284253314,1.0173192267080686,1.7848417472311426,11.199425641474178,0.1111110437411356,0.6,1.7848417472311426,0.6878269097752185,5
pepe,40,0.33272225639678377,5.402959809450159,0.0,21.27723990403403,283.8813586564776,0.015253292636217823,0.75,21.27723990403403,0.8014358037571674,4
bonk,41,0.317291137282564,4.710048596999249,5.0,2.7495253224144114,25.606688625779498,0.16666664829303898,0.75,2.7495253224144114,0.9061012597324659,8
doge,41,0.11427626904456267,2.502506804337536,3.2878975386682527,1.5511195220199243,14.24783583230211,0.12302288805357353,0.5555555555555556,1.5511195220199243,0.700421637042062,18
shib,41,0.07554569865267169,1.8091468284253314,1.0173192267080686,1.7848417472311426,11.199425641474178,0.1111110437411356,0.6,1.7848417472311426,0.6878269097752185,5
pepe,41,0.33272225639678377,5.402959809450159,0.0,21.27723990403403,283.8813586564776,0.015253292636217823,0.75,21.27723990403403,0.8014358037571674,4
bonk,42,0.317291137282564,4.710048596999249,5.0,2.7495253224144114,25.606688625779498,0.16666664829303898,0.75,2.7495253224144114,0.9061012597324659,8
doge,42,0.11427626904456267,2.502506804337536,3.2878975386682527,1.5511195220199243,14.24783583230211,0.12302288805357353,0.5555555555555556,1.5511195220199243,0.700421637042062,18
shib,42,0.07554569865267169,1.8091468284253314,1.0173192267080686,1.7848417472311426,11.199425641474178,0.1111110437411356,0.6,1.7848417472311426,0.6878269097752185,5
pepe,42,0.33272225639678377,5.402959809450159,0.0,21.27723990403403,283.8813586564776,0.015253292636217823,0.75,21.27723990403403,0.8014358037571674,4
bonk,43,0.317291137282564,4.710048596999249,5.0,2.7495253224144114,25.606688625779498,0.16666664829303898,0.75,2.7495253224144114,0.9061012597324659,8
doge,43,0.11427626904456267,2.502506804337536,3.2878975386682527,1.5511195220199243,14.24783583230211,0.12302288805357353,0.5555555555555556,1.5511195220199243,0.700421637042062,18
shib,43,0.07554569865267169,1.8091468284253314,1.0173192267080686,1.7848417472311426,11.199425641474178,0.1111110437411356,0.6,1.7848417472311426,0.6878269097752185,5
pepe,43,0.33272225639678377,5.402959809450159,0.0,21.27723990403403,283.8813586564776,0.015253292636217823,0.75,21.27723990403403,0.8014358037571674,4
bonk,44,0.317291137282564,4.710048596999249,5.0,2.7495253224144114,25.606688625779498,0.16666664829303898,0.75,2.7495253224144114,0.9061012597324659,8
doge,44,0.11427626904456267,2.502506804337536,3.2878975386682527,1.5511195220199243,14.24783583230211,0.12302288805357353,0.5555555555555556,1.5511195220199243,0.700421637042062,18
shib,44,0.07554569865267169,1.8091468284253314,1.0173192267080686,1.7848417472311426,11.199425641474178,0.1111110437411356,0.6,1.7848417472311426,0.6878269097752185,5
pepe,44,0.33272225639678377,5.402959809450159,0.0,21.27723990403403,283.8813586564776,0.015253292636217823,0.75,21.27723990403403,0.8014358037571674,4
bonk,45,0.317291137282564,4.710048596999249,5.0,2.7495253224144114,25.606688625779498,0.16666664829303898,0.75,2.7495253224144114,0.9061012597324659,8
doge,45,0.11427626904456267,2.502506804337536,3.2878975386682527,1.5511195220199243,14.24783583230211,0.12302288805357353,0.5555555555555556,1.5511195220199243,0.700421637042062,18
shib,45,0.07554569865267169,1.8091468284253314,1.0173192267080686,1.7848417472311426,11.199425641474178,0.1111110437411356,0.6,1.7848417472311426,0.6878269097752185,5
pepe,45,0.33272225639678377,5.402959809450159,0.0,21.27723990403403,283.8813586564776,0.015253292636217823,0.75,21.27723990403403,0.8014358037571674,4
bonk,46,0.317291137282564,4.710048596999249,5.0,2.7495253224144114,25.606688625779498,0.16666664829303898,0.75,2.7495253224144114,0.9061012597324659,8
doge,46,0.11427626904456267,2.502506804337536,3.2878975386682527,1.5511195220199243,14.24783583230211,0.12302288805357353,0.5555555555555556,1.5511195220199243,0.700421637042062,18
shib,46,0.07554569865267169,1.8091468284253314,1.0173192267080686,1.7848417472311426,11.199425641474178,0.1111110437411356,0.6,1.7848417472311426,0.6878269097752185,5
pepe,46,0.33272225639678377,5.402959809450159,0.0,21.27723990403403,283.8813586564776,0.015253292636217823,0.75,21.27723990403403,0.8014358037571674,4
bonk,47,0.317291137282564,4.710048596999249,5.0,2.7495253224144114,25.606688625779498,0.16666664829303898,0.75,2.7495253224144114,0.9061012597324659,8
doge,47,0.11427626904456267,2.502506804337536,3.2878975386682527,1.5511195220199243,14.24783583230211,0.12302288805357353,0.5555555555555556,1.5511195220199243,0.700421637042062,18
shib,47,0.07554569865267169,1.8091468284253314,1.0173192267080686,1.7848417472311426,11.199425641474178,0.1111110437411356,0.6,1.7848417472311426,0.6878269097752185,5
pepe,47,0.33272225639678377,5.402959809450159,0.0,21.27723990403403,283.8813586564776,0.015253292636217823,0.75,21.27723990403403,0.8014358037571674,4
bonk,48,0.317291137282564,4.710048596999249,5.0,2.7495253224144114,25.606688625779498,0.16666664829303898,0.75,2.7495253224144114,0.9061012597324659,8
doge,48,0.11427626904456267,2.502506804337536,3.2878975386682527,1.5511195220199243,14.24783583230211,0.12302288805357353,0.5555555555555556,1.5511195220199243,0.700421637042062,18
shib,48,0.07554569865267169,1.8091468284253314,1.0173192267080686,1.7848417472311426,11.199425641474178,0.1111110437411356,0.6,1.7848417472311426,0.6878269097752185,5
pepe,48,0.33272225639678377,5.402959809450159,0.0,21.27723990403403,283.8813586564776,0.015253292636217823,0.75,21.27723990403403,0.8014358037571674,4
bonk,49,0.317291137282564,4.710048596999249,5.0,2.7495253224144114,25.606688625779498,0.16666664829303898,0.75,2.7495253224144114,0.9061012597324659,8
doge,49,0.11427626904456267,2.502506804337536,3.2878975386682527,1.5511195220199243,14.24783583230211,0.12302288805357353,0.5555555555555556,1.5511195220199243,0.700421637042062,18
shib,49,0.07554569865267169,1.8091468284253314,1.0173192267080686,1.7848417472311426,11.199425641474178,0.1111110437411356,0.6,1.7848417472311426,0.6878269097752185,5
pepe,49,0.33272225639678377,5.402959809450159,0.0,21.27723990403403,283.8813586564776,0.015253292636217823,0.75,21.27723990403403,0.8014358037571674,4
bonk,50,0.317291137282564,4.710048596999249,5.0,2.7495253224144114,25.606688625779498,0.16666664829303898,0.75,2.7495253224144114,0.9061012597324659,8
doge,50,0.11427626904456267,2.502506804337536,3.2878975386682527,1.5511195220199243,14.24783583230211,0.12302288805357353,0.5555555555555556,1.5511195220199243,0.700421637042062,18
shib,50,0.07554569865267169,1.8091468284253314,1.0173192267080686,1.7848417472311426,11.199425641474178,0.1111110437411356,0.6,1.7848417472311426,0.6878269097752185,5
pepe,50,0.33272225639678377,5.402959809450159,0.0,21.27723990403403,283.8813586564776,0.015253292636217823,0.75,21.27723990403403,0.8014358037571674,4
bonk,51,0.317291137282564,4.710048596999249,5.0,2.7495253224144114,25.606688625779498,0.16666664829303898,0.75,2.7495253224144114,0.9061012597324659,8
doge,51,0.11427626904456267,2.502506804337536,3.2878975386682527,1.5511195220199243,14.24783583230211,0.12302288805357353,0.5555555555555556,1.5511195220199243,0.700421637042062,18
shib,51,0.07554569865267169,1.8091468284253314,1.0173192267080686,1.7848417472311426,11.199425641474178,0.1111110437411356,0.6,1.7848417472311426,0.6878269097752185,5
pepe,51,0.33272225639678377,5.402959809450159,0.0,21.27723990403403,283.8813586564776,0.015253292636217823,0.75,21.27723990403403,0.8014358037571674,4
bonk,52,0.317291137282564,4.710048596999249,5.0,2.7495253224144114,25.606688625779498,0.16666664829303898,0.75,2.7495253224144114,0.9061012597324659,8
doge,52,0.11427626904456267,2.502506804337536,3.2878975386682527,1.5511195220199243,14.24783583230211,0.12302288805357353,0.5555555555555556,1.5511195220199243,0.700421637042062,18
shib,52,0.07554569865267169,1.8091468284253314,1.0173192267080686,1.7848417472311426,11.199425641474178,0.1111110437411356,0.6,1.7848417472311426,0.6878269097752185,5
pepe,52,0.33272225639678377,5.402959809450159,0.0,21.27723990403403,283.8813586564776,0.015253292636217823,0.75,21.27723990403403,0.8014358037571674,4
bonk,53,0.317291137282564,4.710048596999249,5.0,2.7495253224144114,25.606688625779498,0.16666664829303898,0.75,2.7495253224144114,0.9061012597324659,8
doge,53,0.11427626904456267,2.502506804337536,3.2878975386682527,1.5511195220199243,14.24783583230211,0.12302288805357353,0.5555555555555556,1.5511195220199243,0.700421637042062,18
shib,53,0.07554569865267169,1.8091468284253314,1.0173192267080686,1.7848417472311426,11.199425641474178,0.1111110437411356,0.6,1.7848417472311426,0.6878269097752185,5
pepe,53,0.33272225639678377,5.402959809450159,0.0,21.27723990403403,283.8813586564776,0.015253292636217823,0.75,21.27723990403403,0.8014358037571674,4
bonk,54,0.317291137282564,4.710048596999249,5.0,2.7495253224144114,25.606688625779498,0.16666664829303898,0.75,2.7495253224144114,0.9061012597324659,8
doge,54,0.11427626904456267,2.502506804337536,3.2878975386682527,1.5511195220199243,14.24783583230211,0.12302288805357353,0.5555555555555556,1.5511195220199243,0.700421637042062,18
shib,54,0.07554569865267169,1.8091468284253314,1.0173192267080686,1.7848417472311426,11.199425641474178,0.1111110437411356,0.6,1.7848417472311426,0.6878269097752185,5
pepe,54,0.33272225639678377,5.402959809450159,0.0,21.27723990403403,283.8813586564776,0.015253292636217823,0.75,21.27723990403403,0.8014358037571674,4
bonk,55,0.317291137282564,4.710048596999249,5.0,2.7495253224144114,25.606688625779498,0.16666664829303898,0.75,2.7495253224144114,0.9061012597324659,8
doge,55,0.11427626904456267,2.502506804337536,3.2878975386682527,1.5511195220199243,14.24783583230211,0.12302288805357353,0.5555555555555556,1.5511195220199243,0.700421637042062,18
shib,55,0.07554569865267169,1.8091468284253314,1.0173192267080686,1.7848417472311426,11.199425641474178,0.1111110437411356,0.6,1.7848417472311426,0.6878269097752185,5
pepe,55,0.33272225639678377,5.402959809450159,0.0,21.27723990403403,283.8813586564776,0.015253292636217823,0.75,21.27723990403403,0.8014358037571674,4
bonk,56,0.317291137282564,4.710048596999249,5.0,2.7495253224144114,25.606688625779498,0.16666664829303898,0.75,2.7495253224144114,0.9061012597324659,8
doge,56,0.11427626904456267,2.502506804337536,3.2878975386682527,1.5511195220199243,14.24783583230211,0.12302288805357353,0.5555555555555556,1.5511195220199243,0.700421637042062,18
shib,56,0.07554569865267169,1.8091468284253314,1.0173192267080686,1.7848417472311426,11.199425641474178,0.1111110437411356,0.6,1.7848417472311426,0.6878269097752185,5
pepe,56,0.33272225639678377,5.402959809450159,0.0,21.27723990403403,283.8813586564776,0.015253292636217823,0.75,21.27723990403403,0.8014358037571674,4
bonk,57,0.317291137282564,4.710048596999249,5.0,2.7495253224144114,25.606688625779498,0.16666664829303898,0.75,2.7495253224144114,0.9061012597324659,8
doge,57,0.11427626904456267,2.502506804337536,3.2878975386682527,1.5511195220199243,14.24783583230211,0.12302288805357353,0.5555555555555556,1.5511195220199243,0.700421637042062,18
shib,57,0.07554569865267169,1.8091468284253314,1.0173192267080686,1.7848417472311426,11.199425641474178,0.1111110437411356,0.6,1.7848417472311426,0.6878269097752185,5
pepe,57,0.33272225639678377,5.402959809450159,0.0,21.27723990403403,283.8813586564776,0.015253292636217823,0.75,21.27723990403403,0.8014358037571674,4
bonk,58,0.317291137282564,4.710048596999249,5.0,2.7495253224144114,25.606688625779498,0.16666664829303898,0.75,2.7495253224144114,0.9061012597324659,8
doge,58,0.11427626904456267,2.502506804337536,3.2878975386682527,1.5511195220199243,14.24783583230211,0.12302288805357353,0.5555555555555556,1.5511195220199243,0.700421637042062,18
shib,58,0.07554569865267169,1.8091468284253314,1.0173192267080686,1.7848417472311426,11.199425641474178,0.1111110437411356,0.6,1.7848417472311426,0.6878269097752185,5
pepe,58,0.33272225639678377,5.402959809450159,0.0,21.27723990403403,283.8813586564776,0.015253292636217823,0.75,21.27723990403403,0.8014358037571674,4
bonk,59,0.317291137282564,4.710048596999249,5.0,2.7495253224144114,25.606688625779498,0.16666664829303898,0.75,2.7495253224144114,0.9061012597324659,8
doge,59,0.11427626904456267,2.502506804337536,3.2878975386682527,1.5511195220199243,14.24783583230211,0.12302288805357353,0.5555555555555556,1.5511195220199243,0.700421637042062,18
shib,59,0.07554569865267169,1.8091468284253314,1.0173192267080686,1.7848417472311426,11.199425641474178,0.1111110437411356,0.6,1.7848417472311426,0.6878269097752185,5
pepe,59,0.33272225639678377,5.402959809450159,0.0,21.27723990403403,283.8813586564776,0.015253292636217823,0.75,21.27723990403403,0.8014358037571674,4
bonk,60,0.317291137282564,4.710048596999249,5.0,2.7495253224144114,25.606688625779498,0.16666664829303898,0.75,2.7495253224144114,0.9061012597324659,8
doge,60,0.11427626904456267,2.502506804337536,3.2878975386682527,1.5511195220199243,14.24783583230211,0.12302288805357353,0.5555555555555556,1.5511195220199243,0.700421637042062,18
shib,60,0.07554569865267169,1.8091468284253314,1.0173192267080686,1.7848417472311426,11.199425641474178,0.1111110437411356,0.6,1.7848417472311426,0.6878269097752185,5
pepe,60,0.33272225639678377,5.402959809450159,0.0,21.27723990403403,283.8813586564776,0.015253292636217823,0.75,21.27723990403403,0.8014358037571674,4
bonk,61,0.317291137282564,4.710048596999249,5.0,2.7495253224144114,25.606688625779498,0.16666664829303898,0.75,2.7495253224144114,0.9061012597324659,8
doge,61,0.11427626904456267,2.502506804337536,3.2878975386682527,1.5511195220199243,14.24783583230211,0.12302288805357353,0.5555555555555556,1.5511195220199243,0.700421637042062,18
shib,61,0.07554569865267169,1.8091468284253314,1.0173192267080686,1.7848417472311426,11.199425641474178,0.1111110437411356,0.6,1.7848417472311426,0.6878269097752185,5
pepe,61,0.33272225639678377,5.402959809450159,0.0,21.27723990403403,283.8813586564776,0.015253292636217823,0.75,21.27723990403403,0.8014358037571674,4
bonk,62,0.317291137282564,4.710048596999249,5.0,2.7495253224144114,25.606688625779498,0.16666664829303898,0.75,2.7495253224144114,0.9061012597324659,8
doge,62,0.11427626904456267,2.502506804337536,3.2878975386682527,1.5511195220199243,14.24783583230211,0.12302288805357353,0.5555555555555556,1.5511195220199243,0.700421637042062,18
shib,62,0.07554569865267169,1.8091468284253314,1.0173192267080686,1.7848417472311426,11.199425641474178,0.1111110437411356,0.6,1.7848417472311426,0.6878269097752185,5
pepe,62,0.33272225639678377,5.402959809450159,0.0,21.27723990403403,283.8813586564776,0.015253292636217823,0.75,21.27723990403403,0.8014358037571674,4
bonk,63,0.317291137282564,4.710048596999249,5.0,2.7495253224144114,25.606688625779498,0.16666664829303898,0.75,2.7495253224144114,0.9061012597324659,8
doge,63,0.11427626904456267,2.502506804337536,3.2878975386682527,1.5511195220199243,14.24783583230211,0.12302288805357353,0.5555555555555556,1.5511195220199243,0.700421637042062,18
shib,63,0.07554569865267169,1.8091468284253314,1.0173192267080686,1.7848417472311426,11.199425641474178,0.1111110437411356,0.6,1.7848417472311426,0.6878269097752185,5
pepe,63,0.33272225639678377,5.402959809450159,0.0,21.27723990403403,283.8813586564776,0.015253292636217823,0.75,21.27723990403403,0.8014358037571674,4
bonk,64,0.317291137282564,4.710048596999249,5.0,2.7495253224144114,25.606688625779498,0.16666664829303898,0.75,2.7495253224144114,0.9061012597324659,8
doge,64,0.11427626904456267,2.502506804337536,3.2878975386682527,1.5511195220199243,14.24783583230211,0.12302288805357353,0.5555555555555556,1.5511195220199243,0.700421637042062,18
shib,64,0.07554569865267169,1.8091468284253314,1.0173192267080686,1.7848417472311426,11.199425641474178,0.1111110437411356,0.6,1.7848417472311426,0.6878269097752185,5
pepe,64,0.33272225639678377,5.402959809450159,0.0,21.27723990403403,283.8813586564776,0.015253292636217823,0.75,21.27723990403403,0.8014358037571674,4
bonk,65,0.317291137282564,4.710048596999249,5.0,2.7495253224144114,25.606688625779498,0.16666664829303898,0.75,2.7495253224144114,0.9061012597324659,8
doge,65,0.11427626904456267,2.502506804337536,3.2878975386682527,1.5511195220199243,14.24783583230211,0.12302288805357353,0.5555555555555556,1.5511195220199243,0.700421637042062,18
shib,65,0.07554569865267169,1.8091468284253314,1.0173192267080686,1.7848417472311426,11.199425641474178,0.1111110437411356,0.6,1.7848417472311426,0.6878269097752185,5
pepe,65,0.33272225639678377,5.402959809450159,0.0,21.27723990403403,283.8813586564776,0.015253292636217823,0.75,21.27723990403403,0.8014358037571674,4
bonk,66,0.317291137282564,4.710048596999249,5.0,2.7495253224144114,25.606688625779498,0.16666664829303898,0.75,2.7495253224144114,0.9061012597324659,8
doge,66,0.11427626904456267,2.502506804337536,3.2878975386682527,1.5511195220199243,14.24783583230211,0.12302288805357353,0.5555555555555556,1.5511195220199243,0.700421637042062,18
shib,66,0.07554569865267169,1.8091468284253314,1.0173192267080686,1.7848417472311426,11.199425641474178,0.1111110437411356,0.6,1.7848417472311426,0.6878269097752185,5
pepe,66,0.33272225639678377,5.402959809450159,0.0,21.27723990403403,283.8813586564776,0.015253292636217823,0.75,21.27723990403403,0.8014358037571674,4
bonk,67,0.317291137282564,4.710048596999249,5.0,2.7495253224144114,25.606688625779498,0.16666664829303898,0.75,2.7495253224144114,0.9061012597324659,8
doge,67,0.11427626904456267,2.502506804337536,3.2878975386682527,1.5511195220199243,14.24783583230211,0.12302288805357353,0.5555555555555556,1.5511195220199243,0.700421637042062,18
shib,67,0.07554569865267169,1.8091468284253314,1.0173192267080686,1.7848417472311426,11.199425641474178,0.1111110437411356,0.6,1.7848417472311426,0.6878269097752185,5
pepe,67,0.33272225639678377,5.402959809450159,0.0,21.27723990403403,283.8813586564776,0.015253292636217823,0.75,21.27723990403403,0.8014358037571674,4
bonk,68,0.317291137282564,4.710048596999249,5.0,2.7495253224144114,25.606688625779498,0.16666664829303898,0.75,2.7495253224144114,0.9061012597324659,8
doge,68,0.11427626904456267,2.502506804337536,3.2878975386682527,1.5511195220199243,14.24783583230211,0.12302288805357353,0.5555555555555556,1.5511195220199243,0.700421637042062,18
shib,68,0.07554569865267169,1.8091468284253314,1.0173192267080686,1.7848417472311426,11.199425641474178,0.1111110437411356,0.6,1.7848417472311426,0.6878269097752185,5
pepe,68,0.33272225639678377,5.402959809450159,0.0,21.27723990403403,283.8813586564776,0.015253292636217823,0.75,21.27723990403403,0.8014358037571674,4
bonk,69,0.317291137282564,4.710048596999249,5.0,2.7495253224144114,25.606688625779498,0.16666664829303898,0.75,2.7495253224144114,0.9061012597324659,8
doge,69,0.11427626904456267,2.502506804337536,3.2878975386682527,1.5511195220199243,14.24783583230211,0.12302288805357353,0.5555555555555556,1.5511195220199243,0.700421637042062,18
shib,69,0.07554569865267169,1.8091468284253314,1.0173192267080686,1.7848417472311426,11.199425641474178,0.1111110437411356,0.6,1.7848417472311426,0.6878269097752185,5
pepe,69,0.33272225639678377,5.402959809450159,0.0,21.27723990403403,283.8813586564776,0.015253292636217823,0.75,21.27723990403403,0.8014358037571674,4
bonk,70,0.317291137282564,4.710048596999249,5.0,2.7495253224144114,25.606688625779498,0.16666664829303898,0.75,2.7495253224144114,0.9061012597324659,8
doge,70,0.11427626904456267,2.502506804337536,3.2878975386682527,1.5511195220199243,14.24783583230211,0.12302288805357353,0.5555555555555556,1.5511195220199243,0.700421637042062,18
shib,70,0.07554569865267169,1.8091468284253314,1.0173192267080686,1.7848417472311426,11.199425641474178,0.1111110437411356,0.6,1.7848417472311426,0.6878269097752185,5
pepe,70,0.33272225639678377,5.402959809450159,0.0,21.27723990403403,283.8813586564776,0.015253292636217823,0.75,21.27723990403403,0.8014358037571674,4
bonk,71,0.317291137282564,4.710048596999249,5.0,2.7495253224144114,25.606688625779498,0.16666664829303898,0.75,2.7495253224144114,0.9061012597324659,8
doge,71,0.11427626904456267,2.502506804337536,3.2878975386682527,1.5511195220199243,14.24783583230211,0.12302288805357353,0.5555555555555556,1.5511195220199243,0.700421637042062,18
shib,71,0.07554569865267169,1.8091468284253314,1.0173192267080686,1.7848417472311426,11.199425641474178,0.1111110437411356,0.6,1.7848417472311426,0.6878269097752185,5
pepe,71,0.33272225639678377,5.402959809450159,0.0,21.27723990403403,283.8813586564776,0.015253292636217823,0.75,21.27723990403403,0.8014358037571674,4
bonk,72,0.317291137282564,4.710048596999249,5.0,2.7495253224144114,25.606688625779498,0.16666664829303898,0.75,2.7495253224144114,0.9061012597324659,8
doge,72,0.11427626904456267,2.502506804337536,3.2878975386682527,1.5511195220199243,14.24783583230211,0.12302288805357353,0.5555555555555556,1.5511195220199243,0.700421637042062,18
shib,72,0.07554569865267169,1.8091468284253314,1.0173192267080686,1.7848417472311426,11.199425641474178,0.1111110437411356,0.6,1.7848417472311426,0.6878269097752185,5
pepe,72,0.33272225639678377,5.402959809450159,0.0,21.27723990403403,283.8813586564776,0.015253292636217823,0.75,21.27723990403403,0.8014358037571674,4
bonk,73,0.317291137282564,4.710048596999249,5.0,2.7495253224144114,25.606688625779498,0.16666664829303898,0.75,2.7495253224144114,0.9061012597324659,8
doge,73,0.11427626904456267,2.502506804337536,3.2878975386682527,1.5511195220199243,14.24783583230211,0.12302288805357353,0.5555555555555556,1.5511195220199243,0.700421637042062,18
shib,73,0.07554569865267169,1.8091468284253314,1.0173192267080686,1.7848417472311426,11.199425641474178,0.1111110437411356,0.6,1.7848417472311426,0.6878269097752185,5
pepe,73,0.33272225639678377,5.402959809450159,0.0,21.27723990403403,283.8813586564776,0.015253292636217823,0.75,21.27723990403403,0.8014358037571674,4
bonk,74,0.317291137282564,4.710048596999249,5.0,2.7495253224144114,25.606688625779498,0.16666664829303898,0.75,2.7495253224144114,0.9061012597324659,8
doge,74,0.11427626904456267,2.502506804337536,3.2878975386682527,1.5511195220199243,14.24783583230211,0.12302288805357353,0.5555555555555556,1.5511195220199243,0.700421637042062,18
shib,74,0.07554569865267169,1.8091468284253314,1.0173192267080686,1.7848417472311426,11.199425641474178,0.1111110437411356,0.6,1.7848417472311426,0.6878269097752185,5
pepe,74,0.33272225639678377,5.402959809450159,0.0,21.27723990403403,283.8813586564776,0.015253292636217823,0.75,21.27723990403403,0.8014358037571674,4
bonk,75,0.317291137282564,4.710048596999249,5.0,2.7495253224144114,25.606688625779498,0.16666664829303898,0.75,2.7495253224144114,0.9061012597324659,8
doge,75,0.11427626904456267,2.502506804337536,3.2878975386682527,1.5511195220199243,14.24783583230211,0.12302288805357353,0.5555555555555556,1.5511195220199243,0.700421637042062,18
shib,75,0.07554569865267169,1.8091468284253314,1.0173192267080686,1.7848417472311426,11.199425641474178,0.1111110437411356,0.6,1.7848417472311426,0.6878269097752185,5
pepe,75,0.33272225639678377,5.402959809450159,0.0,21.27723990403403,283.8813586564776,0.015253292636217823,0.75,21.27723990403403,0.8014358037571674,4
bonk,76,0.317291137282564,4.710048596999249,5.0,2.7495253224144114,25.606688625779498,0.16666664829303898,0.75,2.7495253224144114,0.9061012597324659,8
doge,76,0.11427626904456267,2.502506804337536,3.2878975386682527,1.5511195220199243,14.24783583230211,0.12302288805357353,0.5555555555555556,1.5511195220199243,0.700421637042062,18
shib,76,0.07554569865267169,1.8091468284253314,1.0173192267080686,1.7848417472311426,11.199425641474178,0.1111110437411356,0.6,1.7848417472311426,0.6878269097752185,5
pepe,76,0.33272225639678377,5.402959809450159,0.0,21.27723990403403,283.8813586564776,0.015253292636217823,0.75,21.27723990403403,0.8014358037571674,4
bonk,77,0.317291137282564,4.710048596999249,5.0,2.7495253224144114,25.606688625779498,0.16666664829303898,0.75,2.7495253224144114,0.9061012597324659,8
doge,77,0.11427626904456267,2.502506804337536,3.2878975386682527,1.5511195220199243,14.24783583230211,0.12302288805357353,0.5555555555555556,1.5511195220199243,0.700421637042062,18
shib,77,0.07554569865267169,1.8091468284253314,1.0173192267080686,1.7848417472311426,11.199425641474178,0.1111110437411356,0.6,1.7848417472311426,0.6878269097752185,5
pepe,77,0.33272225639678377,5.402959809450159,0.0,21.27723990403403,283.8813586564776,0.015253292636217823,0.75,21.27723990403403,0.8014358037571674,4
bonk,78,0.317291137282564,4.710048596999249,5.0,2.7495253224144114,25.606688625779498,0.16666664829303898,0.75,2.7495253224144114,0.9061012597324659,8
doge,78,0.11427626904456267,2.502506804337536,3.2878975386682527,1.5511195220199243,14.24783583230211,0.12302288805357353,0.5555555555555556,1.5511195220199243,0.700421637042062,18
shib,78,0.07554569865267169,1.8091468284253314,1.0173192267080686,1.7848417472311426,11.199425641474178,0.1111110437411356,0.6,1.7848417472311426,0.6878269097752185,5
pepe,78,0.33272225639678377,5.402959809450159,0.0,21.27723990403403,283.8813586564776,0.015253292636217823,0.75,21.27723990403403,0.8014358037571674,4
bonk,79,0.317291137282564,4.710048596999249,5.0,2.7495253224144114,25.606688625779498,0.16666664829303898,0.75,2.7495253224144114,0.9061012597324659,8
doge,79,0.11427626904456267,2.502506804337536,3.2878975386682527,1.5511195220199243,14.24783583230211,0.12302288805357353,0.5555555555555556,1.5511195220199243,0.700421637042062,18
shib,79,0.07554569865267169,1.8091468284253314,1.0173192267080686,1.7848417472311426,11.199425641474178,0.1111110437411356,0.6,1.7848417472311426,0.6878269097752185,5
pepe,79,0.33272225639678377,5.402959809450159,0.0,21.27723990403403,283.8813586564776,0.015253292636217823,0.75,21.27723990403403,0.8014358037571674,4
bonk,80,0.317291137282564,4.710048596999249,5.0,2.7495253224144114,25.606688625779498,0.16666664829303898,0.75,2.7495253224144114,0.9061012597324659,8
doge,80,0.11427626904456267,2.502506804337536,3.2878975386682527,1.5511195220199243,14.24783583230211,0.12302288805357353,0.5555555555555556,1.5511195220199243,0.700421637042062,18
shib,80,0.07554569865267169,1.8091468284253314,1.0173192267080686,1.7848417472311426,11.199425641474178,0.1111110437411356,0.6,1.7848417472311426,0.6878269097752185,5
pepe,80,0.33272225639678377,5.402959809450159,0.0,21.27723990403403,283.8813586564776,0.015253292636217823,0.75,21.27723990403403,0.8014358037571674,4
bonk,81,0.317291137282564,4.710048596999249,5.0,2.7495253224144114,25.606688625779498,0.16666664829303898,0.75,2.7495253224144114,0.9061012597324659,8
doge,81,0.11427626904456267,2.502506804337536,3.2878975386682527,1.5511195220199243,14.24783583230211,0.12302288805357353,0.5555555555555556,1.5511195220199243,0.700421637042062,18
shib,81,0.07554569865267169,1.8091468284253314,1.0173192267080686,1.7848417472311426,11.199425641474178,0.1111110437411356,0.6,1.7848417472311426,0.6878269097752185,5
pepe,81,0.33272225639678377,5.402959809450159,0.0,21.27723990403403,283.8813586564776,0.015253292636217823,0.75,21.27723990403403,0.8014358037571674,4
bonk,82,0.317291137282564,4.710048596999249,5.0,2.7495253224144114,25.606688625779498,0.16666664829303898,0.75,2.7495253224144114,0.9061012597324659,8
doge,82,0.11427626904456267,2.502506804337536,3.2878975386682527,1.5511195220199243,14.24783583230211,0.12302288805357353,0.5555555555555556,1.5511195220199243,0.700421637042062,18
shib,82,0.07554569865267169,1.8091468284253314,1.0173192267080686,1.7848417472311426,11.199425641474178,0.1111110437411356,0.6,1.7848417472311426,0.6878269097752185,5
pepe,82,0.33272225639678377,5.402959809450159,0.0,21.27723990403403,283.8813586564776,0.015253292636217823,0.75,21.27723990403403,0.8014358037571674,4
bonk,83,0.317291137282564,4.710048596999249,5.0,2.7495253224144114,25.606688625779498,0.16666664829303898,0.75,2.7495253224144114,0.9061012597324659,8
doge,83,0.11427626904456267,2.502506804337536,3.2878975386682527,1.5511195220199243,14.24783583230211,0.12302288805357353,0.5555555555555556,1.5511195220199243,0.700421637042062,18
shib,83,0.07554569865267169,1.8091468284253314,1.0173192267080686,1.7848417472311426,11.199425641474178,0.1111110437411356,0.6,1.7848417472311426,0.6878269097752185,5
pepe,83,0.33272225639678377,5.402959809450159,0.0,21.27723990403403,283.8813586564776,0.015253292636217823,0.75,21.27723990403403,0.8014358037571674,4
bonk,84,0.317291137282564,4.710048596999249,5.0,2.7495253224144114,25.606688625779498,0.16666664829303898,0.75,2.7495253224144114,0.9061012597324659,8
doge,84,0.11427626904456267,2.502506804337536,3.2878975386682527,1.5511195220199243,14.24783583230211,0.12302288805357353,0.5555555555555556,1.5511195220199243,0.700421637042062,18
shib,84,0.07554569865267169,1.8091468284253314,1.0173192267080686,1.7848417472311426,11.199425641474178,0.1111110437411356,0.6,1.7848417472311426,0.6878269097752185,5
pepe,84,0.33272225639678377,5.402959809450159,0.0,21.27723990403403,283.8813586564776,0.015253292636217823,0.75,21.27723990403403,0.8014358037571674,4
bonk,85,0.317291137282564,4.710048596999249,5.0,2.7495253224144114,25.606688625779498,0.16666664829303898,0.75,2.7495253224144114,0.9061012597324659,8
doge,85,0.11427626904456267,2.502506804337536,3.2878975386682527,1.5511195220199243,14.24783583230211,0.12302288805357353,0.5555555555555556,1.5511195220199243,0.700421637042062,18
shib,85,0.07554569865267169,1.8091468284253314,1.0173192267080686,1.7848417472311426,11.199425641474178,0.1111110437411356,0.6,1.7848417472311426,0.6878269097752185,5
pepe,85,0.33272225639678377,5.402959809450159,0.0,21.27723990403403,283.8813586564776,0.015253292636217823,0.75,21.27723990403403,0.8014358037571674,4
bonk,86,0.317291137282564,4.710048596999249,5.0,2.7495253224144114,25.606688625779498,0.16666664829303898,0.75,2.7495253224144114,0.9061012597324659,8
doge,86,0.11427626904456267,2.502506804337536,3.2878975386682527,1.5511195220199243,14.24783583230211,0.12302288805357353,0.5555555555555556,1.5511195220199243,0.700421637042062,18
shib,86,0.07554569865267169,1.8091468284253314,1.0173192267080686,1.7848417472311426,11.199425641474178,0.1111110437411356,0.6,1.7848417472311426,0.6878269097752185,5
pepe,86,0.33272225639678377,5.402959809450159,0.0,21.27723990403403,283.8813586564776,0.015253292636217823,0.75,21.27723990403403,0.8014358037571674,4
bonk,87,0.317291137282564,4.710048596999249,5.0,2.7495253224144114,25.606688625779498,0.16666664829303898,0.75,2.7495253224144114,0.9061012597324659,8
doge,87,0.11427626904456267,2.502506804337536,3.2878975386682527,1.5511195220199243,14.24783583230211,0.12302288805357353,0.5555555555555556,1.5511195220199243,0.700421637042062,18
shib,87,0.07554569865267169,1.8091468284253314,1.0173192267080686,1.7848417472311426,11.199425641474178,0.1111110437411356,0.6,1.7848417472311426,0.6878269097752185,5
pepe,87,0.33272225639678377,5.402959809450159,0.0,21.27723990403403,283.8813586564776,0.015253292636217823,0.75,21.27723990403403,0.8014358037571674,4
bonk,88,0.317291137282564,4.710048596999249,5.0,2.7495253224144114,25.606688625779498,0.16666664829303898,0.75,2.7495253224144114,0.9061012597324659,8
doge,88,0.11427626904456267,2.502506804337536,3.2878975386682527,1.5511195220199243,14.24783583230211,0.12302288805357353,0.5555555555555556,1.5511195220199243,0.700421637042062,18
shib,88,0.07554569865267169,1.8091468284253314,1.0173192267080686,1.7848417472311426,11.199425641474178,0.1111110437411356,0.6,1.7848417472311426,0.6878269097752185,5
pepe,88,0.33272225639678377,5.402959809450159,0.0,21.27723990403403,283.8813586564776,0.015253292636217823,0.75,21.27723990403403,0.8014358037571674,4
bonk,89,0.317291137282564,4.710048596999249,5.0,2.7495253224144114,25.606688625779498,0.16666664829303898,0.75,2.7495253224144114,0.9061012597324659,8
doge,89,0.11427626904456267,2.502506804337536,3.2878975386682527,1.5511195220199243,14.24783583230211,0.12302288805357353,0.5555555555555556,1.5511195220199243,0.700421637042062,18
shib,89,0.07554569865267169,1.8091468284253314,1.0173192267080686,1.7848417472311426,11.199425641474178,0.1111110437411356,0.6,1.7848417472311426,0.6878269097752185,5
pepe,89,0.33272225639678377,5.402959809450159,0.0,21.27723990403403,283.8813586564776,0.015253292636217823,0.75,21.27723990403403,0.8014358037571674,4
bonk,90,0.317291137282564,4.710048596999249,5.0,2.7495253224144114,25.606688625779498,0.16666664829303898,0.75,2.7495253224144114,0.9061012597324659,8
doge,90,0.11427626904456267,2.502506804337536,3.2878975386682527,1.5511195220199243,14.24783583230211,0.12302288805357353,0.5555555555555556,1.5511195220199243,0.700421637042062,18
shib,90,0.07554569865267169,1.8091468284253314,1.0173192267080686,1.7848417472311426,11.199425641474178,0.1111110437411356,0.6,1.7848417472311426,0.6878269097752185,5
pepe,90,0.33272225639678377,5.402959809450159,0.0,21.27723990403403,283.8813586564776,0.015253292636217823,0.75,21.27723990403403,0.8014358037571674,4
bonk,91,0.317291137282564,4.710048596999249,5.0,2.7495253224144114,25.606688625779498,0.16666664829303898,0.75,2.7495253224144114,0.9061012597324659,8
doge,91,0.11427626904456267,2.502506804337536,3.2878975386682527,1.5511195220199243,14.24783583230211,0.12302288805357353,0.5555555555555556,1.5511195220199243,0.700421637042062,18
shib,91,0.07554569865267169,1.8091468284253314,1.0173192267080686,1.7848417472311426,11.199425641474178,0.1111110437411356,0.6,1.7848417472311426,0.6878269097752185,5
pepe,91,0.33272225639678377,5.402959809450159,0.0,21.27723990403403,283.8813586564776,0.015253292636217823,0.75,21.27723990403403,0.8014358037571674,4
bonk,92,0.317291137282564,4.710048596999249,5.0,2.7495253224144114,25.606688625779498,0.16666664829303898,0.75,2.7495253224144114,0.9061012597324659,8
doge,92,0.11427626904456267,2.502506804337536,3.2878975386682527,1.5511195220199243,14.24783583230211,0.12302288805357353,0.5555555555555556,1.5511195220199243,0.700421637042062,18
shib,92,0.07554569865267169,1.8091468284253314,1.0173192267080686,1.7848417472311426,11.199425641474178,0.1111110437411356,0.6,1.7848417472311426,0.6878269097752185,5
pepe,92,0.33272225639678377,5.402959809450159,0.0,21.27723990403403,283.8813586564776,0.015253292636217823,0.75,21.27723990403403,0.8014358037571674,4
bonk,93,0.317291137282564,4.710048596999249,5.0,2.7495253224144114,25.606688625779498,0.16666664829303898,0.75,2.7495253224144114,0.9061012597324659,8
doge,93,0.11427626904456267,2.502506804337536,3.2878975386682527,1.5511195220199243,14.24783583230211,0.12302288805357353,0.5555555555555556,1.5511195220199243,0.700421637042062,18
shib,93,0.07554569865267169,1.8091468284253314,1.0173192267080686,1.7848417472311426,11.199425641474178,0.1111110437411356,0.6,1.7848417472311426,0.6878269097752185,5
pepe,93,0.33272225639678377,5.402959809450159,0.0,21.27723990403403,283.8813586564776,0.015253292636217823,0.75,21.27723990403403,0.8014358037571674,4
bonk,94,0.317291137282564,4.710048596999249,5.0,2.7495253224144114,25.606688625779498,0.16666664829303898,0.75,2.7495253224144114,0.9061012597324659,8
doge,94,0.11427626904456267,2.502506804337536,3.2878975386682527,1.5511195220199243,14.24783583230211,0.12302288805357353,0.5555555555555556,1.5511195220199243,0.700421637042062,18
shib,94,0.07554569865267169,1.8091468284253314,1.0173192267080686,1.7848417472311426,11.199425641474178,0.1111110437411356,0.6,1.7848417472311426,0.6878269097752185,5
pepe,94,0.33272225639678377,5.402959809450159,0.0,21.27723990403403,283.8813586564776,0.015253292636217823,0.75,21.27723990403403,0.8014358037571674,4
bonk,95,0.317291137282564,4.710048596999249,5.0,2.7495253224144114,25.606688625779498,0.16666664829303898,0.75,2.7495253224144114,0.9061012597324659,8
doge,95,0.11427626904456267,2.502506804337536,3.2878975386682527,1.5511195220199243,14.24783583230211,0.12302288805357353,0.5555555555555556,1.5511195220199243,0.700421637042062,18
shib,95,0.07554569865267169,1.8091468284253314,1.0173192267080686,1.7848417472311426,11.199425641474178,0.1111110437411356,0.6,1.7848417472311426,0.6878269097752185,5
pepe,95,0.33272225639678377,5.402959809450159,0.0,21.27723990403403,283.8813586564776,0.015253292636217823,0.75,21.27723990403403,0.8014358037571674,4
bonk,96,0.317291137282564,4.710048596999249,5.0,2.7495253224144114,25.606688625779498,0.16666664829303898,0.75,2.7495253224144114,0.9061012597324659,8
doge,96,0.11427626904456267,2.502506804337536,3.2878975386682527,1.5511195220199243,14.24783583230211,0.12302288805357353,0.5555555555555556,1.5511195220199243,0.700421637042062,18
shib,96,0.07554569865267169,1.8091468284253314,1.0173192267080686,1.7848417472311426,11.199425641474178,0.1111110437411356,0.6,1.7848417472311426,0.6878269097752185,5
pepe,96,0.33272225639678377,5.402959809450159,0.0,21.27723990403403,283.8813586564776,0.015253292636217823,0.75,21.27723990403403,0.8014358037571674,4
bonk,97,0.317291137282564,4.710048596999249,5.0,2.7495253224144114,25.606688625779498,0.16666664829303898,0.75,2.7495253224144114,0.9061012597324659,8
doge,97,0.11427626904456267,2.502506804337536,3.2878975386682527,1.5511195220199243,14.24783583230211,0.12302288805357353,0.5555555555555556,1.5511195220199243,0.700421637042062,18
shib,97,0.07554569865267169,1.8091468284253314,1.0173192267080686,1.7848417472311426,11.199425641474178,0.1111110437411356,0.6,1.7848417472311426,0.6878269097752185,5
pepe,97,0.33272225639678377,5.402959809450159,0.0,21.27723990403403,283.8813586564776,0.015253292636217823,0.75,21.27723990403403,0.8014358037571674,4
bonk,98,0.317291137282564,4.710048596999249,5.0,2.7495253224144114,25.606688625779498,0.16666664829303898,0.75,2.7495253224144114,0.9061012597324659,8
doge,98,0.11427626904456267,2.502506804337536,3.2878975386682527,1.5511195220199243,14.24783583230211,0.12302288805357353,0.5555555555555556,1.5511195220199243,0.700421637042062,18
shib,98,0.07554569865267169,1.8091468284253314,1.0173192267080686,1.7848417472311426,11.199425641474178,0.1111110437411356,0.6,1.7848417472311426,0.6878269097752185,5
pepe,98,0.33272225639678377,5.402959809450159,0.0,21.27723990403403,283.8813586564776,0.015253292636217823,0.75,21.27723990403403,0.8014358037571674,4
bonk,99,0.317291137282564,4.710048596999249,5.0,2.7495253224144114,25.606688625779498,0.16666664829303898,0.75,2.7495253224144114,0.9061012597324659,8
doge,99,0.11427626904456267,2.502506804337536,3.2878975386682527,1.5511195220199243,14.24783583230211,0.12302288805357353,0.5555555555555556,1.5511195220199243,0.700421637042062,18
shib,99,0.07554569865267169,1.8091468284253314,1.0173192267080686,1.7848417472311426,11.199425641474178,0.1111110437411356,0.6,1.7848417472311426,0.6878269097752185,5
pepe,99,0.33272225639678377,5.402959809450159,0.0,21.27723990403403,283.8813586564776,0.015253292636217823,0.75,21.27723990403403,0.8014358037571674,4
bonk,100,0.317291137282564,4.710048596999249,5.0,2.7495253224144114,25.606688625779498,0.16666664829303898,0.75,2.7495253224144114,0.9061012597324659,8
doge,100,0.11427626904456267,2.502506804337536,3.2878975386682527,1.5511195220199243,14.24783583230211,0.12302288805357353,0.5555555555555556,1.5511195220199243,0.700421637042062,18
shib,100,0.07554569865267169,1.8091468284253314,1.0173192267080686,1.7848417472311426,11.199425641474178,0.1111110437411356,0.6,1.7848417472311426,0.6878269097752185,5
pepe,100,0.33272225639678377,5.402959809450159,0.0,21.27723990403403,283.8813586564776,0.015253292636217823,0.75,21.27723990403403,0.8014358037571674,4
bonk,101,0.317291137282564,4.710048596999249,5.0,2.7495253224144114,25.606688625779498,0.16666664829303898,0.75,2.7495253224144114,0.9061012597324659,8
doge,101,0.11427626904456267,2.502506804337536,3.2878975386682527,1.5511195220199243,14.24783583230211,0.12302288805357353,0.5555555555555556,1.5511195220199243,0.700421637042062,18
shib,101,0.07554569865267169,1.8091468284253314,1.0173192267080686,1.7848417472311426,11.199425641474178,0.1111110437411356,0.6,1.7848417472311426,0.6878269097752185,5
pepe,101,0.33272225639678377,5.402959809450159,0.0,21.27723990403403,283.8813586564776,0.015253292636217823,0.75,21.27723990403403,0.8014358037571674,4
bonk,102,0.317291137282564,4.710048596999249,5.0,2.7495253224144114,25.606688625779498,0.16666664829303898,0.75,2.7495253224144114,0.9061012597324659,8
doge,102,0.11427626904456267,2.502506804337536,3.2878975386682527,1.5511195220199243,14.24783583230211,0.12302288805357353,0.5555555555555556,1.5511195220199243,0.700421637042062,18
shib,102,0.07554569865267169,1.8091468284253314,1.0173192267080686,1.7848417472311426,11.199425641474178,0.1111110437411356,0.6,1.7848417472311426,0.6878269097752185,5
pepe,102,0.33272225639678377,5.402959809450159,0.0,21.27723990403403,283.8813586564776,0.015253292636217823,0.75,21.27723990403403,0.8014358037571674,4
bonk,103,0.317291137282564,4.710048596999249,5.0,2.7495253224144114,25.606688625779498,0.16666664829303898,0.75,2.7495253224144114,0.9061012597324659,8
doge,103,0.11427626904456267,2.502506804337536,3.2878975386682527,1.5511195220199243,14.24783583230211,0.12302288805357353,0.5555555555555556,1.5511195220199243,0.700421637042062,18
shib,103,0.07554569865267169,1.8091468284253314,1.0173192267080686,1.7848417472311426,11.199425641474178,0.1111110437411356,0.6,1.7848417472311426,0.6878269097752185,5
pepe,103,0.33272225639678377,5.402959809450159,0.0,21.27723990403403,283.8813586564776,0.015253292636217823,0.75,21.27723990403403,0.8014358037571674,4
bonk,104,0.317291137282564,4.710048596999249,5.0,2.7495253224144114,25.606688625779498,0.16666664829303898,0.75,2.7495253224144114,0.9061012597324659,8
doge,104,0.11427626904456267,2.502506804337536,3.2878975386682527,1.5511195220199243,14.24783583230211,0.12302288805357353,0.5555555555555556,1.5511195220199243,0.700421637042062,18
shib,104,0.07554569865267169,1.8091468284253314,1.0173192267080686,1.7848417472311426,11.199425641474178,0.1111110437411356,0.6,1.7848417472311426,0.6878269097752185,5
pepe,104,0.33272225639678377,5.402959809450159,0.0,21.27723990403403,283.8813586564776,0.015253292636217823,0.75,21.27723990403403,0.8014358037571674,4
bonk,105,0.317291137282564,4.710048596999249,5.0,2.7495253224144114,25.606688625779498,0.16666664829303898,0.75,2.7495253224144114,0.9061012597324659,8
doge,105,0.11427626904456267,2.502506804337536,3.2878975386682527,1.5511195220199243,14.24783583230211,0.12302288805357353,0.5555555555555556,1.5511195220199243,0.700421637042062,18
shib,105,0.07554569865267169,1.8091468284253314,1.0173192267080686,1.7848417472311426,11.199425641474178,0.1111110437411356,0.6,1.7848417472311426,0.6878269097752185,5
pepe,105,0.33272225639678377,5.402959809450159,0.0,21.27723990403403,283.8813586564776,0.015253292636217823,0.75,21.27723990403403,0.8014358037571674,4
bonk,106,0.317291137282564,4.710048596999249,5.0,2.7495253224144114,25.606688625779498,0.16666664829303898,0.75,2.7495253224144114,0.9061012597324659,8
doge,106,0.11427626904456267,2.502506804337536,3.2878975386682527,1.5511195220199243,14.24783583230211,0.12302288805357353,0.5555555555555556,1.5511195220199243,0.700421637042062,18
shib,106,0.07554569865267169,1.8091468284253314,1.0173192267080686,1.7848417472311426,11.199425641474178,0.1111110437411356,0.6,1.7848417472311426,0.6878269097752185,5
pepe,106,0.33272225639678377,5.402959809450159,0.0,21.27723990403403,283.8813586564776,0.015253292636217823,0.75,21.27723990403403,0.8014358037571674,4
bonk,107,0.317291137282564,4.710048596999249,5.0,2.7495253224144114,25.606688625779498,0.16666664829303898,0.75,2.7495253224144114,0.9061012597324659,8
doge,107,0.11427626904456267,2.502506804337536,3.2878975386682527,1.5511195220199243,14.24783583230211,0.12302288805357353,0.5555555555555556,1.5511195220199243,0.700421637042062,18
shib,107,0.07554569865267169,1.8091468284253314,1.0173192267080686,1.7848417472311426,11.199425641474178,0.1111110437411356,0.6,1.7848417472311426,0.6878269097752185,5
pepe,107,0.33272225639678377,5.402959809450159,0.0,21.27723990403403,283.8813586564776,0.015253292636217823,0.75,21.27723990403403,0.8014358037571674,4
bonk,108,0.317291137282564,4.710048596999249,5.0,2.7495253224144114,25.606688625779498,0.16666664829303898,0.75,2.7495253224144114,0.9061012597324659,8
doge,108,0.11427626904456267,2.502506804337536,3.2878975386682527,1.5511195220199243,14.24783583230211,0.12302288805357353,0.5555555555555556,1.5511195220199243,0.700421637042062,18
shib,108,0.07554569865267169,1.8091468284253314,1.0173192267080686,1.7848417472311426,11.199425641474178,0.1111110437411356,0.6,1.7848417472311426,0.6878269097752185,5
pepe,108,0.33272225639678377,5.402959809450159,0.0,21.27723990403403,283.8813586564776,0.015253292636217823,0.75,21.27723990403403,0.8014358037571674,4
bonk,109,0.317291137282564,4.710048596999249,5.0,2.7495253224144114,25.606688625779498,0.16666664829303898,0.75,2.7495253224144114,0.9061012597324659,8
doge,109,0.11427626904456267,2.502506804337536,3.2878975386682527,1.5511195220199243,14.24783583230211,0.12302288805357353,0.5555555555555556,1.5511195220199243,0.700421637042062,18
shib,109,0.07554569865267169,1.8091468284253314,1.0173192267080686,1.7848417472311426,11.199425641474178,0.1111110437411356,0.6,1.7848417472311426,0.6878269097752185,5
pepe,109,0.33272225639678377,5.402959809450159,0.0,21.27723990403403,283.8813586564776,0.015253292636217823,0.75,21.27723990403403,0.8014358037571674,4
bonk,110,0.317291137282564,4.710048596999249,5.0,2.7495253224144114,25.606688625779498,0.16666664829303898,0.75,2.7495253224144114,0.9061012597324659,8
doge,110,0.11427626904456267,2.502506804337536,3.2878975386682527,1.5511195220199243,14.24783583230211,0.12302288805357353,0.5555555555555556,1.5511195220199243,0.700421637042062,18
shib,110,0.07554569865267169,1.8091468284253314,1.0173192267080686,1.7848417472311426,11.199425641474178,0.1111110437411356,0.6,1.7848417472311426,0.6878269097752185,5
pepe,110,0.33272225639678377,5.402959809450159,0.0,21.27723990403403,283.8813586564776,0.015253292636217823,0.75,21.27723990403403,0.8014358037571674,4
bonk,111,0.317291137282564,4.710048596999249,5.0,2.7495253224144114,25.606688625779498,0.16666664829303898,0.75,2.7495253224144114,0.9061012597324659,8
doge,111,0.11427626904456267,2.502506804337536,3.2878975386682527,1.5511195220199243,14.24783583230211,0.12302288805357353,0.5555555555555556,1.5511195220199243,0.700421637042062,18
shib,111,0.07554569865267169,1.8091468284253314,1.0173192267080686,1.7848417472311426,11.199425641474178,0.1111110437411356,0.6,1.7848417472311426,0.6878269097752185,5
pepe,111,0.33272225639678377,5.402959809450159,0.0,21.27723990403403,283.8813586564776,0.015253292636217823,0.75,21.27723990403403,0.8014358037571674,4
bonk,112,0.317291137282564,4.710048596999249,5.0,2.7495253224144114,25.606688625779498,0.16666664829303898,0.75,2.7495253224144114,0.9061012597324659,8
doge,112,0.11427626904456267,2.502506804337536,3.2878975386682527,1.5511195220199243,14.24783583230211,0.12302288805357353,0.5555555555555556,1.5511195220199243,0.700421637042062,18
shib,112,0.07554569865267169,1.8091468284253314,1.0173192267080686,1.7848417472311426,11.199425641474178,0.1111110437411356,0.6,1.7848417472311426,0.6878269097752185,5
pepe,112,0.33272225639678377,5.402959809450159,0.0,21.27723990403403,283.8813586564776,0.015253292636217823,0.75,21.27723990403403,0.8014358037571674,4
bonk,113,0.317291137282564,4.710048596999249,5.0,2.7495253224144114,25.606688625779498,0.16666664829303898,0.75,2.7495253224144114,0.9061012597324659,8
doge,113,0.11427626904456267,2.502506804337536,3.2878975386682527,1.5511195220199243,14.24783583230211,0.12302288805357353,0.5555555555555556,1.5511195220199243,0.700421637042062,18
shib,113,0.07554569865267169,1.8091468284253314,1.0173192267080686,1.7848417472311426,11.199425641474178,0.1111110437411356,0.6,1.7848417472311426,0.6878269097752185,5
pepe,113,0.33272225639678377,5.402959809450159,0.0,21.27723990403403,283.8813586564776,0.015253292636217823,0.75,21.27723990403403,0.8014358037571674,4
bonk,114,0.317291137282564,4.710048596999249,5.0,2.7495253224144114,25.606688625779498,0.16666664829303898,0.75,2.7495253224144114,0.9061012597324659,8
doge,114,0.11427626904456267,2.502506804337536,3.2878975386682527,1.5511195220199243,14.24783583230211,0.12302288805357353,0.5555555555555556,1.5511195220199243,0.700421637042062,18
shib,114,0.07554569865267169,1.8091468284253314,1.0173192267080686,1.7848417472311426,11.199425641474178,0.1111110437411356,0.6,1.7848417472311426,0.6878269097752185,5
pepe,114,0.33272225639678377,5.402959809450159,0.0,21.27723990403403,283.8813586564776,0.015253292636217823,0.75,21.27723990403403,0.8014358037571674,4
bonk,115,0.317291137282564,4.710048596999249,5.0,2.7495253224144114,25.606688625779498,0.16666664829303898,0.75,2.7495253224144114,0.9061012597324659,8
doge,115,0.11427626904456267,2.502506804337536,3.2878975386682527,1.5511195220199243,14.24783583230211,0.12302288805357353,0.5555555555555556,1.5511195220199243,0.700421637042062,18
shib,115,0.07554569865267169,1.8091468284253314,1.0173192267080686,1.7848417472311426,11.199425641474178,0.1111110437411356,0.6,1.7848417472311426,0.6878269097752185,5
pepe,115,0.33272225639678377,5.402959809450159,0.0,21.27723990403403,283.8813586564776,0.015253292636217823,0.75,21.27723990403403,0.8014358037571674,4
bonk,116,0.317291137282564,4.710048596999249,5.0,2.7495253224144114,25.606688625779498,0.16666664829303898,0.75,2.7495253224144114,0.9061012597324659,8
doge,116,0.11427626904456267,2.502506804337536,3.2878975386682527,1.5511195220199243,14.24783583230211,0.12302288805357353,0.5555555555555556,1.5511195220199243,0.700421637042062,18
shib,116,0.07554569865267169,1.8091468284253314,1.0173192267080686,1.7848417472311426,11.199425641474178,0.1111110437411356,0.6,1.7848417472311426,0.6878269097752185,5
pepe,116,0.33272225639678377,5.402959809450159,0.0,21.27723990403403,283.8813586564776,0.015253292636217823,0.75,21.27723990403403,0.8014358037571674,4
bonk,117,0.317291137282564,4.710048596999249,5.0,2.7495253224144114,25.606688625779498,0.16666664829303898,0.75,2.7495253224144114,0.9061012597324659,8
doge,117,0.11427626904456267,2.502506804337536,3.2878975386682527,1.5511195220199243,14.24783583230211,0.12302288805357353,0.5555555555555556,1.5511195220199243,0.700421637042062,18
shib,117,0.07554569865267169,1.8091468284253314,1.0173192267080686,1.7848417472311426,11.199425641474178,0.1111110437411356,0.6,1.7848417472311426,0.6878269097752185,5
pepe,117,0.33272225639678377,5.402959809450159,0.0,21.27723990403403,283.8813586564776,0.015253292636217823,0.75,21.27723990403403,0.8014358037571674,4
bonk,118,0.317291137282564,4.710048596999249,5.0,2.7495253224144114,25.606688625779498,0.16666664829303898,0.75,2.7495253224144114,0.9061012597324659,8
doge,118,0.11427626904456267,2.502506804337536,3.2878975386682527,1.5511195220199243,14.24783583230211,0.12302288805357353,0.5555555555555556,1.5511195220199243,0.700421637042062,18
shib,118,0.07554569865267169,1.8091468284253314,1.0173192267080686,1.7848417472311426,11.199425641474178,0.1111110437411356,0.6,1.7848417472311426,0.6878269097752185,5
pepe,118,0.33272225639678377,5.402959809450159,0.0,21.27723990403403,283.8813586564776,0.015253292636217823,0.75,21.27723990403403,0.8014358037571674,4
bonk,119,0.317291137282564,4.710048596999249,5.0,2.7495253224144114,25.606688625779498,0.16666664829303898,0.75,2.7495253224144114,0.9061012597324659,8
doge,119,0.11427626904456267,2.502506804337536,3.2878975386682527,1.5511195220199243,14.24783583230211,0.12302288805357353,0.5555555555555556,1.5511195220199243,0.700421637042062,18
shib,119,0.07554569865267169,1.8091468284253314,1.0173192267080686,1.7848417472311426,11.199425641474178,0.1111110437411356,0.6,1.7848417472311426,0.6878269097752185,5
pepe,119,0.33272225639678377,5.402959809450159,0.0,21.27723990403403,283.8813586564776,0.015253292636217823,0.75,21.27723990403403,0.8014358037571674,4
bonk,120,0.317291137282564,4.710048596999249,5.0,2.7495253224144114,25.606688625779498,0.16666664829303898,0.75,2.7495253224144114,0.9061012597324659,8
doge,120,0.11427626904456267,2.502506804337536,3.2878975386682527,1.5511195220199243,14.24783583230211,0.12302288805357353,0.5555555555555556,1.5511195220199243,0.700421637042062,18
shib,120,0.07554569865267169,1.8091468284253314,1.0173192267080686,1.7848417472311426,11.199425641474178,0.1111110437411356,0.6,1.7848417472311426,0.6878269097752185,5
pepe,120,0.33272225639678377,5.402959809450159,0.0,21.27723990403403,283.8813586564776,0.015253292636217823,0.75,21.27723990403403,0.8014358037571674,4
bonk,121,0.317291137282564,4.710048596999249,5.0,2.7495253224144114,25.606688625779498,0.16666664829303898,0.75,2.7495253224144114,0.9061012597324659,8
doge,121,0.11427626904456267,2.502506804337536,3.2878975386682527,1.5511195220199243,14.24783583230211,0.12302288805357353,0.5555555555555556,1.5511195220199243,0.700421637042062,18
shib,121,0.07554569865267169,1.8091468284253314,1.0173192267080686,1.7848417472311426,11.199425641474178,0.1111110437411356,0.6,1.7848417472311426,0.6878269097752185,5
pepe,121,0.33272225639678377,5.402959809450159,0.0,21.27723990403403,283.8813586564776,0.015253292636217823,0.75,21.27723990403403,0.8014358037571674,4
bonk,122,0.317291137282564,4.710048596999249,5.0,2.7495253224144114,25.606688625779498,0.16666664829303898,0.75,2.7495253224144114,0.9061012597324659,8
doge,122,0.11427626904456267,2.502506804337536,3.2878975386682527,1.5511195220199243,14.24783583230211,0.12302288805357353,0.5555555555555556,1.5511195220199243,0.700421637042062,18
shib,122,0.07554569865267169,1.8091468284253314,1.0173192267080686,1.7848417472311426,11.199425641474178,0.1111110437411356,0.6,1.7848417472311426,0.6878269097752185,5
pepe,122,0.33272225639678377,5.402959809450159,0.0,21.27723990403403,283.8813586564776,0.015253292636217823,0.75,21.27723990403403,0.8014358037571674,4
bonk,123,0.317291137282564,4.710048596999249,5.0,2.7495253224144114,25.606688625779498,0.16666664829303898,0.75,2.7495253224144114,0.9061012597324659,8
doge,123,0.11427626904456267,2.502506804337536,3.2878975386682527,1.5511195220199243,14.24783583230211,0.12302288805357353,0.5555555555555556,1.5511195220199243,0.700421637042062,18
shib,123,0.07554569865267169,1.8091468284253314,1.0173192267080686,1.7848417472311426,11.199425641474178,0.1111110437411356,0.6,1.7848417472311426,0.6878269097752185,5
pepe,123,0.33272225639678377,5.402959809450159,0.0,21.27723990403403,283.8813586564776,0.015253292636217823,0.75,21.27723990403403,0.8014358037571674,4
bonk,124,0.317291137282564,4.710048596999249,5.0,2.7495253224144114,25.606688625779498,0.16666664829303898,0.75,2.7495253224144114,0.9061012597324659,8
doge,124,0.11427626904456267,2.502506804337536,3.2878975386682527,1.5511195220199243,14.24783583230211,0.12302288805357353,0.5555555555555556,1.5511195220199243,0.700421637042062,18
shib,124,0.07554569865267169,1.8091468284253314,1.0173192267080686,1.7848417472311426,11.199425641474178,0.1111110437411356,0.6,1.7848417472311426,0.6878269097752185,5
pepe,124,0.33272225639678377,5.402959809450159,0.0,21.27723990403403,283.8813586564776,0.015253292636217823,0.75,21.27723990403403,0.8014358037571674,4
bonk,125,0.317291137282564,4.710048596999249,5.0,2.7495253224144114,25.606688625779498,0.16666664829303898,0.75,2.7495253224144114,0.9061012597324659,8
doge,125,0.11427626904456267,2.502506804337536,3.2878975386682527,1.5511195220199243,14.24783583230211,0.12302288805357353,0.5555555555555556,1.5511195220199243,0.700421637042062,18
shib,125,0.07554569865267169,1.8091468284253314,1.0173192267080686,1.7848417472311426,11.199425641474178,0.1111110437411356,0.6,1.7848417472311426,0.6878269097752185,5
pepe,125,0.33272225639678377,5.402959809450159,0.0,21.27723990403403,283.8813586564776,0.015253292636217823,0.75,21.27723990403403,0.8014358037571674,4
bonk,126,0.317291137282564,4.710048596999249,5.0,2.7495253224144114,25.606688625779498,0.16666664829303898,0.75,2.7495253224144114,0.9061012597324659,8
doge,126,0.11427626904456267,2.502506804337536,3.2878975386682527,1.5511195220199243,14.24783583230211,0.12302288805357353,0.5555555555555556,1.5511195220199243,0.700421637042062,18
shib,126,0.07554569865267169,1.8091468284253314,1.0173192267080686,1.7848417472311426,11.199425641474178,0.1111110437411356,0.6,1.7848417472311426,0.6878269097752185,5
pepe,126,0.33272225639678377,5.402959809450159,0.0,21.27723990403403,283.8813586564776,0.015253292636217823,0.75,21.27723990403403,0.8014358037571674,4
bonk,127,0.317291137282564,4.710048596999249,5.0,2.7495253224144114,25.606688625779498,0.16666664829303898,0.75,2.7495253224144114,0.9061012597324659,8
doge,127,0.11427626904456267,2.502506804337536,3.2878975386682527,1.5511195220199243,14.24783583230211,0.12302288805357353,0.5555555555555556,1.5511195220199243,0.700421637042062,18
shib,127,0.07554569865267169,1.8091468284253314,1.0173192267080686,1.7848417472311426,11.199425641474178,0.1111110437411356,0.6,1.7848417472311426,0.6878269097752185,5
pepe,127,0.33272225639678377,5.402959809450159,0.0,21.27723990403403,283.8813586564776,0.015253292636217823,0.75,21.27723990403403,0.8014358037571674,4
bonk,128,0.317291137282564,4.710048596999249,5.0,2.7495253224144114,25.606688625779498,0.16666664829303898,0.75,2.7495253224144114,0.9061012597324659,8
doge,128,0.11427626904456267,2.502506804337536,3.2878975386682527,1.5511195220199243,14.24783583230211,0.12302288805357353,0.5555555555555556,1.5511195220199243,0.700421637042062,18
shib,128,0.07554569865267169,1.8091468284253314,1.0173192267080686,1.7848417472311426,11.199425641474178,0.1111110437411356,0.6,1.7848417472311426,0.6878269097752185,5
pepe,128,0.33272225639678377,5.402959809450159,0.0,21.27723990403403,283.8813586564776,0.015253292636217823,0.75,21.27723990403403,0.8014358037571674,4
bonk,129,0.317291137282564,4.710048596999249,5.0,2.7495253224144114,25.606688625779498,0.16666664829303898,0.75,2.7495253224144114,0.9061012597324659,8
doge,129,0.11427626904456267,2.502506804337536,3.2878975386682527,1.5511195220199243,14.24783583230211,0.12302288805357353,0.5555555555555556,1.5511195220199243,0.700421637042062,18
shib,129,0.07554569865267169,1.8091468284253314,1.0173192267080686,1.7848417472311426,11.199425641474178,0.1111110437411356,0.6,1.7848417472311426,0.6878269097752185,5
pepe,129,0.33272225639678377,5.402959809450159,0.0,21.27723990403403,283.8813586564776,0.015253292636217823,0.75,21.27723990403403,0.8014358037571674,4
bonk,130,0.317291137282564,4.710048596999249,5.0,2.7495253224144114,25.606688625779498,0.16666664829303898,0.75,2.7495253224144114,0.9061012597324659,8
doge,130,0.11427626904456267,2.502506804337536,3.2878975386682527,1.5511195220199243,14.24783583230211,0.12302288805357353,0.5555555555555556,1.5511195220199243,0.700421637042062,18
shib,130,0.07554569865267169,1.8091468284253314,1.0173192267080686,1.7848417472311426,11.199425641474178,0.1111110437411356,0.6,1.7848417472311426,0.6878269097752185,5
pepe,130,0.33272225639678377,5.402959809450159,0.0,21.27723990403403,283.8813586564776,0.015253292636217823,0.75,21.27723990403403,0.8014358037571674,4
bonk,131,0.317291137282564,4.710048596999249,5.0,2.7495253224144114,25.606688625779498,0.16666664829303898,0.75,2.7495253224144114,0.9061012597324659,8
doge,131,0.11427626904456267,2.502506804337536,3.2878975386682527,1.5511195220199243,14.24783583230211,0.12302288805357353,0.5555555555555556,1.5511195220199243,0.700421637042062,18
shib,131,0.07554569865267169,1.8091468284253314,1.0173192267080686,1.7848417472311426,11.199425641474178,0.1111110437411356,0.6,1.7848417472311426,0.6878269097752185,5
pepe,131,0.33272225639678377,5.402959809450159,0.0,21.27723990403403,283.8813586564776,0.015253292636217823,0.75,21.27723990403403,0.8014358037571674,4
bonk,132,0.317291137282564,4.710048596999249,5.0,2.7495253224144114,25.606688625779498,0.16666664829303898,0.75,2.7495253224144114,0.9061012597324659,8
doge,132,0.11427626904456267,2.502506804337536,3.2878975386682527,1.5511195220199243,14.24783583230211,0.12302288805357353,0.5555555555555556,1.5511195220199243,0.700421637042062,18
shib,132,0.07554569865267169,1.8091468284253314,1.0173192267080686,1.7848417472311426,11.199425641474178,0.1111110437411356,0.6,1.7848417472311426,0.6878269097752185,5
pepe,132,0.33272225639678377,5.402959809450159,0.0,21.27723990403403,283.8813586564776,0.015253292636217823,0.75,21.27723990403403,0.8014358037571674,4
bonk,133,0.317291137282564,4.710048596999249,5.0,2.7495253224144114,25.606688625779498,0.16666664829303898,0.75,2.7495253224144114,0.9061012597324659,8
doge,133,0.11427626904456267,2.502506804337536,3.2878975386682527,1.5511195220199243,14.24783583230211,0.12302288805357353,0.5555555555555556,1.5511195220199243,0.700421637042062,18
shib,133,0.07554569865267169,1.8091468284253314,1.0173192267080686,1.7848417472311426,11.199425641474178,0.1111110437411356,0.6,1.7848417472311426,0.6878269097752185,5
pepe,133,0.33272225639678377,5.402959809450159,0.0,21.27723990403403,283.8813586564776,0.015253292636217823,0.75,21.27723990403403,0.8014358037571674,4
bonk,134,0.317291137282564,4.710048596999249,5.0,2.7495253224144114,25.606688625779498,0.16666664829303898,0.75,2.7495253224144114,0.9061012597324659,8
doge,134,0.11427626904456267,2.502506804337536,3.2878975386682527,1.5511195220199243,14.24783583230211,0.12302288805357353,0.5555555555555556,1.5511195220199243,0.700421637042062,18
shib,134,0.07554569865267169,1.8091468284253314,1.0173192267080686,1.7848417472311426,11.199425641474178,0.1111110437411356,0.6,1.7848417472311426,0.6878269097752185,5
pepe,134,0.33272225639678377,5.402959809450159,0.0,21.27723990403403,283.8813586564776,0.015253292636217823,0.75,21.27723990403403,0.8014358037571674,4
bonk,135,0.317291137282564,4.710048596999249,5.0,2.7495253224144114,25.606688625779498,0.16666664829303898,0.75,2.7495253224144114,0.9061012597324659,8
doge,135,0.11427626904456267,2.502506804337536,3.2878975386682527,1.5511195220199243,14.24783583230211,0.12302288805357353,0.5555555555555556,1.5511195220199243,0.700421637042062,18
shib,135,0.07554569865267169,1.8091468284253314,1.0173192267080686,1.7848417472311426,11.199425641474178,0.1111110437411356,0.6,1.7848417472311426,0.6878269097752185,5
pepe,135,0.33272225639678377,5.402959809450159,0.0,21.27723990403403,283.8813586564776,0.015253292636217823,0.75,21.27723990403403,0.8014358037571674,4
bonk,136,0.317291137282564,4.710048596999249,5.0,2.7495253224144114,25.606688625779498,0.16666664829303898,0.75,2.7495253224144114,0.9061012597324659,8
doge,136,0.11427626904456267,2.502506804337536,3.2878975386682527,1.5511195220199243,14.24783583230211,0.12302288805357353,0.5555555555555556,1.5511195220199243,0.700421637042062,18
shib,136,0.07554569865267169,1.8091468284253314,1.0173192267080686,1.7848417472311426,11.199425641474178,0.1111110437411356,0.6,1.7848417472311426,0.6878269097752185,5
pepe,136,0.33272225639678377,5.402959809450159,0.0,21.27723990403403,283.8813586564776,0.015253292636217823,0.75,21.27723990403403,0.8014358037571674,4
bonk,137,0.317291137282564,4.710048596999249,5.0,2.7495253224144114,25.606688625779498,0.16666664829303898,0.75,2.7495253224144114,0.9061012597324659,8
doge,137,0.11427626904456267,2.502506804337536,3.2878975386682527,1.5511195220199243,14.24783583230211,0.12302288805357353,0.5555555555555556,1.5511195220199243,0.700421637042062,18
shib,137,0.07554569865267169,1.8091468284253314,1.0173192267080686,1.7848417472311426,11.199425641474178,0.1111110437411356,0.6,1.7848417472311426,0.6878269097752185,5
pepe,137,0.33272225639678377,5.402959809450159,0.0,21.27723990403403,283.8813586564776,0.015253292636217823,0.75,21.27723990403403,0.8014358037571674,4
bonk,138,0.317291137282564,4.710048596999249,5.0,2.7495253224144114,25.606688625779498,0.16666664829303898,0.75,2.7495253224144114,0.9061012597324659,8
doge,138,0.11427626904456267,2.502506804337536,3.2878975386682527,1.5511195220199243,14.24783583230211,0.12302288805357353,0.5555555555555556,1.5511195220199243,0.700421637042062,18
shib,138,0.07554569865267169,1.8091468284253314,1.0173192267080686,1.7848417472311426,11.199425641474178,0.1111110437411356,0.6,1.7848417472311426,0.6878269097752185,5
pepe,138,0.33272225639678377,5.402959809450159,0.0,21.27723990403403,283.8813586564776,0.015253292636217823,0.75,21.27723990403403,0.8014358037571674,4
bonk,139,0.317291137282564,4.710048596999249,5.0,2.7495253224144114,25.606688625779498,0.16666664829303898,0.75,2.7495253224144114,0.9061012597324659,8
doge,139,0.11427626904456267,2.502506804337536,3.2878975386682527,1.5511195220199243,14.24783583230211,0.12302288805357353,0.5555555555555556,1.5511195220199243,0.700421637042062,18
shib,139,0.07554569865267169,1.8091468284253314,1.0173192267080686,1.7848417472311426,11.199425641474178,0.1111110437411356,0.6,1.7848417472311426,0.6878269097752185,5
pepe,139,0.33272225639678377,5.402959809450159,0.0,21.27723990403403,283.8813586564776,0.015253292636217823,0.75,21.27723990403403,0.8014358037571674,4
bonk,140,0.317291137282564,4.710048596999249,5.0,2.7495253224144114,25.606688625779498,0.16666664829303898,0.75,2.7495253224144114,0.9061012597324659,8
doge,140,0.11427626904456267,2.502506804337536,3.2878975386682527,1.5511195220199243,14.24783583230211,0.12302288805357353,0.5555555555555556,1.5511195220199243,0.700421637042062,18
shib,140,0.07554569865267169,1.8091468284253314,1.0173192267080686,1.7848417472311426,11.199425641474178,0.1111110437411356,0.6,1.7848417472311426,0.6878269097752185,5
pepe,140,0.33272225639678377,5.402959809450159,0.0,21.27723990403403,283.8813586564776,0.015253292636217823,0.75,21.27723990403403,0.8014358037571674,4
bonk,141,0.317291137282564,4.710048596999249,5.0,2.7495253224144114,25.606688625779498,0.16666664829303898,0.75,2.7495253224144114,0.9061012597324659,8
doge,141,0.11427626904456267,2.502506804337536,3.2878975386682527,1.5511195220199243,14.24783583230211,0.12302288805357353,0.5555555555555556,1.5511195220199243,0.700421637042062,18
shib,141,0.07554569865267169,1.8091468284253314,1.0173192267080686,1.7848417472311426,11.199425641474178,0.1111110437411356,0.6,1.7848417472311426,0.6878269097752185,5
pepe,141,0.33272225639678377,5.402959809450159,0.0,21.27723990403403,283.8813586564776,0.015253292636217823,0.75,21.27723990403403,0.8014358037571674,4
bonk,142,0.317291137282564,4.710048596999249,5.0,2.7495253224144114,25.606688625779498,0.16666664829303898,0.75,2.7495253224144114,0.9061012597324659,8
doge,142,0.11427626904456267,2.502506804337536,3.2878975386682527,1.5511195220199243,14.24783583230211,0.12302288805357353,0.5555555555555556,1.5511195220199243,0.700421637042062,18
shib,142,0.07554569865267169,1.8091468284253314,1.0173192267080686,1.7848417472311426,11.199425641474178,0.1111110437411356,0.6,1.7848417472311426,0.6878269097752185,5
pepe,142,0.33272225639678377,5.402959809450159,0.0,21.27723990403403,283.8813586564776,0.015253292636217823,0.75,21.27723990403403,0.8014358037571674,4
bonk,143,0.317291137282564,4.710048596999249,5.0,2.7495253224144114,25.606688625779498,0.16666664829303898,0.75,2.7495253224144114,0.9061012597324659,8
doge,143,0.11427626904456267,2.502506804337536,3.2878975386682527,1.5511195220199243,14.24783583230211,0.12302288805357353,0.5555555555555556,1.5511195220199243,0.700421637042062,18
shib,143,0.07554569865267169,1.8091468284253314,1.0173192267080686,1.7848417472311426,11.199425641474178,0.1111110437411356,0.6,1.7848417472311426,0.6878269097752185,5
pepe,143,0.33272225639678377,5.402959809450159,0.0,21.27723990403403,283.8813586564776,0.015253292636217823,0.75,21.27723990403403,0.8014358037571674,4
bonk,144,0.317291137282564,4.710048596999249,5.0,2.7495253224144114,25.606688625779498,0.16666664829303898,0.75,2.7495253224144114,0.9061012597324659,8
doge,144,0.11427626904456267,2.502506804337536,3.2878975386682527,1.5511195220199243,14.24783583230211,0.12302288805357353,0.5555555555555556,1.5511195220199243,0.700421637042062,18
shib,144,0.07554569865267169,1.8091468284253314,1.0173192267080686,1.7848417472311426,11.199425641474178,0.1111110437411356,0.6,1.7848417472311426,0.6878269097752185,5
pepe,144,0.33272225639678377,5.402959809450159,0.0,21.27723990403403,283.8813586564776,0.015253292636217823,0.75,21.27723990403403,0.8014358037571674,4
bonk,145,0.317291137282564,4.710048596999249,5.0,2.7495253224144114,25.606688625779498,0.16666664829303898,0.75,2.7495253224144114,0.9061012597324659,8
doge,145,0.11427626904456267,2.502506804337536,3.2878975386682527,1.5511195220199243,14.24783583230211,0.12302288805357353,0.5555555555555556,1.5511195220199243,0.700421637042062,18
shib,145,0.07554569865267169,1.8091468284253314,1.0173192267080686,1.7848417472311426,11.199425641474178,0.1111110437411356,0.6,1.7848417472311426,0.6878269097752185,5
pepe,145,0.33272225639678377,5.402959809450159,0.0,21.27723990403403,283.8813586564776,0.015253292636217823,0.75,21.27723990403403,0.8014358037571674,4
bonk,146,0.317291137282564,4.710048596999249,5.0,2.7495253224144114,25.606688625779498,0.16666664829303898,0.75,2.7495253224144114,0.9061012597324659,8
doge,146,0.11427626904456267,2.502506804337536,3.2878975386682527,1.5511195220199243,14.24783583230211,0.12302288805357353,0.5555555555555556,1.5511195220199243,0.700421637042062,18
shib,146,0.07554569865267169,1.8091468284253314,1.0173192267080686,1.7848417472311426,11.199425641474178,0.1111110437411356,0.6,1.7848417472311426,0.6878269097752185,5
pepe,146,0.33272225639678377,5.402959809450159,0.0,21.27723990403403,283.8813586564776,0.015253292636217823,0.75,21.27723990403403,0.8014358037571674,4
bonk,147,0.317291137282564,4.710048596999249,5.0,2.7495253224144114,25.606688625779498,0.16666664829303898,0.75,2.7495253224144114,0.9061012597324659,8
doge,147,0.11427626904456267,2.502506804337536,3.2878975386682527,1.5511195220199243,14.24783583230211,0.12302288805357353,0.5555555555555556,1.5511195220199243,0.700421637042062,18
shib,147,0.07554569865267169,1.8091468284253314,1.0173192267080686,1.7848417472311426,11.199425641474178,0.1111110437411356,0.6,1.7848417472311426,0.6878269097752185,5
pepe,147,0.33272225639678377,5.402959809450159,0.0,21.27723990403403,283.8813586564776,0.015253292636217823,0.75,21.27723990403403,0.8014358037571674,4
bonk,148,0.317291137282564,4.710048596999249,5.0,2.7495253224144114,25.606688625779498,0.16666664829303898,0.75,2.7495253224144114,0.9061012597324659,8
doge,148,0.11427626904456267,2.502506804337536,3.2878975386682527,1.5511195220199243,14.24783583230211,0.12302288805357353,0.5555555555555556,1.5511195220199243,0.700421637042062,18
shib,148,0.07554569865267169,1.8091468284253314,1.0173192267080686,1.7848417472311426,11.199425641474178,0.1111110437411356,0.6,1.7848417472311426,0.6878269097752185,5
pepe,148,0.33272225639678377,5.402959809450159,0.0,21.27723990403403,283.8813586564776,0.015253292636217823,0.75,21.27723990403403,0.8014358037571674,4
bonk,149,0.317291137282564,4.710048596999249,5.0,2.7495253224144114,25.606688625779498,0.16666664829303898,0.75,2.7495253224144114,0.9061012597324659,8
doge,149,0.11427626904456267,2.502506804337536,3.2878975386682527,1.5511195220199243,14.24783583230211,0.12302288805357353,0.5555555555555556,1.5511195220199243,0.700421637042062,18
shib,149,0.07554569865267169,1.8091468284253314,1.0173192267080686,1.7848417472311426,11.199425641474178,0.1111110437411356,0.6,1.7848417472311426,0.6878269097752185,5
pepe,149,0.33272225639678377,5.402959809450159,0.0,21.27723990403403,283.8813586564776,0.015253292636217823,0.75,21.27723990403403,0.8014358037571674,4
bonk,150,0.317291137282564,4.710048596999249,5.0,2.7495253224144114,25.606688625779498,0.16666664829303898,0.75,2.7495253224144114,0.9061012597324659,8
doge,150,0.11427626904456267,2.502506804337536,3.2878975386682527,1.5511195220199243,14.24783583230211,0.12302288805357353,0.5555555555555556,1.5511195220199243,0.700421637042062,18
shib,150,0.07554569865267169,1.8091468284253314,1.0173192267080686,1.7848417472311426,11.199425641474178,0.1111110437411356,0.6,1.7848417472311426,0.6878269097752185,5
pepe,150,0.33272225639678377,5.402959809450159,0.0,21.27723990403403,283.8813586564776,0.015253292636217823,0.75,21.27723990403403,0.8014358037571674,4
