asset,rsi_length,total_return,sharpe_ratio,sortino_ratio,omega_ratio,calmar_ratio,max_drawdown,win_rate,profit_factor,volatility,num_trades
uni,5,-0.045989817431461466,-6.784042226869269,-5.0,0.0,-21.246353597477917,0.045989817431461466,0.0,0.0,0.1440315213785466,2
xmr,5,0.036961171606165966,1.9852242105471027,4.022021806910415,1.3841366733819382,11.741827686810131,0.07205274489631629,0.45454545454545453,1.3841366733819382,0.4261639115820971,11
aave,5,-0.21067871625481327,-7.656975708622557,-5.0,0.0,-23.50921269667738,0.20113804278660977,0.0,0.0,0.6175541374565037,5
uni,6,-0.045989817431461466,-6.784042226869269,-5.0,0.0,-21.246353597477917,0.045989817431461466,0.0,0.0,0.1440315213785466,2
xmr,6,0.036961171606165966,1.9852242105471027,4.022021806910415,1.3841366733819382,11.741827686810131,0.07205274489631629,0.45454545454545453,1.3841366733819382,0.4261639115820971,11
aave,6,-0.20113804278660963,-7.18773481701232,-5.0,0.0,-22.262310565668997,0.20113804278660963,0.0,0.0,0.6229775706927903,4
uni,7,-0.045989817431461466,-6.784042226869269,-5.0,0.0,-21.246353597477917,0.045989817431461466,0.0,0.0,0.1440315213785466,2
xmr,7,0.036961171606165966,1.9852242105471027,4.022021806910415,1.3841366733819382,11.741827686810131,0.07205274489631629,0.45454545454545453,1.3841366733819382,0.4261639115820971,11
aave,7,-0.18078085864879223,-6.3103224636207615,-3.872236446296693,0.0,-21.882616078652173,0.18078085864879223,0.0,0.0,0.6269026895197273,3
uni,8,-0.045989817431461466,-6.784042226869269,-5.0,0.0,-21.246353597477917,0.045989817431461466,0.0,0.0,0.1440315213785466,2
xmr,8,0.036961171606165966,1.9852242105471027,4.022021806910415,1.3841366733819382,11.741827686810131,0.07205274489631629,0.45454545454545453,1.3841366733819382,0.4261639115820971,11
aave,8,-0.18078085864879223,-6.3103224636207615,-3.872236446296693,0.0,-21.882616078652173,0.18078085864879223,0.0,0.0,0.6269026895197273,3
uni,9,-0.021948460784343204,-4.582575694955841,0.0,0.0,-21.0,0.021948460784343204,0.0,0.0,0.10058048293202256,1
xmr,9,0.036961171606165966,1.9852242105471027,4.022021806910415,1.3841366733819382,11.741827686810131,0.07205274489631629,0.45454545454545453,1.3841366733819382,0.4261639115820971,11
aave,9,-0.1565447480947647,-5.346581365986437,-2.6107843160572792,0.0,-21.41584121293181,0.1565447480947647,0.0,0.0,0.6270431960960818,2
uni,10,-0.021948460784343204,-4.582575694955841,0.0,0.0,-21.0,0.021948460784343204,0.0,0.0,0.10058048293202256,1
xmr,10,0.07449052139222889,3.559751173893612,5.0,1.7292227033296357,22.29000228596514,0.07205274489631629,0.5,1.7292227033296357,0.45117081784462737,12
aave,10,-0.02262346017138961,-4.582575694955841,0.0,0.0,-21.0,0.02262346017138961,0.0,0.0,0.1036737187172115,1
uni,11,0.0,0.0,0.0,0.0,0.0,0.0,0.0,0.0,0.0,0
xmr,11,0.07449052139222889,3.559751173893612,5.0,1.7292227033296357,22.29000228596514,0.07205274489631629,0.5,1.7292227033296357,0.45117081784462737,12
aave,11,-0.02262346017138961,-4.582575694955841,0.0,0.0,-21.0,0.02262346017138961,0.0,0.0,0.1036737187172115,1
uni,12,0.0,0.0,0.0,0.0,0.0,0.0,0.0,0.0,0.0,0
xmr,12,0.07449052139222889,3.559751173893612,5.0,1.7292227033296357,22.29000228596514,0.07205274489631629,0.5,1.7292227033296357,0.45117081784462737,12
aave,12,0.0,0.0,0.0,0.0,0.0,0.0,0.0,0.0,0.0,0
uni,13,0.0,0.0,0.0,0.0,0.0,0.0,0.0,0.0,0.0,0
xmr,13,0.07449052139222889,3.559751173893612,5.0,1.7292227033296357,22.29000228596514,0.07205274489631629,0.5,1.7292227033296357,0.45117081784462737,12
aave,13,0.0,0.0,0.0,0.0,0.0,0.0,0.0,0.0,0.0,0
uni,14,0.0,0.0,0.0,0.0,0.0,0.0,0.0,0.0,0.0,0
xmr,14,0.07449052139222889,3.559751173893612,5.0,1.7292227033296357,22.29000228596514,0.07205274489631629,0.5,1.7292227033296357,0.45117081784462737,12
aave,14,0.0,0.0,0.0,0.0,0.0,0.0,0.0,0.0,0.0,0
uni,15,0.0,0.0,0.0,0.0,0.0,0.0,0.0,0.0,0.0,0
xmr,15,0.07449052139222889,3.559751173893612,5.0,1.7292227033296357,22.29000228596514,0.07205274489631629,0.5,1.7292227033296357,0.45117081784462737,12
aave,15,0.0,0.0,0.0,0.0,0.0,0.0,0.0,0.0,0.0,0
uni,16,0.0,0.0,0.0,0.0,0.0,0.0,0.0,0.0,0.0,0
xmr,16,0.07449052139222889,3.559751173893612,5.0,1.7292227033296357,22.29000228596514,0.07205274489631629,0.5,1.7292227033296357,0.45117081784462737,12
aave,16,0.0,0.0,0.0,0.0,0.0,0.0,0.0,0.0,0.0,0
uni,17,0.0,0.0,0.0,0.0,0.0,0.0,0.0,0.0,0.0,0
xmr,17,0.07449052139222889,3.559751173893612,5.0,1.7292227033296357,22.29000228596514,0.07205274489631629,0.5,1.7292227033296357,0.45117081784462737,12
aave,17,0.0,0.0,0.0,0.0,0.0,0.0,0.0,0.0,0.0,0
uni,18,0.0,0.0,0.0,0.0,0.0,0.0,0.0,0.0,0.0,0
xmr,18,0.07449052139222889,3.559751173893612,5.0,1.7292227033296357,22.29000228596514,0.07205274489631629,0.5,1.7292227033296357,0.45117081784462737,12
aave,18,0.0,0.0,0.0,0.0,0.0,0.0,0.0,0.0,0.0,0
uni,19,0.0,0.0,0.0,0.0,0.0,0.0,0.0,0.0,0.0,0
xmr,19,0.07449052139222889,3.559751173893612,5.0,1.7292227033296357,22.29000228596514,0.07205274489631629,0.5,1.7292227033296357,0.45117081784462737,12
aave,19,0.0,0.0,0.0,0.0,0.0,0.0,0.0,0.0,0.0,0
uni,20,0.0,0.0,0.0,0.0,0.0,0.0,0.0,0.0,0.0,0
xmr,20,0.07449052139222889,3.559751173893612,5.0,1.7292227033296357,22.29000228596514,0.07205274489631629,0.5,1.7292227033296357,0.45117081784462737,12
aave,20,0.0,0.0,0.0,0.0,0.0,0.0,0.0,0.0,0.0,0
uni,21,0.0,0.0,0.0,0.0,0.0,0.0,0.0,0.0,0.0,0
xmr,21,0.07449052139222889,3.559751173893612,5.0,1.7292227033296357,22.29000228596514,0.07205274489631629,0.5,1.7292227033296357,0.45117081784462737,12
aave,21,0.0,0.0,0.0,0.0,0.0,0.0,0.0,0.0,0.0,0
uni,22,0.0,0.0,0.0,0.0,0.0,0.0,0.0,0.0,0.0,0
xmr,22,0.07449052139222889,3.559751173893612,5.0,1.7292227033296357,22.29000228596514,0.07205274489631629,0.5,1.7292227033296357,0.45117081784462737,12
aave,22,0.0,0.0,0.0,0.0,0.0,0.0,0.0,0.0,0.0,0
uni,23,0.0,0.0,0.0,0.0,0.0,0.0,0.0,0.0,0.0,0
xmr,23,0.07449052139222889,3.559751173893612,5.0,1.7292227033296357,22.29000228596514,0.07205274489631629,0.5,1.7292227033296357,0.45117081784462737,12
aave,23,0.0,0.0,0.0,0.0,0.0,0.0,0.0,0.0,0.0,0
uni,24,0.0,0.0,0.0,0.0,0.0,0.0,0.0,0.0,0.0,0
xmr,24,0.07449052139222889,3.559751173893612,5.0,1.7292227033296357,22.29000228596514,0.07205274489631629,0.5,1.7292227033296357,0.45117081784462737,12
aave,24,0.0,0.0,0.0,0.0,0.0,0.0,0.0,0.0,0.0,0
uni,25,0.0,0.0,0.0,0.0,0.0,0.0,0.0,0.0,0.0,0
xmr,25,0.07449052139222889,3.559751173893612,5.0,1.7292227033296357,22.29000228596514,0.07205274489631629,0.5,1.7292227033296357,0.45117081784462737,12
aave,25,0.0,0.0,0.0,0.0,0.0,0.0,0.0,0.0,0.0,0
uni,26,0.0,0.0,0.0,0.0,0.0,0.0,0.0,0.0,0.0,0
xmr,26,0.07449052139222889,3.559751173893612,5.0,1.7292227033296357,22.29000228596514,0.07205274489631629,0.5,1.7292227033296357,0.45117081784462737,12
aave,26,0.0,0.0,0.0,0.0,0.0,0.0,0.0,0.0,0.0,0
uni,27,0.0,0.0,0.0,0.0,0.0,0.0,0.0,0.0,0.0,0
xmr,27,0.07449052139222889,3.559751173893612,5.0,1.7292227033296357,22.29000228596514,0.07205274489631629,0.5,1.7292227033296357,0.45117081784462737,12
aave,27,0.0,0.0,0.0,0.0,0.0,0.0,0.0,0.0,0.0,0
uni,28,0.0,0.0,0.0,0.0,0.0,0.0,0.0,0.0,0.0,0
xmr,28,0.07449052139222889,3.559751173893612,5.0,1.7292227033296357,22.29000228596514,0.07205274489631629,0.5,1.7292227033296357,0.45117081784462737,12
aave,28,0.0,0.0,0.0,0.0,0.0,0.0,0.0,0.0,0.0,0
uni,29,0.0,0.0,0.0,0.0,0.0,0.0,0.0,0.0,0.0,0
xmr,29,0.07449052139222889,3.559751173893612,5.0,1.7292227033296357,22.29000228596514,0.07205274489631629,0.5,1.7292227033296357,0.45117081784462737,12
aave,29,0.0,0.0,0.0,0.0,0.0,0.0,0.0,0.0,0.0,0
uni,30,0.0,0.0,0.0,0.0,0.0,0.0,0.0,0.0,0.0,0
xmr,30,0.07449052139222889,3.559751173893612,5.0,1.7292227033296357,22.29000228596514,0.07205274489631629,0.5,1.7292227033296357,0.45117081784462737,12
aave,30,0.0,0.0,0.0,0.0,0.0,0.0,0.0,0.0,0.0,0
uni,31,0.0,0.0,0.0,0.0,0.0,0.0,0.0,0.0,0.0,0
xmr,31,0.07449052139222889,3.559751173893612,5.0,1.7292227033296357,22.29000228596514,0.07205274489631629,0.5,1.7292227033296357,0.45117081784462737,12
aave,31,0.0,0.0,0.0,0.0,0.0,0.0,0.0,0.0,0.0,0
uni,32,0.0,0.0,0.0,0.0,0.0,0.0,0.0,0.0,0.0,0
xmr,32,0.07449052139222889,3.559751173893612,5.0,1.7292227033296357,22.29000228596514,0.07205274489631629,0.5,1.7292227033296357,0.45117081784462737,12
aave,32,0.0,0.0,0.0,0.0,0.0,0.0,0.0,0.0,0.0,0
uni,33,0.0,0.0,0.0,0.0,0.0,0.0,0.0,0.0,0.0,0
xmr,33,0.07449052139222889,3.559751173893612,5.0,1.7292227033296357,22.29000228596514,0.07205274489631629,0.5,1.7292227033296357,0.45117081784462737,12
aave,33,0.0,0.0,0.0,0.0,0.0,0.0,0.0,0.0,0.0,0
uni,34,0.0,0.0,0.0,0.0,0.0,0.0,0.0,0.0,0.0,0
xmr,34,0.07449052139222889,3.559751173893612,5.0,1.7292227033296357,22.29000228596514,0.07205274489631629,0.5,1.7292227033296357,0.45117081784462737,12
aave,34,0.0,0.0,0.0,0.0,0.0,0.0,0.0,0.0,0.0,0
uni,35,0.0,0.0,0.0,0.0,0.0,0.0,0.0,0.0,0.0,0
xmr,35,0.07449052139222889,3.559751173893612,5.0,1.7292227033296357,22.29000228596514,0.07205274489631629,0.5,1.7292227033296357,0.45117081784462737,12
aave,35,0.0,0.0,0.0,0.0,0.0,0.0,0.0,0.0,0.0,0
uni,36,0.0,0.0,0.0,0.0,0.0,0.0,0.0,0.0,0.0,0
xmr,36,0.07449052139222889,3.559751173893612,5.0,1.7292227033296357,22.29000228596514,0.07205274489631629,0.5,1.7292227033296357,0.45117081784462737,12
aave,36,0.0,0.0,0.0,0.0,0.0,0.0,0.0,0.0,0.0,0
uni,37,0.0,0.0,0.0,0.0,0.0,0.0,0.0,0.0,0.0,0
xmr,37,0.07449052139222889,3.559751173893612,5.0,1.7292227033296357,22.29000228596514,0.07205274489631629,0.5,1.7292227033296357,0.45117081784462737,12
aave,37,0.0,0.0,0.0,0.0,0.0,0.0,0.0,0.0,0.0,0
uni,38,0.0,0.0,0.0,0.0,0.0,0.0,0.0,0.0,0.0,0
xmr,38,0.07449052139222889,3.559751173893612,5.0,1.7292227033296357,22.29000228596514,0.07205274489631629,0.5,1.7292227033296357,0.45117081784462737,12
aave,38,0.0,0.0,0.0,0.0,0.0,0.0,0.0,0.0,0.0,0
uni,39,0.0,0.0,0.0,0.0,0.0,0.0,0.0,0.0,0.0,0
xmr,39,0.07449052139222889,3.559751173893612,5.0,1.7292227033296357,22.29000228596514,0.07205274489631629,0.5,1.7292227033296357,0.45117081784462737,12
aave,39,0.0,0.0,0.0,0.0,0.0,0.0,0.0,0.0,0.0,0
uni,40,0.0,0.0,0.0,0.0,0.0,0.0,0.0,0.0,0.0,0
xmr,40,0.07449052139222889,3.559751173893612,5.0,1.7292227033296357,22.29000228596514,0.07205274489631629,0.5,1.7292227033296357,0.45117081784462737,12
aave,40,0.0,0.0,0.0,0.0,0.0,0.0,0.0,0.0,0.0,0
uni,41,0.0,0.0,0.0,0.0,0.0,0.0,0.0,0.0,0.0,0
xmr,41,0.07449052139222889,3.559751173893612,5.0,1.7292227033296357,22.29000228596514,0.07205274489631629,0.5,1.7292227033296357,0.45117081784462737,12
aave,41,0.0,0.0,0.0,0.0,0.0,0.0,0.0,0.0,0.0,0
uni,42,0.0,0.0,0.0,0.0,0.0,0.0,0.0,0.0,0.0,0
xmr,42,0.07449052139222889,3.559751173893612,5.0,1.7292227033296357,22.29000228596514,0.07205274489631629,0.5,1.7292227033296357,0.45117081784462737,12
aave,42,0.0,0.0,0.0,0.0,0.0,0.0,0.0,0.0,0.0,0
uni,43,0.0,0.0,0.0,0.0,0.0,0.0,0.0,0.0,0.0,0
xmr,43,0.07449052139222889,3.559751173893612,5.0,1.7292227033296357,22.29000228596514,0.07205274489631629,0.5,1.7292227033296357,0.45117081784462737,12
aave,43,0.0,0.0,0.0,0.0,0.0,0.0,0.0,0.0,0.0,0
uni,44,0.0,0.0,0.0,0.0,0.0,0.0,0.0,0.0,0.0,0
xmr,44,0.07449052139222889,3.559751173893612,5.0,1.7292227033296357,22.29000228596514,0.07205274489631629,0.5,1.7292227033296357,0.45117081784462737,12
aave,44,0.0,0.0,0.0,0.0,0.0,0.0,0.0,0.0,0.0,0
uni,45,0.0,0.0,0.0,0.0,0.0,0.0,0.0,0.0,0.0,0
xmr,45,0.07449052139222889,3.559751173893612,5.0,1.7292227033296357,22.29000228596514,0.07205274489631629,0.5,1.7292227033296357,0.45117081784462737,12
aave,45,0.0,0.0,0.0,0.0,0.0,0.0,0.0,0.0,0.0,0
uni,46,0.0,0.0,0.0,0.0,0.0,0.0,0.0,0.0,0.0,0
xmr,46,0.07449052139222889,3.559751173893612,5.0,1.7292227033296357,22.29000228596514,0.07205274489631629,0.5,1.7292227033296357,0.45117081784462737,12
aave,46,0.0,0.0,0.0,0.0,0.0,0.0,0.0,0.0,0.0,0
uni,47,0.0,0.0,0.0,0.0,0.0,0.0,0.0,0.0,0.0,0
xmr,47,0.07449052139222889,3.559751173893612,5.0,1.7292227033296357,22.29000228596514,0.07205274489631629,0.5,1.7292227033296357,0.45117081784462737,12
aave,47,0.0,0.0,0.0,0.0,0.0,0.0,0.0,0.0,0.0,0
uni,48,0.0,0.0,0.0,0.0,0.0,0.0,0.0,0.0,0.0,0
xmr,48,0.07449052139222889,3.559751173893612,5.0,1.7292227033296357,22.29000228596514,0.07205274489631629,0.5,1.7292227033296357,0.45117081784462737,12
aave,48,0.0,0.0,0.0,0.0,0.0,0.0,0.0,0.0,0.0,0
uni,49,0.0,0.0,0.0,0.0,0.0,0.0,0.0,0.0,0.0,0
xmr,49,0.07449052139222889,3.559751173893612,5.0,1.7292227033296357,22.29000228596514,0.07205274489631629,0.5,1.7292227033296357,0.45117081784462737,12
aave,49,0.0,0.0,0.0,0.0,0.0,0.0,0.0,0.0,0.0,0
uni,50,0.0,0.0,0.0,0.0,0.0,0.0,0.0,0.0,0.0,0
xmr,50,0.07449052139222889,3.559751173893612,5.0,1.7292227033296357,22.29000228596514,0.07205274489631629,0.5,1.7292227033296357,0.45117081784462737,12
aave,50,0.0,0.0,0.0,0.0,0.0,0.0,0.0,0.0,0.0,0
uni,51,0.0,0.0,0.0,0.0,0.0,0.0,0.0,0.0,0.0,0
xmr,51,0.07449052139222889,3.559751173893612,5.0,1.7292227033296357,22.29000228596514,0.07205274489631629,0.5,1.7292227033296357,0.45117081784462737,12
aave,51,0.0,0.0,0.0,0.0,0.0,0.0,0.0,0.0,0.0,0
uni,52,0.0,0.0,0.0,0.0,0.0,0.0,0.0,0.0,0.0,0
xmr,52,0.07449052139222889,3.559751173893612,5.0,1.7292227033296357,22.29000228596514,0.07205274489631629,0.5,1.7292227033296357,0.45117081784462737,12
aave,52,0.0,0.0,0.0,0.0,0.0,0.0,0.0,0.0,0.0,0
uni,53,0.0,0.0,0.0,0.0,0.0,0.0,0.0,0.0,0.0,0
xmr,53,0.07449052139222889,3.559751173893612,5.0,1.7292227033296357,22.29000228596514,0.07205274489631629,0.5,1.7292227033296357,0.45117081784462737,12
aave,53,0.0,0.0,0.0,0.0,0.0,0.0,0.0,0.0,0.0,0
uni,54,0.0,0.0,0.0,0.0,0.0,0.0,0.0,0.0,0.0,0
xmr,54,0.07449052139222889,3.559751173893612,5.0,1.7292227033296357,22.29000228596514,0.07205274489631629,0.5,1.7292227033296357,0.45117081784462737,12
aave,54,0.0,0.0,0.0,0.0,0.0,0.0,0.0,0.0,0.0,0
uni,55,0.0,0.0,0.0,0.0,0.0,0.0,0.0,0.0,0.0,0
xmr,55,0.07449052139222889,3.559751173893612,5.0,1.7292227033296357,22.29000228596514,0.07205274489631629,0.5,1.7292227033296357,0.45117081784462737,12
aave,55,0.0,0.0,0.0,0.0,0.0,0.0,0.0,0.0,0.0,0
uni,56,0.0,0.0,0.0,0.0,0.0,0.0,0.0,0.0,0.0,0
xmr,56,0.07449052139222889,3.559751173893612,5.0,1.7292227033296357,22.29000228596514,0.07205274489631629,0.5,1.7292227033296357,0.45117081784462737,12
aave,56,0.0,0.0,0.0,0.0,0.0,0.0,0.0,0.0,0.0,0
uni,57,0.0,0.0,0.0,0.0,0.0,0.0,0.0,0.0,0.0,0
xmr,57,0.07449052139222889,3.559751173893612,5.0,1.7292227033296357,22.29000228596514,0.07205274489631629,0.5,1.7292227033296357,0.45117081784462737,12
aave,57,0.0,0.0,0.0,0.0,0.0,0.0,0.0,0.0,0.0,0
uni,58,0.0,0.0,0.0,0.0,0.0,0.0,0.0,0.0,0.0,0
xmr,58,0.07449052139222889,3.559751173893612,5.0,1.7292227033296357,22.29000228596514,0.07205274489631629,0.5,1.7292227033296357,0.45117081784462737,12
aave,58,0.0,0.0,0.0,0.0,0.0,0.0,0.0,0.0,0.0,0
uni,59,0.0,0.0,0.0,0.0,0.0,0.0,0.0,0.0,0.0,0
xmr,59,0.07449052139222889,3.559751173893612,5.0,1.7292227033296357,22.29000228596514,0.07205274489631629,0.5,1.7292227033296357,0.45117081784462737,12
aave,59,0.0,0.0,0.0,0.0,0.0,0.0,0.0,0.0,0.0,0
uni,60,0.0,0.0,0.0,0.0,0.0,0.0,0.0,0.0,0.0,0
xmr,60,0.07449052139222889,3.559751173893612,5.0,1.7292227033296357,22.29000228596514,0.07205274489631629,0.5,1.7292227033296357,0.45117081784462737,12
aave,60,0.0,0.0,0.0,0.0,0.0,0.0,0.0,0.0,0.0,0
uni,61,0.0,0.0,0.0,0.0,0.0,0.0,0.0,0.0,0.0,0
xmr,61,0.07449052139222889,3.559751173893612,5.0,1.7292227033296357,22.29000228596514,0.07205274489631629,0.5,1.7292227033296357,0.45117081784462737,12
aave,61,0.0,0.0,0.0,0.0,0.0,0.0,0.0,0.0,0.0,0
uni,62,0.0,0.0,0.0,0.0,0.0,0.0,0.0,0.0,0.0,0
xmr,62,0.07449052139222889,3.559751173893612,5.0,1.7292227033296357,22.29000228596514,0.07205274489631629,0.5,1.7292227033296357,0.45117081784462737,12
aave,62,0.0,0.0,0.0,0.0,0.0,0.0,0.0,0.0,0.0,0
uni,63,0.0,0.0,0.0,0.0,0.0,0.0,0.0,0.0,0.0,0
xmr,63,0.07449052139222889,3.559751173893612,5.0,1.7292227033296357,22.29000228596514,0.07205274489631629,0.5,1.7292227033296357,0.45117081784462737,12
aave,63,0.0,0.0,0.0,0.0,0.0,0.0,0.0,0.0,0.0,0
uni,64,0.0,0.0,0.0,0.0,0.0,0.0,0.0,0.0,0.0,0
xmr,64,0.07449052139222889,3.559751173893612,5.0,1.7292227033296357,22.29000228596514,0.07205274489631629,0.5,1.7292227033296357,0.45117081784462737,12
aave,64,0.0,0.0,0.0,0.0,0.0,0.0,0.0,0.0,0.0,0
uni,65,0.0,0.0,0.0,0.0,0.0,0.0,0.0,0.0,0.0,0
xmr,65,0.07449052139222889,3.559751173893612,5.0,1.7292227033296357,22.29000228596514,0.07205274489631629,0.5,1.7292227033296357,0.45117081784462737,12
aave,65,0.0,0.0,0.0,0.0,0.0,0.0,0.0,0.0,0.0,0
uni,66,0.0,0.0,0.0,0.0,0.0,0.0,0.0,0.0,0.0,0
xmr,66,0.07449052139222889,3.559751173893612,5.0,1.7292227033296357,22.29000228596514,0.07205274489631629,0.5,1.7292227033296357,0.45117081784462737,12
aave,66,0.0,0.0,0.0,0.0,0.0,0.0,0.0,0.0,0.0,0
uni,67,0.0,0.0,0.0,0.0,0.0,0.0,0.0,0.0,0.0,0
xmr,67,0.07449052139222889,3.559751173893612,5.0,1.7292227033296357,22.29000228596514,0.07205274489631629,0.5,1.7292227033296357,0.45117081784462737,12
aave,67,0.0,0.0,0.0,0.0,0.0,0.0,0.0,0.0,0.0,0
uni,68,0.0,0.0,0.0,0.0,0.0,0.0,0.0,0.0,0.0,0
xmr,68,0.07449052139222889,3.559751173893612,5.0,1.7292227033296357,22.29000228596514,0.07205274489631629,0.5,1.7292227033296357,0.45117081784462737,12
aave,68,0.0,0.0,0.0,0.0,0.0,0.0,0.0,0.0,0.0,0
uni,69,0.0,0.0,0.0,0.0,0.0,0.0,0.0,0.0,0.0,0
xmr,69,0.07449052139222889,3.559751173893612,5.0,1.7292227033296357,22.29000228596514,0.07205274489631629,0.5,1.7292227033296357,0.45117081784462737,12
aave,69,0.0,0.0,0.0,0.0,0.0,0.0,0.0,0.0,0.0,0
uni,70,0.0,0.0,0.0,0.0,0.0,0.0,0.0,0.0,0.0,0
xmr,70,0.07449052139222889,3.559751173893612,5.0,1.7292227033296357,22.29000228596514,0.07205274489631629,0.5,1.7292227033296357,0.45117081784462737,12
aave,70,0.0,0.0,0.0,0.0,0.0,0.0,0.0,0.0,0.0,0
uni,71,0.0,0.0,0.0,0.0,0.0,0.0,0.0,0.0,0.0,0
xmr,71,0.07449052139222889,3.559751173893612,5.0,1.7292227033296357,22.29000228596514,0.07205274489631629,0.5,1.7292227033296357,0.45117081784462737,12
aave,71,0.0,0.0,0.0,0.0,0.0,0.0,0.0,0.0,0.0,0
uni,72,0.0,0.0,0.0,0.0,0.0,0.0,0.0,0.0,0.0,0
xmr,72,0.07449052139222889,3.559751173893612,5.0,1.7292227033296357,22.29000228596514,0.07205274489631629,0.5,1.7292227033296357,0.45117081784462737,12
aave,72,0.0,0.0,0.0,0.0,0.0,0.0,0.0,0.0,0.0,0
uni,73,0.0,0.0,0.0,0.0,0.0,0.0,0.0,0.0,0.0,0
xmr,73,0.07449052139222889,3.559751173893612,5.0,1.7292227033296357,22.29000228596514,0.07205274489631629,0.5,1.7292227033296357,0.45117081784462737,12
aave,73,0.0,0.0,0.0,0.0,0.0,0.0,0.0,0.0,0.0,0
uni,74,0.0,0.0,0.0,0.0,0.0,0.0,0.0,0.0,0.0,0
xmr,74,0.07449052139222889,3.559751173893612,5.0,1.7292227033296357,22.29000228596514,0.07205274489631629,0.5,1.7292227033296357,0.45117081784462737,12
aave,74,0.0,0.0,0.0,0.0,0.0,0.0,0.0,0.0,0.0,0
uni,75,0.0,0.0,0.0,0.0,0.0,0.0,0.0,0.0,0.0,0
xmr,75,0.07449052139222889,3.559751173893612,5.0,1.7292227033296357,22.29000228596514,0.07205274489631629,0.5,1.7292227033296357,0.45117081784462737,12
aave,75,0.0,0.0,0.0,0.0,0.0,0.0,0.0,0.0,0.0,0
uni,76,0.0,0.0,0.0,0.0,0.0,0.0,0.0,0.0,0.0,0
xmr,76,0.07449052139222889,3.559751173893612,5.0,1.7292227033296357,22.29000228596514,0.07205274489631629,0.5,1.7292227033296357,0.45117081784462737,12
aave,76,0.0,0.0,0.0,0.0,0.0,0.0,0.0,0.0,0.0,0
uni,77,0.0,0.0,0.0,0.0,0.0,0.0,0.0,0.0,0.0,0
xmr,77,0.07449052139222889,3.559751173893612,5.0,1.7292227033296357,22.29000228596514,0.07205274489631629,0.5,1.7292227033296357,0.45117081784462737,12
aave,77,0.0,0.0,0.0,0.0,0.0,0.0,0.0,0.0,0.0,0
uni,78,0.0,0.0,0.0,0.0,0.0,0.0,0.0,0.0,0.0,0
xmr,78,0.07449052139222889,3.559751173893612,5.0,1.7292227033296357,22.29000228596514,0.07205274489631629,0.5,1.7292227033296357,0.45117081784462737,12
aave,78,0.0,0.0,0.0,0.0,0.0,0.0,0.0,0.0,0.0,0
uni,79,0.0,0.0,0.0,0.0,0.0,0.0,0.0,0.0,0.0,0
xmr,79,0.07449052139222889,3.559751173893612,5.0,1.7292227033296357,22.29000228596514,0.07205274489631629,0.5,1.7292227033296357,0.45117081784462737,12
aave,79,0.0,0.0,0.0,0.0,0.0,0.0,0.0,0.0,0.0,0
uni,80,0.0,0.0,0.0,0.0,0.0,0.0,0.0,0.0,0.0,0
xmr,80,0.07449052139222889,3.559751173893612,5.0,1.7292227033296357,22.29000228596514,0.07205274489631629,0.5,1.7292227033296357,0.45117081784462737,12
aave,80,0.0,0.0,0.0,0.0,0.0,0.0,0.0,0.0,0.0,0
uni,81,0.0,0.0,0.0,0.0,0.0,0.0,0.0,0.0,0.0,0
xmr,81,0.07449052139222889,3.559751173893612,5.0,1.7292227033296357,22.29000228596514,0.07205274489631629,0.5,1.7292227033296357,0.45117081784462737,12
aave,81,0.0,0.0,0.0,0.0,0.0,0.0,0.0,0.0,0.0,0
uni,82,0.0,0.0,0.0,0.0,0.0,0.0,0.0,0.0,0.0,0
xmr,82,0.07449052139222889,3.559751173893612,5.0,1.7292227033296357,22.29000228596514,0.07205274489631629,0.5,1.7292227033296357,0.45117081784462737,12
aave,82,0.0,0.0,0.0,0.0,0.0,0.0,0.0,0.0,0.0,0
uni,83,0.0,0.0,0.0,0.0,0.0,0.0,0.0,0.0,0.0,0
xmr,83,0.07449052139222889,3.559751173893612,5.0,1.7292227033296357,22.29000228596514,0.07205274489631629,0.5,1.7292227033296357,0.45117081784462737,12
aave,83,0.0,0.0,0.0,0.0,0.0,0.0,0.0,0.0,0.0,0
uni,84,0.0,0.0,0.0,0.0,0.0,0.0,0.0,0.0,0.0,0
xmr,84,0.07449052139222889,3.559751173893612,5.0,1.7292227033296357,22.29000228596514,0.07205274489631629,0.5,1.7292227033296357,0.45117081784462737,12
aave,84,0.0,0.0,0.0,0.0,0.0,0.0,0.0,0.0,0.0,0
uni,85,0.0,0.0,0.0,0.0,0.0,0.0,0.0,0.0,0.0,0
xmr,85,0.07449052139222889,3.559751173893612,5.0,1.7292227033296357,22.29000228596514,0.07205274489631629,0.5,1.7292227033296357,0.45117081784462737,12
aave,85,0.0,0.0,0.0,0.0,0.0,0.0,0.0,0.0,0.0,0
uni,86,0.0,0.0,0.0,0.0,0.0,0.0,0.0,0.0,0.0,0
xmr,86,0.07449052139222889,3.559751173893612,5.0,1.7292227033296357,22.29000228596514,0.07205274489631629,0.5,1.7292227033296357,0.45117081784462737,12
aave,86,0.0,0.0,0.0,0.0,0.0,0.0,0.0,0.0,0.0,0
uni,87,0.0,0.0,0.0,0.0,0.0,0.0,0.0,0.0,0.0,0
xmr,87,0.07449052139222889,3.559751173893612,5.0,1.7292227033296357,22.29000228596514,0.07205274489631629,0.5,1.7292227033296357,0.45117081784462737,12
aave,87,0.0,0.0,0.0,0.0,0.0,0.0,0.0,0.0,0.0,0
uni,88,0.0,0.0,0.0,0.0,0.0,0.0,0.0,0.0,0.0,0
xmr,88,0.07449052139222889,3.559751173893612,5.0,1.7292227033296357,22.29000228596514,0.07205274489631629,0.5,1.7292227033296357,0.45117081784462737,12
aave,88,0.0,0.0,0.0,0.0,0.0,0.0,0.0,0.0,0.0,0
uni,89,0.0,0.0,0.0,0.0,0.0,0.0,0.0,0.0,0.0,0
xmr,89,0.07449052139222889,3.559751173893612,5.0,1.7292227033296357,22.29000228596514,0.07205274489631629,0.5,1.7292227033296357,0.45117081784462737,12
aave,89,0.0,0.0,0.0,0.0,0.0,0.0,0.0,0.0,0.0,0
uni,90,0.0,0.0,0.0,0.0,0.0,0.0,0.0,0.0,0.0,0
xmr,90,0.07449052139222889,3.559751173893612,5.0,1.7292227033296357,22.29000228596514,0.07205274489631629,0.5,1.7292227033296357,0.45117081784462737,12
aave,90,0.0,0.0,0.0,0.0,0.0,0.0,0.0,0.0,0.0,0
uni,91,0.0,0.0,0.0,0.0,0.0,0.0,0.0,0.0,0.0,0
xmr,91,0.07449052139222889,3.559751173893612,5.0,1.7292227033296357,22.29000228596514,0.07205274489631629,0.5,1.7292227033296357,0.45117081784462737,12
aave,91,0.0,0.0,0.0,0.0,0.0,0.0,0.0,0.0,0.0,0
uni,92,0.0,0.0,0.0,0.0,0.0,0.0,0.0,0.0,0.0,0
xmr,92,0.07449052139222889,3.559751173893612,5.0,1.7292227033296357,22.29000228596514,0.07205274489631629,0.5,1.7292227033296357,0.45117081784462737,12
aave,92,0.0,0.0,0.0,0.0,0.0,0.0,0.0,0.0,0.0,0
uni,93,0.0,0.0,0.0,0.0,0.0,0.0,0.0,0.0,0.0,0
xmr,93,0.07449052139222889,3.559751173893612,5.0,1.7292227033296357,22.29000228596514,0.07205274489631629,0.5,1.7292227033296357,0.45117081784462737,12
aave,93,0.0,0.0,0.0,0.0,0.0,0.0,0.0,0.0,0.0,0
uni,94,0.0,0.0,0.0,0.0,0.0,0.0,0.0,0.0,0.0,0
xmr,94,0.07449052139222889,3.559751173893612,5.0,1.7292227033296357,22.29000228596514,0.07205274489631629,0.5,1.7292227033296357,0.45117081784462737,12
aave,94,0.0,0.0,0.0,0.0,0.0,0.0,0.0,0.0,0.0,0
uni,95,0.0,0.0,0.0,0.0,0.0,0.0,0.0,0.0,0.0,0
xmr,95,0.07449052139222889,3.559751173893612,5.0,1.7292227033296357,22.29000228596514,0.07205274489631629,0.5,1.7292227033296357,0.45117081784462737,12
aave,95,0.0,0.0,0.0,0.0,0.0,0.0,0.0,0.0,0.0,0
uni,96,0.0,0.0,0.0,0.0,0.0,0.0,0.0,0.0,0.0,0
xmr,96,0.07449052139222889,3.559751173893612,5.0,1.7292227033296357,22.29000228596514,0.07205274489631629,0.5,1.7292227033296357,0.45117081784462737,12
aave,96,0.0,0.0,0.0,0.0,0.0,0.0,0.0,0.0,0.0,0
uni,97,0.0,0.0,0.0,0.0,0.0,0.0,0.0,0.0,0.0,0
xmr,97,0.07449052139222889,3.559751173893612,5.0,1.7292227033296357,22.29000228596514,0.07205274489631629,0.5,1.7292227033296357,0.45117081784462737,12
aave,97,0.0,0.0,0.0,0.0,0.0,0.0,0.0,0.0,0.0,0
uni,98,0.0,0.0,0.0,0.0,0.0,0.0,0.0,0.0,0.0,0
xmr,98,0.07449052139222889,3.559751173893612,5.0,1.7292227033296357,22.29000228596514,0.07205274489631629,0.5,1.7292227033296357,0.45117081784462737,12
aave,98,0.0,0.0,0.0,0.0,0.0,0.0,0.0,0.0,0.0,0
uni,99,0.0,0.0,0.0,0.0,0.0,0.0,0.0,0.0,0.0,0
xmr,99,0.07449052139222889,3.559751173893612,5.0,1.7292227033296357,22.29000228596514,0.07205274489631629,0.5,1.7292227033296357,0.45117081784462737,12
aave,99,0.0,0.0,0.0,0.0,0.0,0.0,0.0,0.0,0.0,0
uni,100,0.0,0.0,0.0,0.0,0.0,0.0,0.0,0.0,0.0,0
xmr,100,0.07449052139222889,3.559751173893612,5.0,1.7292227033296357,22.29000228596514,0.07205274489631629,0.5,1.7292227033296357,0.45117081784462737,12
aave,100,0.0,0.0,0.0,0.0,0.0,0.0,0.0,0.0,0.0,0
uni,101,0.0,0.0,0.0,0.0,0.0,0.0,0.0,0.0,0.0,0
xmr,101,0.07449052139222889,3.559751173893612,5.0,1.7292227033296357,22.29000228596514,0.07205274489631629,0.5,1.7292227033296357,0.45117081784462737,12
aave,101,0.0,0.0,0.0,0.0,0.0,0.0,0.0,0.0,0.0,0
uni,102,0.0,0.0,0.0,0.0,0.0,0.0,0.0,0.0,0.0,0
xmr,102,0.07449052139222889,3.559751173893612,5.0,1.7292227033296357,22.29000228596514,0.07205274489631629,0.5,1.7292227033296357,0.45117081784462737,12
aave,102,0.0,0.0,0.0,0.0,0.0,0.0,0.0,0.0,0.0,0
uni,103,0.0,0.0,0.0,0.0,0.0,0.0,0.0,0.0,0.0,0
xmr,103,0.07449052139222889,3.559751173893612,5.0,1.7292227033296357,22.29000228596514,0.07205274489631629,0.5,1.7292227033296357,0.45117081784462737,12
aave,103,0.0,0.0,0.0,0.0,0.0,0.0,0.0,0.0,0.0,0
uni,104,0.0,0.0,0.0,0.0,0.0,0.0,0.0,0.0,0.0,0
xmr,104,0.07449052139222889,3.559751173893612,5.0,1.7292227033296357,22.29000228596514,0.07205274489631629,0.5,1.7292227033296357,0.45117081784462737,12
aave,104,0.0,0.0,0.0,0.0,0.0,0.0,0.0,0.0,0.0,0
uni,105,0.0,0.0,0.0,0.0,0.0,0.0,0.0,0.0,0.0,0
xmr,105,0.07449052139222889,3.559751173893612,5.0,1.7292227033296357,22.29000228596514,0.07205274489631629,0.5,1.7292227033296357,0.45117081784462737,12
aave,105,0.0,0.0,0.0,0.0,0.0,0.0,0.0,0.0,0.0,0
uni,106,0.0,0.0,0.0,0.0,0.0,0.0,0.0,0.0,0.0,0
xmr,106,0.07449052139222889,3.559751173893612,5.0,1.7292227033296357,22.29000228596514,0.07205274489631629,0.5,1.7292227033296357,0.45117081784462737,12
aave,106,0.0,0.0,0.0,0.0,0.0,0.0,0.0,0.0,0.0,0
uni,107,0.0,0.0,0.0,0.0,0.0,0.0,0.0,0.0,0.0,0
xmr,107,0.07449052139222889,3.559751173893612,5.0,1.7292227033296357,22.29000228596514,0.07205274489631629,0.5,1.7292227033296357,0.45117081784462737,12
aave,107,0.0,0.0,0.0,0.0,0.0,0.0,0.0,0.0,0.0,0
uni,108,0.0,0.0,0.0,0.0,0.0,0.0,0.0,0.0,0.0,0
xmr,108,0.07449052139222889,3.559751173893612,5.0,1.7292227033296357,22.29000228596514,0.07205274489631629,0.5,1.7292227033296357,0.45117081784462737,12
aave,108,0.0,0.0,0.0,0.0,0.0,0.0,0.0,0.0,0.0,0
uni,109,0.0,0.0,0.0,0.0,0.0,0.0,0.0,0.0,0.0,0
xmr,109,0.07449052139222889,3.559751173893612,5.0,1.7292227033296357,22.29000228596514,0.07205274489631629,0.5,1.7292227033296357,0.45117081784462737,12
aave,109,0.0,0.0,0.0,0.0,0.0,0.0,0.0,0.0,0.0,0
uni,110,0.0,0.0,0.0,0.0,0.0,0.0,0.0,0.0,0.0,0
xmr,110,0.07449052139222889,3.559751173893612,5.0,1.7292227033296357,22.29000228596514,0.07205274489631629,0.5,1.7292227033296357,0.45117081784462737,12
aave,110,0.0,0.0,0.0,0.0,0.0,0.0,0.0,0.0,0.0,0
uni,111,0.0,0.0,0.0,0.0,0.0,0.0,0.0,0.0,0.0,0
xmr,111,0.07449052139222889,3.559751173893612,5.0,1.7292227033296357,22.29000228596514,0.07205274489631629,0.5,1.7292227033296357,0.45117081784462737,12
aave,111,0.0,0.0,0.0,0.0,0.0,0.0,0.0,0.0,0.0,0
uni,112,0.0,0.0,0.0,0.0,0.0,0.0,0.0,0.0,0.0,0
xmr,112,0.07449052139222889,3.559751173893612,5.0,1.7292227033296357,22.29000228596514,0.07205274489631629,0.5,1.7292227033296357,0.45117081784462737,12
aave,112,0.0,0.0,0.0,0.0,0.0,0.0,0.0,0.0,0.0,0
uni,113,0.0,0.0,0.0,0.0,0.0,0.0,0.0,0.0,0.0,0
xmr,113,0.07449052139222889,3.559751173893612,5.0,1.7292227033296357,22.29000228596514,0.07205274489631629,0.5,1.7292227033296357,0.45117081784462737,12
aave,113,0.0,0.0,0.0,0.0,0.0,0.0,0.0,0.0,0.0,0
uni,114,0.0,0.0,0.0,0.0,0.0,0.0,0.0,0.0,0.0,0
xmr,114,0.07449052139222889,3.559751173893612,5.0,1.7292227033296357,22.29000228596514,0.07205274489631629,0.5,1.7292227033296357,0.45117081784462737,12
aave,114,0.0,0.0,0.0,0.0,0.0,0.0,0.0,0.0,0.0,0
uni,115,0.0,0.0,0.0,0.0,0.0,0.0,0.0,0.0,0.0,0
xmr,115,0.07449052139222889,3.559751173893612,5.0,1.7292227033296357,22.29000228596514,0.07205274489631629,0.5,1.7292227033296357,0.45117081784462737,12
aave,115,0.0,0.0,0.0,0.0,0.0,0.0,0.0,0.0,0.0,0
uni,116,0.0,0.0,0.0,0.0,0.0,0.0,0.0,0.0,0.0,0
xmr,116,0.07449052139222889,3.559751173893612,5.0,1.7292227033296357,22.29000228596514,0.07205274489631629,0.5,1.7292227033296357,0.45117081784462737,12
aave,116,0.0,0.0,0.0,0.0,0.0,0.0,0.0,0.0,0.0,0
uni,117,0.0,0.0,0.0,0.0,0.0,0.0,0.0,0.0,0.0,0
xmr,117,0.07449052139222889,3.559751173893612,5.0,1.7292227033296357,22.29000228596514,0.07205274489631629,0.5,1.7292227033296357,0.45117081784462737,12
aave,117,0.0,0.0,0.0,0.0,0.0,0.0,0.0,0.0,0.0,0
uni,118,0.0,0.0,0.0,0.0,0.0,0.0,0.0,0.0,0.0,0
xmr,118,0.07449052139222889,3.559751173893612,5.0,1.7292227033296357,22.29000228596514,0.07205274489631629,0.5,1.7292227033296357,0.45117081784462737,12
aave,118,0.0,0.0,0.0,0.0,0.0,0.0,0.0,0.0,0.0,0
uni,119,0.0,0.0,0.0,0.0,0.0,0.0,0.0,0.0,0.0,0
xmr,119,0.07449052139222889,3.559751173893612,5.0,1.7292227033296357,22.29000228596514,0.07205274489631629,0.5,1.7292227033296357,0.45117081784462737,12
aave,119,0.0,0.0,0.0,0.0,0.0,0.0,0.0,0.0,0.0,0
uni,120,0.0,0.0,0.0,0.0,0.0,0.0,0.0,0.0,0.0,0
xmr,120,0.07449052139222889,3.559751173893612,5.0,1.7292227033296357,22.29000228596514,0.07205274489631629,0.5,1.7292227033296357,0.45117081784462737,12
aave,120,0.0,0.0,0.0,0.0,0.0,0.0,0.0,0.0,0.0,0
uni,121,0.0,0.0,0.0,0.0,0.0,0.0,0.0,0.0,0.0,0
xmr,121,0.07449052139222889,3.559751173893612,5.0,1.7292227033296357,22.29000228596514,0.07205274489631629,0.5,1.7292227033296357,0.45117081784462737,12
aave,121,0.0,0.0,0.0,0.0,0.0,0.0,0.0,0.0,0.0,0
uni,122,0.0,0.0,0.0,0.0,0.0,0.0,0.0,0.0,0.0,0
xmr,122,0.07449052139222889,3.559751173893612,5.0,1.7292227033296357,22.29000228596514,0.07205274489631629,0.5,1.7292227033296357,0.45117081784462737,12
aave,122,0.0,0.0,0.0,0.0,0.0,0.0,0.0,0.0,0.0,0
uni,123,0.0,0.0,0.0,0.0,0.0,0.0,0.0,0.0,0.0,0
xmr,123,0.07449052139222889,3.559751173893612,5.0,1.7292227033296357,22.29000228596514,0.07205274489631629,0.5,1.7292227033296357,0.45117081784462737,12
aave,123,0.0,0.0,0.0,0.0,0.0,0.0,0.0,0.0,0.0,0
uni,124,0.0,0.0,0.0,0.0,0.0,0.0,0.0,0.0,0.0,0
xmr,124,0.07449052139222889,3.559751173893612,5.0,1.7292227033296357,22.29000228596514,0.07205274489631629,0.5,1.7292227033296357,0.45117081784462737,12
aave,124,0.0,0.0,0.0,0.0,0.0,0.0,0.0,0.0,0.0,0
uni,125,0.0,0.0,0.0,0.0,0.0,0.0,0.0,0.0,0.0,0
xmr,125,0.07449052139222889,3.559751173893612,5.0,1.7292227033296357,22.29000228596514,0.07205274489631629,0.5,1.7292227033296357,0.45117081784462737,12
aave,125,0.0,0.0,0.0,0.0,0.0,0.0,0.0,0.0,0.0,0
uni,126,0.0,0.0,0.0,0.0,0.0,0.0,0.0,0.0,0.0,0
xmr,126,0.07449052139222889,3.559751173893612,5.0,1.7292227033296357,22.29000228596514,0.07205274489631629,0.5,1.7292227033296357,0.45117081784462737,12
aave,126,0.0,0.0,0.0,0.0,0.0,0.0,0.0,0.0,0.0,0
uni,127,0.0,0.0,0.0,0.0,0.0,0.0,0.0,0.0,0.0,0
xmr,127,0.07449052139222889,3.559751173893612,5.0,1.7292227033296357,22.29000228596514,0.07205274489631629,0.5,1.7292227033296357,0.45117081784462737,12
aave,127,0.0,0.0,0.0,0.0,0.0,0.0,0.0,0.0,0.0,0
uni,128,0.0,0.0,0.0,0.0,0.0,0.0,0.0,0.0,0.0,0
xmr,128,0.07449052139222889,3.559751173893612,5.0,1.7292227033296357,22.29000228596514,0.07205274489631629,0.5,1.7292227033296357,0.45117081784462737,12
aave,128,0.0,0.0,0.0,0.0,0.0,0.0,0.0,0.0,0.0,0
uni,129,0.0,0.0,0.0,0.0,0.0,0.0,0.0,0.0,0.0,0
xmr,129,0.07449052139222889,3.559751173893612,5.0,1.7292227033296357,22.29000228596514,0.07205274489631629,0.5,1.7292227033296357,0.45117081784462737,12
aave,129,0.0,0.0,0.0,0.0,0.0,0.0,0.0,0.0,0.0,0
uni,130,0.0,0.0,0.0,0.0,0.0,0.0,0.0,0.0,0.0,0
xmr,130,0.07449052139222889,3.559751173893612,5.0,1.7292227033296357,22.29000228596514,0.07205274489631629,0.5,1.7292227033296357,0.45117081784462737,12
aave,130,0.0,0.0,0.0,0.0,0.0,0.0,0.0,0.0,0.0,0
uni,131,0.0,0.0,0.0,0.0,0.0,0.0,0.0,0.0,0.0,0
xmr,131,0.07449052139222889,3.559751173893612,5.0,1.7292227033296357,22.29000228596514,0.07205274489631629,0.5,1.7292227033296357,0.45117081784462737,12
aave,131,0.0,0.0,0.0,0.0,0.0,0.0,0.0,0.0,0.0,0
uni,132,0.0,0.0,0.0,0.0,0.0,0.0,0.0,0.0,0.0,0
xmr,132,0.07449052139222889,3.559751173893612,5.0,1.7292227033296357,22.29000228596514,0.07205274489631629,0.5,1.7292227033296357,0.45117081784462737,12
aave,132,0.0,0.0,0.0,0.0,0.0,0.0,0.0,0.0,0.0,0
uni,133,0.0,0.0,0.0,0.0,0.0,0.0,0.0,0.0,0.0,0
xmr,133,0.07449052139222889,3.559751173893612,5.0,1.7292227033296357,22.29000228596514,0.07205274489631629,0.5,1.7292227033296357,0.45117081784462737,12
aave,133,0.0,0.0,0.0,0.0,0.0,0.0,0.0,0.0,0.0,0
uni,134,0.0,0.0,0.0,0.0,0.0,0.0,0.0,0.0,0.0,0
xmr,134,0.07449052139222889,3.559751173893612,5.0,1.7292227033296357,22.29000228596514,0.07205274489631629,0.5,1.7292227033296357,0.45117081784462737,12
aave,134,0.0,0.0,0.0,0.0,0.0,0.0,0.0,0.0,0.0,0
uni,135,0.0,0.0,0.0,0.0,0.0,0.0,0.0,0.0,0.0,0
xmr,135,0.07449052139222889,3.559751173893612,5.0,1.7292227033296357,22.29000228596514,0.07205274489631629,0.5,1.7292227033296357,0.45117081784462737,12
aave,135,0.0,0.0,0.0,0.0,0.0,0.0,0.0,0.0,0.0,0
uni,136,0.0,0.0,0.0,0.0,0.0,0.0,0.0,0.0,0.0,0
xmr,136,0.07449052139222889,3.559751173893612,5.0,1.7292227033296357,22.29000228596514,0.07205274489631629,0.5,1.7292227033296357,0.45117081784462737,12
aave,136,0.0,0.0,0.0,0.0,0.0,0.0,0.0,0.0,0.0,0
uni,137,0.0,0.0,0.0,0.0,0.0,0.0,0.0,0.0,0.0,0
xmr,137,0.07449052139222889,3.559751173893612,5.0,1.7292227033296357,22.29000228596514,0.07205274489631629,0.5,1.7292227033296357,0.45117081784462737,12
aave,137,0.0,0.0,0.0,0.0,0.0,0.0,0.0,0.0,0.0,0
uni,138,0.0,0.0,0.0,0.0,0.0,0.0,0.0,0.0,0.0,0
xmr,138,0.07449052139222889,3.559751173893612,5.0,1.7292227033296357,22.29000228596514,0.07205274489631629,0.5,1.7292227033296357,0.45117081784462737,12
aave,138,0.0,0.0,0.0,0.0,0.0,0.0,0.0,0.0,0.0,0
uni,139,0.0,0.0,0.0,0.0,0.0,0.0,0.0,0.0,0.0,0
xmr,139,0.07449052139222889,3.559751173893612,5.0,1.7292227033296357,22.29000228596514,0.07205274489631629,0.5,1.7292227033296357,0.45117081784462737,12
aave,139,0.0,0.0,0.0,0.0,0.0,0.0,0.0,0.0,0.0,0
uni,140,0.0,0.0,0.0,0.0,0.0,0.0,0.0,0.0,0.0,0
xmr,140,0.07449052139222889,3.559751173893612,5.0,1.7292227033296357,22.29000228596514,0.07205274489631629,0.5,1.7292227033296357,0.45117081784462737,12
aave,140,0.0,0.0,0.0,0.0,0.0,0.0,0.0,0.0,0.0,0
uni,141,0.0,0.0,0.0,0.0,0.0,0.0,0.0,0.0,0.0,0
xmr,141,0.07449052139222889,3.559751173893612,5.0,1.7292227033296357,22.29000228596514,0.07205274489631629,0.5,1.7292227033296357,0.45117081784462737,12
aave,141,0.0,0.0,0.0,0.0,0.0,0.0,0.0,0.0,0.0,0
uni,142,0.0,0.0,0.0,0.0,0.0,0.0,0.0,0.0,0.0,0
xmr,142,0.07449052139222889,3.559751173893612,5.0,1.7292227033296357,22.29000228596514,0.07205274489631629,0.5,1.7292227033296357,0.45117081784462737,12
aave,142,0.0,0.0,0.0,0.0,0.0,0.0,0.0,0.0,0.0,0
uni,143,0.0,0.0,0.0,0.0,0.0,0.0,0.0,0.0,0.0,0
xmr,143,0.07449052139222889,3.559751173893612,5.0,1.7292227033296357,22.29000228596514,0.07205274489631629,0.5,1.7292227033296357,0.45117081784462737,12
aave,143,0.0,0.0,0.0,0.0,0.0,0.0,0.0,0.0,0.0,0
uni,144,0.0,0.0,0.0,0.0,0.0,0.0,0.0,0.0,0.0,0
xmr,144,0.07449052139222889,3.559751173893612,5.0,1.7292227033296357,22.29000228596514,0.07205274489631629,0.5,1.7292227033296357,0.45117081784462737,12
aave,144,0.0,0.0,0.0,0.0,0.0,0.0,0.0,0.0,0.0,0
uni,145,0.0,0.0,0.0,0.0,0.0,0.0,0.0,0.0,0.0,0
xmr,145,0.07449052139222889,3.559751173893612,5.0,1.7292227033296357,22.29000228596514,0.07205274489631629,0.5,1.7292227033296357,0.45117081784462737,12
aave,145,0.0,0.0,0.0,0.0,0.0,0.0,0.0,0.0,0.0,0
uni,146,0.0,0.0,0.0,0.0,0.0,0.0,0.0,0.0,0.0,0
xmr,146,0.07449052139222889,3.559751173893612,5.0,1.7292227033296357,22.29000228596514,0.07205274489631629,0.5,1.7292227033296357,0.45117081784462737,12
aave,146,0.0,0.0,0.0,0.0,0.0,0.0,0.0,0.0,0.0,0
uni,147,0.0,0.0,0.0,0.0,0.0,0.0,0.0,0.0,0.0,0
xmr,147,0.07449052139222889,3.559751173893612,5.0,1.7292227033296357,22.29000228596514,0.07205274489631629,0.5,1.7292227033296357,0.45117081784462737,12
aave,147,0.0,0.0,0.0,0.0,0.0,0.0,0.0,0.0,0.0,0
uni,148,0.0,0.0,0.0,0.0,0.0,0.0,0.0,0.0,0.0,0
xmr,148,0.07449052139222889,3.559751173893612,5.0,1.7292227033296357,22.29000228596514,0.07205274489631629,0.5,1.7292227033296357,0.45117081784462737,12
aave,148,0.0,0.0,0.0,0.0,0.0,0.0,0.0,0.0,0.0,0
uni,149,0.0,0.0,0.0,0.0,0.0,0.0,0.0,0.0,0.0,0
xmr,149,0.07449052139222889,3.559751173893612,5.0,1.7292227033296357,22.29000228596514,0.07205274489631629,0.5,1.7292227033296357,0.45117081784462737,12
aave,149,0.0,0.0,0.0,0.0,0.0,0.0,0.0,0.0,0.0,0
uni,150,0.0,0.0,0.0,0.0,0.0,0.0,0.0,0.0,0.0,0
xmr,150,0.07449052139222889,3.559751173893612,5.0,1.7292227033296357,22.29000228596514,0.07205274489631629,0.5,1.7292227033296357,0.45117081784462737,12
aave,150,0.0,0.0,0.0,0.0,0.0,0.0,0.0,0.0,0.0,0
