asset,mfi_length,total_return,sharpe_ratio,sortino_ratio,omega_ratio,calmar_ratio,max_drawdown,win_rate,profit_factor,volatility,num_trades
bonk,5,-0.1999999514936146,-3.7976494964698997,-5.0,0.4326923490075074,-20.423076393947607,0.1999999514936146,0.4,0.4326923490075074,1.0755637906912565,5
doge,5,-0.06980733700274222,-8.345527066010705,-5.0,0.0,-23.23047625907763,0.0645694769270006,0.0,0.0,0.17973456786483857,4
shib,5,0.10000003637978905,4.58257569495584,5.0,10.0,0.0,0.0,1.0,10.0,0.4582577362087211,1
pepe,5,-0.1428571242960267,-4.58257569495584,0.0,0.0,-21.0,0.1428571242960267,0.0,0.0,0.6546535856502574,1
bonk,6,-0.26666664241347393,-5.237985751180497,-5.0,0.34808766581244766,-21.8798075600012,0.26666664241347393,0.3333333333333333,0.34808766581244766,1.1139042937189174,6
doge,6,-0.0758125549094888,-4.2713987622616765,-5.0,0.3793443676831711,-14.213782623253191,0.11163510666353713,0.16666666666666666,0.3793443676831711,0.3714841969938259,6
shib,6,0.0,0.2951897520716116,0.0,1.1000000363797895,2.10000076397558,0.09090912097503127,0.5,1.1000000363797895,0.6467339132206747,2
pepe,6,-0.1428571242960267,-4.58257569495584,0.0,0.0,-21.0,0.1428571242960267,0.0,0.0,0.6546535856502574,1
bonk,7,-0.1999999514936146,-3.7976494964698997,-5.0,0.4326923490075074,-20.423076393947607,0.1999999514936146,0.4,0.4326923490075074,1.0755637906912565,5
doge,7,-0.0758125549094888,-4.2713987622616765,-5.0,0.3793443676831711,-14.213782623253191,0.11163510666353713,0.16666666666666666,0.3793443676831711,0.3714841969938259,6
shib,7,0.0,0.2951897520716116,0.0,1.1000000363797895,2.10000076397558,0.09090912097503127,0.5,1.1000000363797895,0.6467339132206747,2
pepe,7,-0.1428571242960267,-4.58257569495584,0.0,0.0,-21.0,0.1428571242960267,0.0,0.0,0.6546535856502574,1
bonk,8,-0.3155555062407296,-7.1977702281270615,-5.0,0.18048998200040853,-23.24349851803991,0.3155555062407296,0.2,0.18048998200040853,1.0190119591486708,5
doge,8,-0.0758125549094888,-4.2713987622616765,-5.0,0.3793443676831711,-14.213782623253191,0.11163510666353713,0.16666666666666666,0.3793443676831711,0.3714841969938259,6
shib,8,0.0,0.2951897520716116,0.0,1.1000000363797895,2.10000076397558,0.09090912097503127,0.5,1.1000000363797895,0.6467339132206747,2
pepe,8,-0.1428571242960267,-4.58257569495584,0.0,0.0,-21.0,0.1428571242960267,0.0,0.0,0.6546535856502574,1
bonk,9,-0.26666664241347393,-5.237985751180497,-5.0,0.34808766581244766,-21.8798075600012,0.26666664241347393,0.3333333333333333,0.34808766581244766,1.1139042937189174,6
doge,9,-0.020634414257568068,-1.3192032038653811,-1.755838081260838,0.7287988665147149,-6.139690034212989,0.06456947692700049,0.3333333333333333,0.7287988665147149,0.3005121370547437,6
shib,9,-0.09090912097503123,-4.58257569495584,0.0,0.0,-21.0,0.09090912097503123,0.0,0.0,0.4165979282299783,1
pepe,9,-0.1428571242960267,-4.58257569495584,0.0,0.0,-21.0,0.1428571242960267,0.0,0.0,0.6546535856502574,1
bonk,10,-0.3190476135411542,-7.4045039881152235,-5.0,0.16759768381203916,-23.350746668953786,0.3190476135411542,0.2,0.16759768381203916,1.0061443698445651,5
doge,10,-0.0681057874088602,-8.120576393285745,-5.0,0.0,-21.463383999706636,0.0681057874088602,0.0,0.0,0.1800094718605666,4
shib,10,-0.09090912097503123,-4.58257569495584,0.0,0.0,-21.0,0.09090912097503123,0.0,0.0,0.4165979282299783,1
pepe,10,-0.1428571242960267,-4.58257569495584,0.0,0.0,-21.0,0.1428571242960267,0.0,0.0,0.6546535856502574,1
bonk,11,-0.21052583710803952,-3.51626810450363,-5.0,0.5277154445930612,-15.851050277707502,0.26666664241347393,0.42857142857142855,0.5277154445930612,1.202111508752577,7
doge,11,-0.1826598998191642,-8.018980847849921,-5.0,0.0,-22.308001645239727,0.1826598998191642,0.0,0.0,0.5081415485332882,4
shib,11,-0.09090912097503123,-4.58257569495584,0.0,0.0,-21.0,0.09090912097503123,0.0,0.0,0.4165979282299783,1
pepe,11,-0.1428571242960267,-4.58257569495584,0.0,0.0,-21.0,0.1428571242960267,0.0,0.0,0.6546535856502574,1
bonk,12,-0.15413485844332275,-2.401238561336541,-5.0,0.6255699121976356,-10.601052665131366,0.26666664241347376,0.5,0.6255699121976356,1.1772870741695471,6
doge,12,-0.088191493855173,-7.252504011846365,-5.0,0.0,-21.533382379509995,0.088191493855173,0.0,0.0,0.2618490326515762,3
shib,12,0.0,0.0,0.0,0.0,0.0,0.0,0.0,0.0,0.0,0
pepe,12,-0.26530609062992294,-6.797058187186572,0.0,0.0,-22.615384389356354,0.26530609062992294,0.0,0.0,0.8827347148129435,2
bonk,13,-0.21052583710803952,-3.9131565084081386,-5.0,0.4268945286721958,-16.226049887924148,0.26666664241347393,0.4,0.4268945286721958,1.1057432111261114,5
doge,13,0.004548525585696295,4.58257569495584,5.0,10.0,0.0,0.0,1.0,10.0,0.02084396279689662,1
shib,13,0.0,0.0,0.0,0.0,0.0,0.0,0.0,0.0,0.0,0
pepe,13,-0.1428571242960267,-4.58257569495584,0.0,0.0,-21.0,0.1428571242960267,0.0,0.0,0.6546535856502574,1
bonk,14,-0.1999999514936146,-4.328651294428794,-5.0,0.27851471723135646,-20.923075950027638,0.1999999514936146,0.3333333333333333,0.27851471723135646,0.9667247118030885,3
doge,14,0.04110534258468568,4.000565283478784,5.0,5.408490514355552,229.70205962735602,0.0037804095490091244,0.5,5.408490514355552,0.21706128962035348,4
shib,14,0.10000003637978905,4.58257569495584,5.0,10.0,0.0,0.0,1.0,10.0,0.4582577362087211,1
pepe,14,-0.1428571242960267,-4.58257569495584,0.0,0.0,-21.0,0.1428571242960267,0.0,0.0,0.6546535856502574,1
bonk,15,-0.21428571892599313,-6.5310985278077265,-5.0,0.0,-22.1666668435128,0.21428571892599313,0.0,0.0,0.7272896160624196,2
doge,15,-0.08977387279303561,-3.355834778637486,-2.1916373754094187,0.34698096804925194,-14.045022898749226,0.1299544433227442,0.25,0.34698096804925194,0.5438924299494898,4
shib,15,0.0,0.2951897520716116,0.0,1.1000000363797895,2.10000076397558,0.09090912097503127,0.5,1.1000000363797895,0.6467339132206747,2
pepe,15,-0.1428571242960267,-4.58257569495584,0.0,0.0,-21.0,0.1428571242960267,0.0,0.0,0.6546535856502574,1
bonk,16,-0.26666664241347393,-8.183954781716244,-5.0,0.0,-23.0624997604455,0.26666664241347393,0.0,0.0,0.7514703515370404,3
doge,16,-0.15552729428407552,-7.022869487059862,-4.994603662844663,0.0,-21.925078573071367,0.15552729428407552,0.0,0.0,0.48554912685172663,3
shib,16,0.0,0.2951897520716116,0.0,1.1000000363797895,2.10000076397558,0.09090912097503127,0.5,1.1000000363797895,0.6467339132206747,2
pepe,16,-0.1428571242960267,-4.58257569495584,0.0,0.0,-21.0,0.1428571242960267,0.0,0.0,0.6546535856502574,1
bonk,17,-0.21052583710803952,-5.165119398074879,-5.0,0.2614095325708631,-17.033742478151805,0.26666664241347393,0.25,0.2614095325708631,0.8794241844781956,4
doge,17,-0.06456947692700044,-7.603660040883916,-5.0,0.0,-21.409373794253195,0.06456947692700044,0.0,0.0,0.18180613806990484,3
shib,17,0.0,0.2951897520716116,0.0,1.1000000363797895,2.10000076397558,0.09090912097503127,0.5,1.1000000363797895,0.6467339132206747,2
pepe,17,0.0,0.0,0.0,0.0,0.0,0.0,0.0,0.0,0.0,0
bonk,18,-0.21455381675119412,-4.055928616415769,-5.0,0.41161160692268517,-13.923728347026998,0.3190476135411543,0.4,0.41161160692268517,1.0952688572315115,5
doge,18,-0.039883819989696256,-5.5418358983805485,-2.8858906253964016,0.0,-21.122817852947865,0.039883819989696256,0.0,0.0,0.15201797389350716,2
shib,18,-0.09090912097503123,-4.58257569495584,0.0,0.0,-21.0,0.09090912097503123,0.0,0.0,0.4165979282299783,1
pepe,18,0.0,0.0,0.0,0.0,0.0,0.0,0.0,0.0,0.0,0
bonk,19,-0.13333332120673713,-4.582575694955839,0.0,0.0,-21.0,0.13333332120673713,0.0,0.0,0.6110100370897338,1
doge,19,-0.050314404518168154,-4.582575694955839,0.0,0.0,-21.000000000000004,0.050314404518168154,0.0,0.0,0.23056956725113376,1
shib,19,-0.09090912097503123,-4.58257569495584,0.0,0.0,-21.0,0.09090912097503123,0.0,0.0,0.4165979282299783,1
pepe,19,-0.1428571242960267,-4.582575694955839,0.0,0.0,-21.0,0.1428571242960267,0.0,0.0,0.6546535856502576,1
bonk,20,0.0769231038312046,4.582575694955839,5.0,10.0,0.0,0.0,1.0,10.0,0.3525059459974427,1
doge,20,0.02037652772373577,4.58257569495584,5.0,10.0,0.0,0.0,1.0,10.0,0.0933769806943854,1
shib,20,0.0,0.0,0.0,0.0,0.0,0.0,0.0,0.0,0.0,0
pepe,20,0.0,0.0,0.0,0.0,0.0,0.0,0.0,0.0,0.0,0
bonk,21,0.0,0.0,0.0,0.0,0.0,0.0,0.0,0.0,0.0,0
doge,21,0.004548525585696295,4.58257569495584,5.0,10.0,0.0,0.0,1.0,10.0,0.02084396279689662,1
shib,21,-0.09090912097503123,-4.58257569495584,0.0,0.0,-21.0,0.09090912097503123,0.0,0.0,0.4165979282299783,1
pepe,21,0.0,0.0,0.0,0.0,0.0,0.0,0.0,0.0,0.0,0
bonk,22,-0.1428571242960266,-4.582575694955839,0.0,0.0,-21.0,0.1428571242960266,0.0,0.0,0.654653585650257,1
doge,22,-0.003780409549009156,-4.58257569495584,0.0,0.0,-21.0,0.003780409549009156,0.0,0.0,0.01732401291626833,1
shib,22,-0.09090912097503123,-4.58257569495584,0.0,0.0,-21.0,0.09090912097503123,0.0,0.0,0.4165979282299783,1
pepe,22,0.0,0.0,0.0,0.0,0.0,0.0,0.0,0.0,0.0,0
bonk,23,-0.1428571242960266,-4.582575694955839,0.0,0.0,-21.0,0.1428571242960266,0.0,0.0,0.654653585650257,1
doge,23,-0.10360553266102823,-4.582575694955839,0.0,0.0,-21.0,0.10360553266102823,0.0,0.0,0.4747801958353815,1
shib,23,-0.09999994543031654,-4.58257569495584,0.0,0.0,-21.0,0.09999994543031654,0.0,0.0,0.45825731942587894,1
pepe,23,-0.1428571242960267,-4.58257569495584,0.0,0.0,-21.0,0.1428571242960267,0.0,0.0,0.6546535856502574,1
bonk,24,-0.21428571892599313,-6.5310985278077265,-5.0,0.0,-22.1666668435128,0.21428571892599313,0.0,0.0,0.7272896160624196,2
doge,24,0.012033616270535896,1.0929592113080375,1.1599281889354893,1.4082771752448957,10.339225941246236,0.027193952539531014,0.3333333333333333,1.4082771752448957,0.25725060609100364,3
shib,24,0.0,0.0,0.0,0.0,0.0,0.0,0.0,0.0,0.0,0
pepe,24,0.0,0.0,0.0,0.0,0.0,0.0,0.0,0.0,0.0,0
bonk,25,0.07655564106643054,4.58257569495584,5.0,10.0,0.0,0.0,1.0,10.0,0.3508220200627878,1
doge,25,0.013576248589764806,1.231600485457872,1.3833862346918029,1.474971907386879,12.146654390755636,0.02571111439559263,0.3333333333333333,1.474971907386879,0.2535757530562684,3
shib,25,-0.09090912097503123,-4.58257569495584,0.0,0.0,-21.0,0.09090912097503123,0.0,0.0,0.4165979282299783,1
pepe,25,0.0,0.0,0.0,0.0,0.0,0.0,0.0,0.0,0.0,0
bonk,26,0.0,0.0,0.0,0.0,0.0,0.0,0.0,0.0,0.0,0
doge,26,-0.019934443271299895,-1.2794944910286594,-1.6926068228687434,0.7174219547816,-6.594880071948716,0.05792289389868931,0.25,0.7174219547816,0.2985511398137858,4
shib,26,-0.09090912097503123,-4.58257569495584,0.0,0.0,-21.0,0.09090912097503123,0.0,0.0,0.4165979282299783,1
pepe,26,0.0,0.0,0.0,0.0,0.0,0.0,0.0,0.0,0.0,0
bonk,27,0.0,0.0,0.0,0.0,0.0,0.0,0.0,0.0,0.0,0
doge,27,-0.026849044054821025,-1.7702524913193407,-2.444816402417994,0.6465587873822178,-8.210607698696998,0.0645694769270006,0.2,0.6465587873822178,0.2994796770276276,5
shib,27,-0.09090912097503123,-4.58257569495584,0.0,0.0,-21.0,0.09090912097503123,0.0,0.0,0.4165979282299783,1
pepe,27,0.0,0.0,0.0,0.0,0.0,0.0,0.0,0.0,0.0,0
bonk,28,0.0,0.0,0.0,0.0,0.0,0.0,0.0,0.0,0.0,0
doge,28,-0.026849044054821025,-1.7702524913193407,-2.444816402417994,0.6465587873822178,-8.210607698696998,0.0645694769270006,0.2,0.6465587873822178,0.2994796770276276,5
shib,28,-0.09090912097503123,-4.58257569495584,0.0,0.0,-21.0,0.09090912097503123,0.0,0.0,0.4165979282299783,1
pepe,28,0.0,0.0,0.0,0.0,0.0,0.0,0.0,0.0,0.0,0
bonk,29,0.0,0.0,0.0,0.0,0.0,0.0,0.0,0.0,0.0,0
doge,29,-0.0758125549094888,-4.2713987622616765,-5.0,0.3793443676831711,-14.213782623253191,0.11163510666353713,0.16666666666666666,0.3793443676831711,0.3714841969938259,6
shib,29,-0.09090912097503123,-4.58257569495584,0.0,0.0,-21.0,0.09090912097503123,0.0,0.0,0.4165979282299783,1
pepe,29,0.0,0.0,0.0,0.0,0.0,0.0,0.0,0.0,0.0,0
bonk,30,0.0,0.0,0.0,0.0,0.0,0.0,0.0,0.0,0.0,0
doge,30,-0.0758125549094888,-4.2713987622616765,-5.0,0.3793443676831711,-14.213782623253191,0.11163510666353713,0.16666666666666666,0.3793443676831711,0.3714841969938259,6
shib,30,-0.09090912097503123,-4.58257569495584,0.0,0.0,-21.0,0.09090912097503123,0.0,0.0,0.4165979282299783,1
pepe,30,0.0,0.0,0.0,0.0,0.0,0.0,0.0,0.0,0.0,0
bonk,31,0.0,0.0,0.0,0.0,0.0,0.0,0.0,0.0,0.0,0
doge,31,-0.07160886466951533,-3.989104191469826,-5.0,0.4167063728870152,-13.358146433577556,0.11163510666353713,0.2857142857142857,0.4167063728870152,0.37382781455756275,7
shib,31,-0.09090912097503123,-4.58257569495584,0.0,0.0,-21.0,0.09090912097503123,0.0,0.0,0.4165979282299783,1
pepe,31,0.0,0.0,0.0,0.0,0.0,0.0,0.0,0.0,0.0,0
bonk,32,0.0,0.0,0.0,0.0,0.0,0.0,0.0,0.0,0.0,0
doge,32,-0.06054582251123075,-3.1749499078690593,-4.163271744262276,0.5302532716434174,-11.091839248220849,0.11163510666353713,0.25,0.5302532716434174,0.39000258067095434,8
shib,32,-0.09090912097503123,-4.58257569495584,0.0,0.0,-21.0,0.09090912097503123,0.0,0.0,0.4165979282299783,1
pepe,32,0.0,0.0,0.0,0.0,0.0,0.0,0.0,0.0,0.0,0
bonk,33,0.0,0.0,0.0,0.0,0.0,0.0,0.0,0.0,0.0,0
doge,33,-0.146056299229108,-5.188782445317402,-5.0,0.32358499968902493,-16.987316330701862,0.1837523662520484,0.375,0.32358499968902493,0.6015784251766966,8
shib,33,-0.09090912097503123,-4.58257569495584,0.0,0.0,-21.0,0.09090912097503123,0.0,0.0,0.4165979282299783,1
pepe,33,0.0,0.0,0.0,0.0,0.0,0.0,0.0,0.0,0.0,0
bonk,34,0.0,0.0,0.0,0.0,0.0,0.0,0.0,0.0,0.0,0
doge,34,-0.05095861827928572,-2.6127384083267153,-3.364666987264492,0.5929404222940492,-9.182881777287406,0.11163510666353707,0.375,0.5929404222940492,0.3923592133904668,8
shib,34,0.0,0.0,0.0,0.0,0.0,0.0,0.0,0.0,0.0,0
pepe,34,0.0,0.0,0.0,0.0,0.0,0.0,0.0,0.0,0.0,0
bonk,35,0.0,0.0,0.0,0.0,0.0,0.0,0.0,0.0,0.0,0
doge,35,-0.18683811660102523,-7.878420946219309,-5.0,0.11150725211278176,-22.322389589967194,0.18683811660102523,0.25,0.11150725211278176,0.5293793334342235,8
shib,35,0.0,0.0,0.0,0.0,0.0,0.0,0.0,0.0,0.0,0
pepe,35,0.0,0.0,0.0,0.0,0.0,0.0,0.0,0.0,0.0,0
bonk,36,0.0,0.0,0.0,0.0,0.0,0.0,0.0,0.0,0.0,0
doge,36,-0.16537908271988178,-6.82097663687294,-5.0,0.12600029134008384,-21.954045015874748,0.16537908271988178,0.2857142857142857,0.12600029134008384,0.5322903185284713,7
shib,36,0.0,0.0,0.0,0.0,0.0,0.0,0.0,0.0,0.0,0
pepe,36,0.0,0.0,0.0,0.0,0.0,0.0,0.0,0.0,0.0,0
bonk,37,0.0,0.0,0.0,0.0,0.0,0.0,0.0,0.0,0.0,0
doge,37,-0.1880757243328972,-7.92779282459267,-5.0,0.1107724128001021,-22.341069507775657,0.1880757243328972,0.25,0.1107724128001021,0.5300104232053263,8
shib,37,0.0,0.0,0.0,0.0,0.0,0.0,0.0,0.0,0.0,0
pepe,37,0.0,0.0,0.0,0.0,0.0,0.0,0.0,0.0,0.0,0
bonk,38,0.0,0.0,0.0,0.0,0.0,0.0,0.0,0.0,0.0,0
doge,38,-0.11453120649149451,-4.855049201720051,-3.2489589303966855,0.17780836589446658,-18.43665928262077,0.13127862628066106,0.3333333333333333,0.17780836589446658,0.49852003620675417,6
shib,38,0.0,0.0,0.0,0.0,0.0,0.0,0.0,0.0,0.0,0
pepe,38,0.0,0.0,0.0,0.0,0.0,0.0,0.0,0.0,0.0,0
bonk,39,0.0,0.0,0.0,0.0,0.0,0.0,0.0,0.0,0.0,0
doge,39,-0.08702532377149808,-3.2197169832688783,-2.1247534244596045,0.3769557943675428,-13.412950347459796,0.13127862628066095,0.4,0.3769557943675428,0.5468908308200171,5
shib,39,0.0,0.0,0.0,0.0,0.0,0.0,0.0,0.0,0.0,0
pepe,39,0.0,0.0,0.0,0.0,0.0,0.0,0.0,0.0,0.0,0
bonk,40,0.0,0.0,0.0,0.0,0.0,0.0,0.0,0.0,0.0,0
doge,40,-0.19561648612394922,-9.307972596791402,-5.0,0.0,-22.595916659326875,0.19561648612394922,0.0,0.0,0.4748761098814166,6
shib,40,0.0,0.0,0.0,0.0,0.0,0.0,0.0,0.0,0.0,0
pepe,40,0.0,0.0,0.0,0.0,0.0,0.0,0.0,0.0,0.0,0
bonk,41,0.0,0.0,0.0,0.0,0.0,0.0,0.0,0.0,0.0,0
doge,41,-0.15681255613818534,-7.073907191054722,-5.0,0.0,-21.94395546633347,0.15681255613818534,0.0,0.0,0.4864479636953208,3
shib,41,0.0,0.0,0.0,0.0,0.0,0.0,0.0,0.0,0.0,0
pepe,41,0.0,0.0,0.0,0.0,0.0,0.0,0.0,0.0,0.0,0
bonk,42,0.0,0.0,0.0,0.0,0.0,0.0,0.0,0.0,0.0,0
doge,42,-0.08199244684579587,-9.31573924324054,-5.0,0.0,-21.627062038281213,0.08199244684579587,0.0,0.0,0.19035051199948183,4
shib,42,0.0,0.0,0.0,0.0,0.0,0.0,0.0,0.0,0.0,0
pepe,42,0.0,0.0,0.0,0.0,0.0,0.0,0.0,0.0,0.0,0
bonk,43,0.0,0.0,0.0,0.0,0.0,0.0,0.0,0.0,0.0,0
doge,43,-0.055632084604915755,-5.112667918208567,-2.3393757376645046,0.0,-23.33705704579549,0.050314404518168133,0.0,0.0,0.229662897581102,2
shib,43,0.0,0.0,0.0,0.0,0.0,0.0,0.0,0.0,0.0,0
pepe,43,0.0,0.0,0.0,0.0,0.0,0.0,0.0,0.0,0.0,0
bonk,44,0.0,0.0,0.0,0.0,0.0,0.0,0.0,0.0,0.0,0
doge,44,0.04032414160301667,3.9549480695627866,0.0,8.247679002415804,0.0,0.0,0.5,8.247679002415804,0.21548637501227763,2
shib,44,0.0,0.0,0.0,0.0,0.0,0.0,0.0,0.0,0.0,0
pepe,44,0.0,0.0,0.0,0.0,0.0,0.0,0.0,0.0,0.0,0
bonk,45,0.0,0.0,0.0,0.0,0.0,0.0,0.0,0.0,0.0,0
doge,45,0.01818652608952931,1.606089892440008,1.8064986913053496,1.620243361964896,15.861741797313009,0.02571111439559263,0.5,1.620243361964896,0.253922934067217,4
shib,45,0.0,0.0,0.0,0.0,0.0,0.0,0.0,0.0,0.0,0
pepe,45,0.0,0.0,0.0,0.0,0.0,0.0,0.0,0.0,0.0,0
bonk,46,0.0,0.0,0.0,0.0,0.0,0.0,0.0,0.0,0.0,0
doge,46,-0.023639492460612033,-1.5450818977589056,-1.9920975070322144,0.67762681865015,-7.504076734798757,0.0614843311864976,0.2,0.67762681865015,0.2986140345573141,5
shib,46,0.0,0.0,0.0,0.0,0.0,0.0,0.0,0.0,0.0,0
pepe,46,0.0,0.0,0.0,0.0,0.0,0.0,0.0,0.0,0.0,0
bonk,47,-0.0666666302868778,-4.58257569495584,0.0,0.0,-21.0,0.0666666302868778,0.0,0.0,0.3055048796172531,1
doge,47,-0.12767286720511006,-4.898616449697636,-4.247411201627479,0.2638480130977339,-16.756148033399565,0.16148525453736293,0.16666666666666666,0.2638480130977339,0.5523745037042613,6
shib,47,0.0,0.0,0.0,0.0,0.0,0.0,0.0,0.0,0.0,0
pepe,47,0.0,0.0,0.0,0.0,0.0,0.0,0.0,0.0,0.0,0
bonk,48,0.0,0.21385384385587997,0.0,1.0714285296660613,1.499999122987286,0.0666666302868778,0.5,1.0714285296660613,0.4676085552627528,2
doge,48,-0.0758125549094888,-4.2713987622616765,-5.0,0.3793443676831711,-14.213782623253191,0.11163510666353713,0.16666666666666666,0.3793443676831711,0.3714841969938259,6
shib,48,0.0,0.2951897520716116,0.0,1.1000000363797895,2.10000076397558,0.09090912097503127,0.5,1.1000000363797895,0.6467339132206747,2
pepe,48,0.0,0.0,0.0,0.0,0.0,0.0,0.0,0.0,0.0,0
bonk,49,-0.13333332120673713,-3.502021146049836,-3.6080252639762556,0.3571427349488171,-20.25000077956671,0.13333332120673713,0.3333333333333333,0.3571427349488171,0.7709833110014644,3
doge,49,-0.0758125549094888,-4.2713987622616765,-5.0,0.3793443676831711,-14.213782623253191,0.11163510666353713,0.16666666666666666,0.3793443676831711,0.3714841969938259,6
shib,49,0.0,0.2951897520716116,0.0,1.1000000363797895,2.10000076397558,0.09090912097503127,0.5,1.1000000363797895,0.6467339132206747,2
pepe,49,0.0,0.0,0.0,0.0,0.0,0.0,0.0,0.0,0.0,0
bonk,50,-0.06666663028687769,-1.2470642258528843,-1.4493768018109696,0.7417583473864051,-8.134610824263671,0.13333332120673713,0.5,0.7417583473864051,0.8697344173926294,4
doge,50,-0.05698082381267344,-2.966553756502341,-3.8984436456219136,0.5467190301989909,-10.3806955685855,0.11163510666353713,0.2857142857142857,0.5467190301989909,0.3906384822795423,7
shib,50,0.0,0.2951897520716116,0.0,1.1000000363797895,2.10000076397558,0.09090912097503127,0.5,1.1000000363797895,0.6467339132206747,2
pepe,50,0.0,0.0,0.0,0.0,0.0,0.0,0.0,0.0,0.0,0
bonk,51,-0.06666663028687769,-1.2470642258528843,-1.4493768018109696,0.7417583473864051,-8.134610824263671,0.13333332120673713,0.5,0.7417583473864051,0.8697344173926294,4
doge,51,-0.052691476961983175,-2.7096951527108124,-3.577111665065657,0.5840810354028351,-9.525059378909862,0.11163510666353713,0.375,0.5840810354028351,0.3924172129390119,8
shib,51,0.0,0.2951897520716116,0.0,1.1000000363797895,2.10000076397558,0.09090912097503127,0.5,1.1000000363797895,0.6467339132206747,2
pepe,51,0.0,0.0,0.0,0.0,0.0,0.0,0.0,0.0,0.0,0
bonk,52,-0.06666663028687769,-1.2470642258528843,-1.4493768018109696,0.7417583473864051,-8.134610824263671,0.13333332120673713,0.5,0.7417583473864051,0.8697344173926294,4
doge,52,-0.056272691148333887,-2.916083175855567,-3.842112566588816,0.5664900301979641,-10.236203058545211,0.11163510666353713,0.3333333333333333,0.5664900301979641,0.39186797884633395,9
shib,52,0.0,0.2951897520716116,0.0,1.1000000363797895,2.10000076397558,0.09090912097503127,0.5,1.1000000363797895,0.6467339132206747,2
pepe,52,0.0,0.0,0.0,0.0,0.0,0.0,0.0,0.0,0.0,0
bonk,53,-0.1999999514936146,-3.7976494964698997,-5.0,0.4326923490075074,-20.423076393947607,0.1999999514936146,0.4,0.4326923490075074,1.0755637906912565,5
doge,53,-0.15404806166866947,-5.550411904961443,-5.0,0.31033838682926124,-17.761021500971925,0.18683811660102545,0.3,0.31033838682926124,0.5978719891375277,10
shib,53,0.0,0.2951897520716116,0.0,1.1000000363797895,2.10000076397558,0.09090912097503127,0.5,1.1000000363797895,0.6467339132206747,2
pepe,53,0.0,0.0,0.0,0.0,0.0,0.0,0.0,0.0,0.0,0
bonk,54,-0.26666664241347393,-5.237985751180497,-5.0,0.34808766581244766,-21.8798075600012,0.26666664241347393,0.3333333333333333,0.34808766581244766,1.1139042937189174,6
doge,54,-0.177052838530376,-6.513590583445789,-5.0,0.2774136651075554,-18.61443613302002,0.2089512022651329,0.2727272727272727,0.2774136651075554,0.5971374405028163,11
shib,54,0.0,0.2951897520716116,0.0,1.1000000363797895,2.10000076397558,0.09090912097503127,0.5,1.1000000363797895,0.6467339132206747,2
pepe,54,-0.1428571242960267,-4.582575694955839,0.0,0.0,-21.0,0.1428571242960267,0.0,0.0,0.6546535856502576,1
bonk,55,-0.21052583710803952,-3.51626810450363,-5.0,0.5277154445930612,-15.851050277707502,0.26666664241347393,0.42857142857142855,0.5277154445930612,1.202111508752577,7
doge,55,-0.177052838530376,-6.513590583445789,-5.0,0.2774136651075554,-18.61443613302002,0.2089512022651329,0.2727272727272727,0.2774136651075554,0.5971374405028163,11
shib,55,0.0,0.2951897520716116,0.0,1.1000000363797895,2.10000076397558,0.09090912097503127,0.5,1.1000000363797895,0.6467339132206747,2
pepe,55,-0.1428571242960267,-4.582575694955839,0.0,0.0,-21.0,0.1428571242960267,0.0,0.0,0.6546535856502576,1
bonk,56,-0.21052583710803952,-3.51626810450363,-5.0,0.5277154445930612,-15.851050277707502,0.26666664241347393,0.42857142857142855,0.5277154445930612,1.202111508752577,7
doge,56,-0.177052838530376,-6.513590583445789,-5.0,0.2774136651075554,-18.61443613302002,0.2089512022651329,0.2727272727272727,0.2774136651075554,0.5971374405028163,11
shib,56,-0.09999994543031654,-2.401920578652337,-5.0,0.5238097816028492,-10.49999427018236,0.18181815926872663,0.3333333333333333,0.5238097816028492,0.7948179667155688,3
pepe,56,0.0,0.47612264489979356,0.0,1.1666666414029263,3.4999994694614536,0.1428571242960267,0.5,1.1666666414029263,1.050149293676452,2
bonk,57,-0.21052583710803952,-3.51626810450363,-5.0,0.5277154445930612,-15.851050277707502,0.26666664241347393,0.42857142857142855,0.5277154445930612,1.202111508752577,7
doge,57,-0.19114969087879896,-7.176148559370786,-5.0,0.26003575499510373,-19.09753468297939,0.22250164465581063,0.25,0.26003575499510373,0.5921327911035997,12
shib,57,-0.09999994543031654,-2.401920578652337,-5.0,0.5238097816028492,-10.49999427018236,0.18181815926872663,0.3333333333333333,0.5238097816028492,0.7948179667155688,3
pepe,57,-0.1428571242960267,-4.582575694955839,0.0,0.0,-21.0,0.1428571242960267,0.0,0.0,0.6546535856502576,1
bonk,58,-0.21052583710803952,-3.51626810450363,-5.0,0.5277154445930612,-15.851050277707502,0.26666664241347393,0.42857142857142855,0.5277154445930612,1.202111508752577,7
doge,58,-0.19114969087879896,-7.176148559370786,-5.0,0.26003575499510373,-19.09753468297939,0.22250164465581063,0.25,0.26003575499510373,0.5921327911035997,12
shib,58,-0.18181815926872658,-6.787829488257438,-5.0,0.0,-22.04999990450284,0.18181815926872658,0.0,0.0,0.5906292138669369,2
pepe,58,-0.1428571242960267,-2.011703747749621,0.0,0.5833333207014632,-17.500000530538546,0.1428571242960267,0.3333333333333333,0.5833333207014632,1.2427275903662685,3
bonk,59,-0.21052583710803952,-3.51626810450363,-5.0,0.5277154445930612,-15.851050277707502,0.26666664241347393,0.42857142857142855,0.5277154445930612,1.202111508752577,7
doge,59,-0.19114969087879896,-7.176148559370786,-5.0,0.26003575499510373,-19.09753468297939,0.22250164465581063,0.25,0.26003575499510373,0.5921327911035997,12
shib,59,0.0,0.2951897520716116,0.0,1.1000000363797895,2.10000076397558,0.09090912097503127,0.5,1.1000000363797895,0.6467339132206747,2
pepe,59,-0.1428571242960267,-2.011703747749621,0.0,0.5833333207014632,-17.500000530538546,0.1428571242960267,0.3333333333333333,0.5833333207014632,1.2427275903662685,3
bonk,60,-0.21052583710803952,-3.51626810450363,-5.0,0.5277154445930612,-15.851050277707502,0.26666664241347393,0.42857142857142855,0.5277154445930612,1.202111508752577,7
doge,60,-0.19114969087879896,-7.176148559370786,-5.0,0.26003575499510373,-19.09753468297939,0.22250164465581063,0.25,0.26003575499510373,0.5921327911035997,12
shib,60,-0.09090912097503123,-4.58257569495584,0.0,0.0,-21.0,0.09090912097503123,0.0,0.0,0.4165979282299783,1
pepe,60,-0.1428571242960267,-2.011703747749621,0.0,0.5833333207014632,-17.500000530538546,0.1428571242960267,0.3333333333333333,0.5833333207014632,1.2427275903662685,3
bonk,61,-0.21052583710803952,-3.51626810450363,-5.0,0.5277154445930612,-15.851050277707502,0.26666664241347393,0.42857142857142855,0.5277154445930612,1.202111508752577,7
doge,61,-0.19114969087879896,-7.176148559370786,-5.0,0.26003575499510373,-19.09753468297939,0.22250164465581063,0.25,0.26003575499510373,0.5921327911035997,12
shib,61,-0.09999994543031654,-2.401920578652337,-5.0,0.5238097816028492,-10.49999427018236,0.18181815926872663,0.3333333333333333,0.5238097816028492,0.7948179667155688,3
pepe,61,-0.1428571242960267,-2.011703747749621,0.0,0.5833333207014632,-17.500000530538546,0.1428571242960267,0.3333333333333333,0.5833333207014632,1.2427275903662685,3
bonk,62,-0.21052583710803952,-3.51626810450363,-5.0,0.5277154445930612,-15.851050277707502,0.26666664241347393,0.42857142857142855,0.5277154445930612,1.202111508752577,7
doge,62,-0.19114969087879896,-7.176148559370786,-5.0,0.26003575499510373,-19.09753468297939,0.22250164465581063,0.25,0.26003575499510373,0.5921327911035997,12
shib,62,-0.09090912097503123,-4.58257569495584,0.0,0.0,-21.0,0.09090912097503123,0.0,0.0,0.4165979282299783,1
pepe,62,-0.1428571242960267,-2.011703747749621,0.0,0.5833333207014632,-17.500000530538546,0.1428571242960267,0.3333333333333333,0.5833333207014632,1.2427275903662685,3
bonk,63,-0.21052583710803952,-3.51626810450363,-5.0,0.5277154445930612,-15.851050277707502,0.26666664241347393,0.42857142857142855,0.5277154445930612,1.202111508752577,7
doge,63,-0.19114969087879896,-7.176148559370786,-5.0,0.26003575499510373,-19.09753468297939,0.22250164465581063,0.25,0.26003575499510373,0.5921327911035997,12
shib,63,-0.09999994543031654,-4.58257569495584,0.0,0.0,-21.0,0.09999994543031654,0.0,0.0,0.45825731942587894,1
pepe,63,-0.1428571242960267,-2.011703747749621,0.0,0.5833333207014632,-17.500000530538546,0.1428571242960267,0.3333333333333333,0.5833333207014632,1.2427275903662685,3
bonk,64,-0.21052583710803952,-3.51626810450363,-5.0,0.5277154445930612,-15.851050277707502,0.26666664241347393,0.42857142857142855,0.5277154445930612,1.202111508752577,7
doge,64,-0.19114969087879896,-7.176148559370786,-5.0,0.26003575499510373,-19.09753468297939,0.22250164465581063,0.25,0.26003575499510373,0.5921327911035997,12
shib,64,-0.009999907231536098,2.8216334368976868e-06,0.0,1.0000009094952214,1.9099399649321772e-05,0.09999994543031657,0.5,1.0000009094952214,0.6768912282184724,2
pepe,64,-0.22126401182135202,-3.4123622333723853,-5.0,0.4418651234791202,-19.980512950808055,0.22126401182135202,0.25,0.4418651234791202,1.2955741950569812,4
bonk,65,-0.21052583710803952,-3.51626810450363,-5.0,0.5277154445930612,-15.851050277707502,0.26666664241347393,0.42857142857142855,0.5277154445930612,1.202111508752577,7
doge,65,-0.19114969087879896,-7.176148559370786,-5.0,0.26003575499510373,-19.09753468297939,0.22250164465581063,0.25,0.26003575499510373,0.5921327911035997,12
shib,65,-0.09999994543031654,-2.401920578652337,-5.0,0.5238097816028492,-10.49999427018236,0.18181815926872663,0.3333333333333333,0.5238097816028492,0.7948179667155688,3
pepe,65,0.0,0.47612264489979356,0.0,1.1666666414029263,3.4999994694614522,0.14285712429602676,0.5,1.1666666414029263,1.050149293676452,2
bonk,66,-0.21052583710803952,-3.51626810450363,-5.0,0.5277154445930612,-15.851050277707502,0.26666664241347393,0.42857142857142855,0.5277154445930612,1.202111508752577,7
doge,66,-0.19114969087879896,-7.176148559370786,-5.0,0.26003575499510373,-19.09753468297939,0.22250164465581063,0.25,0.26003575499510373,0.5921327911035997,12
shib,66,0.0,0.2951897520716116,0.0,1.1000000363797895,2.10000076397558,0.09090912097503127,0.5,1.1000000363797895,0.6467339132206747,2
pepe,66,-0.1428571242960267,-4.58257569495584,0.0,0.0,-21.0,0.1428571242960267,0.0,0.0,0.6546535856502574,1
bonk,67,-0.21052583710803952,-3.51626810450363,-5.0,0.5277154445930612,-15.851050277707502,0.26666664241347393,0.42857142857142855,0.5277154445930612,1.202111508752577,7
doge,67,-0.19114969087879896,-7.176148559370786,-5.0,0.26003575499510373,-19.09753468297939,0.22250164465581063,0.25,0.26003575499510373,0.5921327911035997,12
shib,67,0.0,0.2951897520716116,0.0,1.1000000363797895,2.10000076397558,0.09090912097503127,0.5,1.1000000363797895,0.6467339132206747,2
pepe,67,-0.1428571242960267,-4.58257569495584,0.0,0.0,-21.0,0.1428571242960267,0.0,0.0,0.6546535856502574,1
bonk,68,-0.21052583710803952,-3.51626810450363,-5.0,0.5277154445930612,-15.851050277707502,0.26666664241347393,0.42857142857142855,0.5277154445930612,1.202111508752577,7
doge,68,-0.19114969087879896,-7.176148559370786,-5.0,0.26003575499510373,-19.09753468297939,0.22250164465581063,0.25,0.26003575499510373,0.5921327911035997,12
shib,68,0.0,0.2951897520716116,0.0,1.1000000363797895,2.10000076397558,0.09090912097503127,0.5,1.1000000363797895,0.6467339132206747,2
pepe,68,-0.1428571242960267,-4.58257569495584,0.0,0.0,-21.0,0.1428571242960267,0.0,0.0,0.6546535856502574,1
bonk,69,-0.21052583710803952,-3.51626810450363,-5.0,0.5277154445930612,-15.851050277707502,0.26666664241347393,0.42857142857142855,0.5277154445930612,1.202111508752577,7
doge,69,-0.19114969087879896,-7.176148559370786,-5.0,0.26003575499510373,-19.09753468297939,0.22250164465581063,0.25,0.26003575499510373,0.5921327911035997,12
shib,69,0.0,0.2951897520716116,0.0,1.1000000363797895,2.10000076397558,0.09090912097503127,0.5,1.1000000363797895,0.6467339132206747,2
pepe,69,0.0,0.0,0.0,0.0,0.0,0.0,0.0,0.0,0.0,0
bonk,70,-0.21052583710803952,-3.51626810450363,-5.0,0.5277154445930612,-15.851050277707502,0.26666664241347393,0.42857142857142855,0.5277154445930612,1.202111508752577,7
doge,70,-0.19114969087879896,-7.176148559370786,-5.0,0.26003575499510373,-19.09753468297939,0.22250164465581063,0.25,0.26003575499510373,0.5921327911035997,12
shib,70,0.0,0.2951897520716116,0.0,1.1000000363797895,2.10000076397558,0.09090912097503127,0.5,1.1000000363797895,0.6467339132206747,2
pepe,70,0.0,0.0,0.0,0.0,0.0,0.0,0.0,0.0,0.0,0
bonk,71,-0.21052583710803952,-3.51626810450363,-5.0,0.5277154445930612,-15.851050277707502,0.26666664241347393,0.42857142857142855,0.5277154445930612,1.202111508752577,7
doge,71,-0.19114969087879896,-7.176148559370786,-5.0,0.26003575499510373,-19.09753468297939,0.22250164465581063,0.25,0.26003575499510373,0.5921327911035997,12
shib,71,0.0,0.2951897520716116,0.0,1.1000000363797895,2.10000076397558,0.09090912097503127,0.5,1.1000000363797895,0.6467339132206747,2
pepe,71,0.0,0.0,0.0,0.0,0.0,0.0,0.0,0.0,0.0,0
bonk,72,-0.21052583710803952,-3.51626810450363,-5.0,0.5277154445930612,-15.851050277707502,0.26666664241347393,0.42857142857142855,0.5277154445930612,1.202111508752577,7
doge,72,-0.19114969087879896,-7.176148559370786,-5.0,0.26003575499510373,-19.09753468297939,0.22250164465581063,0.25,0.26003575499510373,0.5921327911035997,12
shib,72,-0.09090912097503123,-4.58257569495584,0.0,0.0,-21.0,0.09090912097503123,0.0,0.0,0.4165979282299783,1
pepe,72,0.0,0.0,0.0,0.0,0.0,0.0,0.0,0.0,0.0,0
bonk,73,-0.21052583710803952,-3.51626810450363,-5.0,0.5277154445930612,-15.851050277707502,0.26666664241347393,0.42857142857142855,0.5277154445930612,1.202111508752577,7
doge,73,-0.19114969087879896,-7.176148559370786,-5.0,0.26003575499510373,-19.09753468297939,0.22250164465581063,0.25,0.26003575499510373,0.5921327911035997,12
shib,73,-0.09999994543031654,-4.58257569495584,0.0,0.0,-21.0,0.09999994543031654,0.0,0.0,0.45825731942587894,1
pepe,73,0.0,0.0,0.0,0.0,0.0,0.0,0.0,0.0,0.0,0
bonk,74,-0.21052583710803952,-3.51626810450363,-5.0,0.5277154445930612,-15.851050277707502,0.26666664241347393,0.42857142857142855,0.5277154445930612,1.202111508752577,7
doge,74,-0.19114969087879896,-7.176148559370786,-5.0,0.26003575499510373,-19.09753468297939,0.22250164465581063,0.25,0.26003575499510373,0.5921327911035997,12
shib,74,-0.09999994543031654,-4.58257569495584,0.0,0.0,-21.0,0.09999994543031654,0.0,0.0,0.45825731942587894,1
pepe,74,0.0,0.0,0.0,0.0,0.0,0.0,0.0,0.0,0.0,0
bonk,75,-0.21052583710803952,-3.51626810450363,-5.0,0.5277154445930612,-15.851050277707502,0.26666664241347393,0.42857142857142855,0.5277154445930612,1.202111508752577,7
doge,75,-0.19114969087879896,-7.176148559370786,-5.0,0.26003575499510373,-19.09753468297939,0.22250164465581063,0.25,0.26003575499510373,0.5921327911035997,12
shib,75,-0.09999994543031654,-4.58257569495584,0.0,0.0,-21.0,0.09999994543031654,0.0,0.0,0.45825731942587894,1
pepe,75,0.0,0.0,0.0,0.0,0.0,0.0,0.0,0.0,0.0,0
bonk,76,-0.21052583710803952,-3.51626810450363,-5.0,0.5277154445930612,-15.851050277707502,0.26666664241347393,0.42857142857142855,0.5277154445930612,1.202111508752577,7
doge,76,-0.19114969087879896,-7.176148559370786,-5.0,0.26003575499510373,-19.09753468297939,0.22250164465581063,0.25,0.26003575499510373,0.5921327911035997,12
shib,76,-0.09999994543031654,-4.58257569495584,0.0,0.0,-21.0,0.09999994543031654,0.0,0.0,0.45825731942587894,1
pepe,76,0.0,0.0,0.0,0.0,0.0,0.0,0.0,0.0,0.0,0
bonk,77,-0.21052583710803952,-3.51626810450363,-5.0,0.5277154445930612,-15.851050277707502,0.26666664241347393,0.42857142857142855,0.5277154445930612,1.202111508752577,7
doge,77,-0.19114969087879896,-7.176148559370786,-5.0,0.26003575499510373,-19.09753468297939,0.22250164465581063,0.25,0.26003575499510373,0.5921327911035997,12
shib,77,0.0,0.0,0.0,0.0,0.0,0.0,0.0,0.0,0.0,0
pepe,77,0.0,0.0,0.0,0.0,0.0,0.0,0.0,0.0,0.0,0
bonk,78,-0.21052583710803952,-3.51626810450363,-5.0,0.5277154445930612,-15.851050277707502,0.26666664241347393,0.42857142857142855,0.5277154445930612,1.202111508752577,7
doge,78,-0.19114969087879896,-7.176148559370786,-5.0,0.26003575499510373,-19.09753468297939,0.22250164465581063,0.25,0.26003575499510373,0.5921327911035997,12
shib,78,0.0,0.0,0.0,0.0,0.0,0.0,0.0,0.0,0.0,0
pepe,78,0.0,0.0,0.0,0.0,0.0,0.0,0.0,0.0,0.0,0
bonk,79,-0.21052583710803952,-3.51626810450363,-5.0,0.5277154445930612,-15.851050277707502,0.26666664241347393,0.42857142857142855,0.5277154445930612,1.202111508752577,7
doge,79,-0.19114969087879896,-7.176148559370786,-5.0,0.26003575499510373,-19.09753468297939,0.22250164465581063,0.25,0.26003575499510373,0.5921327911035997,12
shib,79,0.0,0.0,0.0,0.0,0.0,0.0,0.0,0.0,0.0,0
pepe,79,0.0,0.0,0.0,0.0,0.0,0.0,0.0,0.0,0.0,0
bonk,80,-0.21052583710803952,-3.51626810450363,-5.0,0.5277154445930612,-15.851050277707502,0.26666664241347393,0.42857142857142855,0.5277154445930612,1.202111508752577,7
doge,80,-0.19114969087879896,-7.176148559370786,-5.0,0.26003575499510373,-19.09753468297939,0.22250164465581063,0.25,0.26003575499510373,0.5921327911035997,12
shib,80,0.0,0.2951897520716116,0.0,1.1000000363797895,2.10000076397558,0.09090912097503127,0.5,1.1000000363797895,0.6467339132206747,2
pepe,80,0.0,0.0,0.0,0.0,0.0,0.0,0.0,0.0,0.0,0
bonk,81,-0.21052583710803952,-3.51626810450363,-5.0,0.5277154445930612,-15.851050277707502,0.26666664241347393,0.42857142857142855,0.5277154445930612,1.202111508752577,7
doge,81,-0.19114969087879896,-7.176148559370786,-5.0,0.26003575499510373,-19.09753468297939,0.22250164465581063,0.25,0.26003575499510373,0.5921327911035997,12
shib,81,0.0,0.2951897520716116,0.0,1.1000000363797895,2.10000076397558,0.09090912097503127,0.5,1.1000000363797895,0.6467339132206747,2
pepe,81,0.0,0.0,0.0,0.0,0.0,0.0,0.0,0.0,0.0,0
bonk,82,-0.21052583710803952,-3.51626810450363,-5.0,0.5277154445930612,-15.851050277707502,0.26666664241347393,0.42857142857142855,0.5277154445930612,1.202111508752577,7
doge,82,-0.19114969087879896,-7.176148559370786,-5.0,0.26003575499510373,-19.09753468297939,0.22250164465581063,0.25,0.26003575499510373,0.5921327911035997,12
shib,82,-0.09090912097503123,-4.58257569495584,0.0,0.0,-21.0,0.09090912097503123,0.0,0.0,0.4165979282299783,1
pepe,82,0.0,0.0,0.0,0.0,0.0,0.0,0.0,0.0,0.0,0
bonk,83,-0.21052583710803952,-3.51626810450363,-5.0,0.5277154445930612,-15.851050277707502,0.26666664241347393,0.42857142857142855,0.5277154445930612,1.202111508752577,7
doge,83,-0.19114969087879896,-7.176148559370786,-5.0,0.26003575499510373,-19.09753468297939,0.22250164465581063,0.25,0.26003575499510373,0.5921327911035997,12
shib,83,0.0,0.0,0.0,0.0,0.0,0.0,0.0,0.0,0.0,0
pepe,83,-0.1428571242960267,-4.582575694955839,0.0,0.0,-21.0,0.1428571242960267,0.0,0.0,0.6546535856502576,1
bonk,84,-0.21052583710803952,-3.51626810450363,-5.0,0.5277154445930612,-15.851050277707502,0.26666664241347393,0.42857142857142855,0.5277154445930612,1.202111508752577,7
doge,84,-0.19114969087879896,-7.176148559370786,-5.0,0.26003575499510373,-19.09753468297939,0.22250164465581063,0.25,0.26003575499510373,0.5921327911035997,12
shib,84,-0.09090912097503123,-4.58257569495584,0.0,0.0,-21.0,0.09090912097503123,0.0,0.0,0.4165979282299783,1
pepe,84,-0.1428571242960267,-4.582575694955839,0.0,0.0,-21.0,0.1428571242960267,0.0,0.0,0.6546535856502576,1
bonk,85,-0.21052583710803952,-3.51626810450363,-5.0,0.5277154445930612,-15.851050277707502,0.26666664241347393,0.42857142857142855,0.5277154445930612,1.202111508752577,7
doge,85,-0.19114969087879896,-7.176148559370786,-5.0,0.26003575499510373,-19.09753468297939,0.22250164465581063,0.25,0.26003575499510373,0.5921327911035997,12
shib,85,-0.09090912097503123,-4.58257569495584,0.0,0.0,-21.0,0.09090912097503123,0.0,0.0,0.4165979282299783,1
pepe,85,-0.1428571242960267,-4.582575694955839,0.0,0.0,-21.0,0.1428571242960267,0.0,0.0,0.6546535856502576,1
bonk,86,-0.21052583710803952,-3.51626810450363,-5.0,0.5277154445930612,-15.851050277707502,0.26666664241347393,0.42857142857142855,0.5277154445930612,1.202111508752577,7
doge,86,-0.19114969087879896,-7.176148559370786,-5.0,0.26003575499510373,-19.09753468297939,0.22250164465581063,0.25,0.26003575499510373,0.5921327911035997,12
shib,86,-0.09090912097503123,-4.58257569495584,0.0,0.0,-21.0,0.09090912097503123,0.0,0.0,0.4165979282299783,1
pepe,86,0.0,0.47612264489979356,0.0,1.1666666414029263,3.4999994694614536,0.1428571242960267,0.5,1.1666666414029263,1.050149293676452,2
bonk,87,-0.21052583710803952,-3.51626810450363,-5.0,0.5277154445930612,-15.851050277707502,0.26666664241347393,0.42857142857142855,0.5277154445930612,1.202111508752577,7
doge,87,-0.19114969087879896,-7.176148559370786,-5.0,0.26003575499510373,-19.09753468297939,0.22250164465581063,0.25,0.26003575499510373,0.5921327911035997,12
shib,87,0.0,0.0,0.0,0.0,0.0,0.0,0.0,0.0,0.0,0
pepe,87,-0.26530609062992294,-6.797058187186572,0.0,0.0,-22.615384389356354,0.26530609062992294,0.0,0.0,0.8827347148129435,2
bonk,88,-0.21052583710803952,-3.51626810450363,-5.0,0.5277154445930612,-15.851050277707502,0.26666664241347393,0.42857142857142855,0.5277154445930612,1.202111508752577,7
doge,88,-0.19114969087879896,-7.176148559370786,-5.0,0.26003575499510373,-19.09753468297939,0.22250164465581063,0.25,0.26003575499510373,0.5921327911035997,12
shib,88,0.0,0.0,0.0,0.0,0.0,0.0,0.0,0.0,0.0,0
pepe,88,-0.1428571242960267,-2.011703747749621,0.0,0.5833333207014632,-17.500000530538546,0.1428571242960267,0.3333333333333333,0.5833333207014632,1.2427275903662685,3
bonk,89,-0.21052583710803952,-3.51626810450363,-5.0,0.5277154445930612,-15.851050277707502,0.26666664241347393,0.42857142857142855,0.5277154445930612,1.202111508752577,7
doge,89,-0.19114969087879896,-7.176148559370786,-5.0,0.26003575499510373,-19.09753468297939,0.22250164465581063,0.25,0.26003575499510373,0.5921327911035997,12
shib,89,0.0,0.0,0.0,0.0,0.0,0.0,0.0,0.0,0.0,0
pepe,89,-0.1428571242960267,-2.011703747749621,0.0,0.5833333207014632,-17.500000530538546,0.1428571242960267,0.3333333333333333,0.5833333207014632,1.2427275903662685,3
bonk,90,-0.21052583710803952,-3.51626810450363,-5.0,0.5277154445930612,-15.851050277707502,0.26666664241347393,0.42857142857142855,0.5277154445930612,1.202111508752577,7
doge,90,-0.19114969087879896,-7.176148559370786,-5.0,0.26003575499510373,-19.09753468297939,0.22250164465581063,0.25,0.26003575499510373,0.5921327911035997,12
shib,90,0.0,0.0,0.0,0.0,0.0,0.0,0.0,0.0,0.0,0
pepe,90,0.0,0.47612264489979356,0.0,1.1666666414029263,3.4999994694614522,0.14285712429602676,0.5,1.1666666414029263,1.050149293676452,2
bonk,91,-0.21052583710803952,-3.9131565084081386,-5.0,0.4268945286721958,-16.226049887924148,0.26666664241347393,0.4,0.4268945286721958,1.1057432111261114,5
doge,91,-0.19114969087879896,-7.176148559370786,-5.0,0.26003575499510373,-19.09753468297939,0.22250164465581063,0.25,0.26003575499510373,0.5921327911035997,12
shib,91,0.0,0.0,0.0,0.0,0.0,0.0,0.0,0.0,0.0,0
pepe,91,-0.1428571242960267,-4.58257569495584,0.0,0.0,-21.0,0.1428571242960267,0.0,0.0,0.6546535856502574,1
bonk,92,-0.21052583710803952,-3.9131565084081386,-5.0,0.4268945286721958,-16.226049887924148,0.26666664241347393,0.4,0.4268945286721958,1.1057432111261114,5
doge,92,-0.19114969087879896,-7.176148559370786,-5.0,0.26003575499510373,-19.09753468297939,0.22250164465581063,0.25,0.26003575499510373,0.5921327911035997,12
shib,92,0.0,0.0,0.0,0.0,0.0,0.0,0.0,0.0,0.0,0
pepe,92,-0.1428571242960267,-4.58257569495584,0.0,0.0,-21.0,0.1428571242960267,0.0,0.0,0.6546535856502574,1
bonk,93,-0.15413485844332298,-3.7080595927730338,-4.703014877042331,0.3384565083695908,-14.66421418146548,0.21428571892599313,0.3333333333333333,0.3384565083695908,0.8474328957615577,3
doge,93,-0.19114969087879896,-7.176148559370786,-5.0,0.26003575499510373,-19.09753468297939,0.22250164465581063,0.25,0.26003575499510373,0.5921327911035997,12
shib,93,0.0,0.0,0.0,0.0,0.0,0.0,0.0,0.0,0.0,0
pepe,93,-0.1428571242960267,-4.58257569495584,0.0,0.0,-21.0,0.1428571242960267,0.0,0.0,0.6546535856502574,1
bonk,94,-0.15413485844332298,-3.7080595927730338,-4.703014877042331,0.3384565083695908,-14.66421418146548,0.21428571892599313,0.3333333333333333,0.3384565083695908,0.8474328957615577,3
doge,94,-0.19114969087879896,-7.176148559370786,-5.0,0.26003575499510373,-19.09753468297939,0.22250164465581063,0.25,0.26003575499510373,0.5921327911035997,12
shib,94,0.0,0.0,0.0,0.0,0.0,0.0,0.0,0.0,0.0,0
pepe,94,0.0,0.0,0.0,0.0,0.0,0.0,0.0,0.0,0.0,0
bonk,95,-0.15413485844332298,-3.7080595927730338,-4.703014877042331,0.3384565083695908,-14.66421418146548,0.21428571892599313,0.3333333333333333,0.3384565083695908,0.8474328957615577,3
doge,95,-0.1865951024478968,-6.942528370726774,-5.0,0.26547176426599334,-18.569054842904126,0.22250164465581046,0.2727272727272727,0.26547176426599334,0.5951211174982338,11
shib,95,0.0,0.0,0.0,0.0,0.0,0.0,0.0,0.0,0.0,0
pepe,95,0.0,0.0,0.0,0.0,0.0,0.0,0.0,0.0,0.0,0
bonk,96,-0.15413485844332298,-3.7080595927730338,-4.703014877042331,0.3384565083695908,-14.66421418146548,0.21428571892599313,0.3333333333333333,0.3384565083695908,0.8474328957615577,3
doge,96,-0.22685517759488305,-10.196088621689732,-5.0,0.09114977329977196,-23.456266763168323,0.22250164465581057,0.18181818181818182,0.09114977329977196,0.511868631779846,11
shib,96,0.0,0.0,0.0,0.0,0.0,0.0,0.0,0.0,0.0,0
pepe,96,0.0,0.0,0.0,0.0,0.0,0.0,0.0,0.0,0.0,0
bonk,97,0.07655564106643054,4.58257569495584,5.0,10.0,0.0,0.0,1.0,10.0,0.3508220200627878,1
doge,97,-0.19114969087879896,-7.176148559370786,-5.0,0.26003575499510373,-19.09753468297939,0.22250164465581063,0.25,0.26003575499510373,0.5921327911035997,12
shib,97,0.0,0.0,0.0,0.0,0.0,0.0,0.0,0.0,0.0,0
pepe,97,0.0,0.0,0.0,0.0,0.0,0.0,0.0,0.0,0.0,0
bonk,98,0.0,0.0,0.0,0.0,0.0,0.0,0.0,0.0,0.0,0
doge,98,-0.19114969087879896,-7.176148559370786,-5.0,0.26003575499510373,-19.09753468297939,0.22250164465581063,0.25,0.26003575499510373,0.5921327911035997,12
shib,98,0.0,0.0,0.0,0.0,0.0,0.0,0.0,0.0,0.0,0
pepe,98,0.0,0.0,0.0,0.0,0.0,0.0,0.0,0.0,0.0,0
bonk,99,-0.0666666302868778,-4.58257569495584,0.0,0.0,-21.0,0.0666666302868778,0.0,0.0,0.3055048796172531,1
doge,99,-0.18540250751836262,-6.884671525706999,-5.0,0.26692254333818494,-18.900936269038702,0.21697722862949348,0.2727272727272727,0.26692254333818494,0.5956816900916053,11
shib,99,0.0,0.0,0.0,0.0,0.0,0.0,0.0,0.0,0.0,0
pepe,99,0.0,0.0,0.0,0.0,0.0,0.0,0.0,0.0,0.0,0
bonk,100,0.0,0.21385384385587997,0.0,1.0714285296660613,1.499999122987286,0.0666666302868778,0.5,1.0714285296660613,0.4676085552627528,2
doge,100,-0.1482967489774093,-5.585950940423028,-5.0,0.318670277474923,-17.60870946107745,0.1813097313014225,0.2727272727272727,0.318670277474923,0.5715464412422835,11
shib,100,0.0,0.0,0.0,0.0,0.0,0.0,0.0,0.0,0.0,0
pepe,100,0.0,0.0,0.0,0.0,0.0,0.0,0.0,0.0,0.0,0
bonk,101,-0.13333332120673713,-3.502021146049836,-3.6080252639762556,0.3571427349488171,-20.25000077956671,0.13333332120673713,0.3333333333333333,0.3571427349488171,0.7709833110014644,3
doge,101,-0.2073021211830589,-8.209628379896296,-5.0,0.18551973051173004,-19.64953780448202,0.23802798847339324,0.18181818181818182,0.18551973051173004,0.5697139677462273,11
shib,101,0.0,0.0,0.0,0.0,0.0,0.0,0.0,0.0,0.0,0
pepe,101,0.0,0.0,0.0,0.0,0.0,0.0,0.0,0.0,0.0,0
bonk,102,2.220446049250313e-16,0.388422924977066,0.0,1.1126373524232667,2.365384400888599,0.13333332120673713,0.6666666666666666,1.1126373524232667,0.811961750506118,3
doge,102,-0.19481210860410603,-7.379971550418925,-5.0,0.24340200617870544,-19.22268599812941,0.22602210292342684,0.18181818181818182,0.24340200617870544,0.5887220409253869,11
shib,102,0.0,0.0,0.0,0.0,0.0,0.0,0.0,0.0,0.0,0
pepe,102,0.0,0.0,0.0,0.0,0.0,0.0,0.0,0.0,0.0,0
bonk,103,-0.12888882097994825,-3.293827976790629,-3.453834214979216,0.38461561243758796,-13.524145013636234,0.19111106826380386,0.3333333333333333,0.38461561243758796,0.7846839055113494,3
doge,103,-0.18808030189906955,-7.016448255384609,-5.0,0.26368108904505744,-18.99258000331073,0.21955122866815524,0.2727272727272727,0.26368108904505744,0.5942955928029623,11
shib,103,0.10000003637978905,4.58257569495584,5.0,10.0,0.0,0.0,1.0,10.0,0.4582577362087211,1
pepe,103,0.0,0.0,0.0,0.0,0.0,0.0,0.0,0.0,0.0,0
bonk,104,0.0769231038312046,2.9353088701227223,0.0,2.225275716784886,25.730790052482607,0.0666666302868778,0.6666666666666666,2.225275716784886,0.5843967852508866,3
doge,104,-0.056272691148333887,-2.916083175855567,-3.842112566588816,0.5664900301979641,-10.236203058545211,0.11163510666353713,0.3333333333333333,0.5664900301979641,0.39186797884633395,9
shib,104,0.0,0.2951897520716116,0.0,1.1000000363797895,2.10000076397558,0.09090912097503127,0.5,1.1000000363797895,0.6467339132206747,2
pepe,104,0.0,0.0,0.0,0.0,0.0,0.0,0.0,0.0,0.0,0
bonk,105,-0.2571428306623308,-5.839303027252246,-5.0,0.2083332522788156,-22.16666688281193,0.2571428306623308,0.25,0.2083332522788156,0.9761438038055387,4
doge,105,-0.15404806166866947,-5.550411904961443,-5.0,0.31033838682926124,-17.761021500971925,0.18683811660102545,0.3,0.31033838682926124,0.5978719891375277,10
shib,105,0.0,0.2951897520716116,0.0,1.1000000363797895,2.10000076397558,0.09090912097503127,0.5,1.1000000363797895,0.6467339132206747,2
pepe,105,0.0,0.0,0.0,0.0,0.0,0.0,0.0,0.0,0.0,0
bonk,106,-0.26666664241347393,-5.237985751180497,-5.0,0.34808766581244766,-21.8798075600012,0.26666664241347393,0.3333333333333333,0.34808766581244766,1.1139042937189174,6
doge,106,-0.177052838530376,-6.513590583445789,-5.0,0.2774136651075554,-18.61443613302002,0.2089512022651329,0.2727272727272727,0.2774136651075554,0.5971374405028163,11
shib,106,0.0,0.2951897520716116,0.0,1.1000000363797895,2.10000076397558,0.09090912097503127,0.5,1.1000000363797895,0.6467339132206747,2
pepe,106,-0.1428571242960267,-4.582575694955839,0.0,0.0,-21.0,0.1428571242960267,0.0,0.0,0.6546535856502576,1
bonk,107,-0.21052583710803952,-3.51626810450363,-5.0,0.5277154445930612,-15.851050277707502,0.26666664241347393,0.42857142857142855,0.5277154445930612,1.202111508752577,7
doge,107,-0.177052838530376,-6.513590583445789,-5.0,0.2774136651075554,-18.61443613302002,0.2089512022651329,0.2727272727272727,0.2774136651075554,0.5971374405028163,11
shib,107,0.0,0.2951897520716116,0.0,1.1000000363797895,2.10000076397558,0.09090912097503127,0.5,1.1000000363797895,0.6467339132206747,2
pepe,107,-0.1428571242960267,-4.582575694955839,0.0,0.0,-21.0,0.1428571242960267,0.0,0.0,0.6546535856502576,1
bonk,108,-0.07894682990445012,-1.1983081784429663,-2.227745616534699,0.7937904459299452,-8.494247277998115,0.14444443467579693,0.5,0.7937904459299452,1.0238991672919315,6
doge,108,-0.19114969087879896,-7.176148559370786,-5.0,0.26003575499510373,-19.09753468297939,0.22250164465581063,0.25,0.26003575499510373,0.5921327911035997,12
shib,108,0.0,0.2951897520716116,0.0,1.1000000363797895,2.10000076397558,0.09090912097503127,0.5,1.1000000363797895,0.6467339132206747,2
pepe,108,0.0,0.47612264489979356,0.0,1.1666666414029263,3.4999994694614536,0.1428571242960267,0.5,1.1666666414029263,1.050149293676452,2
bonk,109,-0.1387554349270328,-2.1423403278781206,-3.7586216751330226,0.6559796791292895,-12.384732132417282,0.1999999514936146,0.5,0.6559796791292895,1.1561869015452628,6
doge,109,-0.19114969087879896,-7.176148559370786,-5.0,0.26003575499510373,-19.09753468297939,0.22250164465581063,0.25,0.26003575499510373,0.5921327911035997,12
shib,109,0.0,0.2951897520716116,0.0,1.1000000363797895,2.10000076397558,0.09090912097503127,0.5,1.1000000363797895,0.6467339132206747,2
pepe,109,0.0,0.47612264489979356,0.0,1.1666666414029263,3.4999994694614536,0.1428571242960267,0.5,1.1666666414029263,1.050149293676452,2
bonk,110,-0.26666664241347393,-5.237985751180497,-5.0,0.34808766581244766,-21.8798075600012,0.26666664241347393,0.3333333333333333,0.34808766581244766,1.1139042937189174,6
doge,110,-0.19114969087879896,-7.176148559370786,-5.0,0.26003575499510373,-19.09753468297939,0.22250164465581063,0.25,0.26003575499510373,0.5921327911035997,12
shib,110,0.0,0.2951897520716116,0.0,1.1000000363797895,2.10000076397558,0.09090912097503127,0.5,1.1000000363797895,0.6467339132206747,2
pepe,110,-0.1428571242960267,-2.011703747749621,0.0,0.5833333207014632,-17.500000530538546,0.1428571242960267,0.3333333333333333,0.5833333207014632,1.2427275903662685,3
bonk,111,-0.21052583710803952,-3.51626810450363,-5.0,0.5277154445930612,-15.851050277707502,0.26666664241347393,0.42857142857142855,0.5277154445930612,1.202111508752577,7
doge,111,-0.19114969087879896,-7.176148559370786,-5.0,0.26003575499510373,-19.09753468297939,0.22250164465581063,0.25,0.26003575499510373,0.5921327911035997,12
shib,111,0.0,0.2951897520716116,0.0,1.1000000363797895,2.10000076397558,0.09090912097503127,0.5,1.1000000363797895,0.6467339132206747,2
pepe,111,-0.1428571242960267,-2.011703747749621,0.0,0.5833333207014632,-17.500000530538546,0.1428571242960267,0.3333333333333333,0.5833333207014632,1.2427275903662685,3
bonk,112,-0.21052583710803952,-3.51626810450363,-5.0,0.5277154445930612,-15.851050277707502,0.26666664241347393,0.42857142857142855,0.5277154445930612,1.202111508752577,7
doge,112,-0.19114969087879896,-7.176148559370786,-5.0,0.26003575499510373,-19.09753468297939,0.22250164465581063,0.25,0.26003575499510373,0.5921327911035997,12
shib,112,-0.09999994543031654,-2.401920578652337,-5.0,0.5238097816028492,-10.49999427018236,0.18181815926872663,0.3333333333333333,0.5238097816028492,0.7948179667155688,3
pepe,112,-0.1428571242960267,-2.011703747749621,0.0,0.5833333207014632,-17.500000530538546,0.1428571242960267,0.3333333333333333,0.5833333207014632,1.2427275903662685,3
bonk,113,-0.21052583710803952,-3.51626810450363,-5.0,0.5277154445930612,-15.851050277707502,0.26666664241347393,0.42857142857142855,0.5277154445930612,1.202111508752577,7
doge,113,-0.19114969087879896,-7.176148559370786,-5.0,0.26003575499510373,-19.09753468297939,0.22250164465581063,0.25,0.26003575499510373,0.5921327911035997,12
shib,113,0.0,0.2951897520716116,0.0,1.1000000363797895,2.10000076397558,0.09090912097503127,0.5,1.1000000363797895,0.6467339132206747,2
pepe,113,-0.22126401182135202,-3.4123622333723853,-5.0,0.4418651234791202,-19.980512950808055,0.22126401182135202,0.25,0.4418651234791202,1.2955741950569812,4
bonk,114,-0.21052583710803952,-3.51626810450363,-5.0,0.5277154445930612,-15.851050277707502,0.26666664241347393,0.42857142857142855,0.5277154445930612,1.202111508752577,7
doge,114,-0.19114969087879896,-7.176148559370786,-5.0,0.26003575499510373,-19.09753468297939,0.22250164465581063,0.25,0.26003575499510373,0.5921327911035997,12
shib,114,0.0,0.2951897520716116,0.0,1.1000000363797895,2.10000076397558,0.09090912097503127,0.5,1.1000000363797895,0.6467339132206747,2
pepe,114,-0.22126401182135202,-3.4123622333723853,-5.0,0.4418651234791202,-19.980512950808055,0.22126401182135202,0.25,0.4418651234791202,1.2955741950569812,4
bonk,115,-0.21052583710803952,-3.51626810450363,-5.0,0.5277154445930612,-15.851050277707502,0.26666664241347393,0.42857142857142855,0.5277154445930612,1.202111508752577,7
doge,115,-0.19114969087879896,-7.176148559370786,-5.0,0.26003575499510373,-19.09753468297939,0.22250164465581063,0.25,0.26003575499510373,0.5921327911035997,12
shib,115,-0.09999994543031654,-2.401920578652337,-5.0,0.5238097816028492,-10.49999427018236,0.18181815926872663,0.3333333333333333,0.5238097816028492,0.7948179667155688,3
pepe,115,-0.22126401182135202,-3.4123622333723853,-5.0,0.4418651234791202,-19.980512950808055,0.22126401182135202,0.25,0.4418651234791202,1.2955741950569812,4
bonk,116,-0.21052583710803952,-3.51626810450363,-5.0,0.5277154445930612,-15.851050277707502,0.26666664241347393,0.42857142857142855,0.5277154445930612,1.202111508752577,7
doge,116,-0.19114969087879896,-7.176148559370786,-5.0,0.26003575499510373,-19.09753468297939,0.22250164465581063,0.25,0.26003575499510373,0.5921327911035997,12
shib,116,-0.09999994543031654,-2.401920578652337,-5.0,0.5238097816028492,-10.49999427018236,0.18181815926872663,0.3333333333333333,0.5238097816028492,0.7948179667155688,3
pepe,116,-0.22126401182135202,-3.4123622333723853,-5.0,0.4418651234791202,-19.980512950808055,0.22126401182135202,0.25,0.4418651234791202,1.2955741950569812,4
bonk,117,-0.21052583710803952,-3.51626810450363,-5.0,0.5277154445930612,-15.851050277707502,0.26666664241347393,0.42857142857142855,0.5277154445930612,1.202111508752577,7
doge,117,-0.19114969087879896,-7.176148559370786,-5.0,0.26003575499510373,-19.09753468297939,0.22250164465581063,0.25,0.26003575499510373,0.5921327911035997,12
shib,117,-0.1012279452076722,-2.438809613270627,-2.239224431506977,0.5200926331948049,-10.592549337874802,0.18293452266576538,0.25,0.5200926331948049,0.7945445787951594,4
pepe,117,-0.22126401182135202,-3.4123622333723853,-5.0,0.4418651234791202,-19.980512950808055,0.22126401182135202,0.25,0.4418651234791202,1.2955741950569812,4
bonk,118,-0.21052583710803952,-3.51626810450363,-5.0,0.5277154445930612,-15.851050277707502,0.26666664241347393,0.42857142857142855,0.5277154445930612,1.202111508752577,7
doge,118,-0.19114969087879896,-7.176148559370786,-5.0,0.26003575499510373,-19.09753468297939,0.22250164465581063,0.25,0.26003575499510373,0.5921327911035997,12
shib,118,-0.1012279452076722,-2.438809613270627,-2.239224431506977,0.5200926331948049,-10.592549337874802,0.18293452266576538,0.25,0.5200926331948049,0.7945445787951594,4
pepe,118,-0.22126401182135202,-3.4123622333723853,-5.0,0.4418651234791202,-19.980512950808055,0.22126401182135202,0.25,0.4418651234791202,1.2955741950569812,4
bonk,119,-0.21052583710803952,-3.51626810450363,-5.0,0.5277154445930612,-15.851050277707502,0.26666664241347393,0.42857142857142855,0.5277154445930612,1.202111508752577,7
doge,119,-0.19114969087879896,-7.176148559370786,-5.0,0.26003575499510373,-19.09753468297939,0.22250164465581063,0.25,0.26003575499510373,0.5921327911035997,12
shib,119,-0.1012279452076722,-2.438809613270627,-2.239224431506977,0.5200926331948049,-10.592549337874802,0.18293452266576538,0.25,0.5200926331948049,0.7945445787951594,4
pepe,119,-0.22126401182135202,-3.4123622333723853,-5.0,0.4418651234791202,-19.980512950808055,0.22126401182135202,0.25,0.4418651234791202,1.2955741950569812,4
bonk,120,-0.21052583710803952,-3.51626810450363,-5.0,0.5277154445930612,-15.851050277707502,0.26666664241347393,0.42857142857142855,0.5277154445930612,1.202111508752577,7
doge,120,-0.19114969087879896,-7.176148559370786,-5.0,0.26003575499510373,-19.09753468297939,0.22250164465581063,0.25,0.26003575499510373,0.5921327911035997,12
shib,120,-0.1012279452076722,-2.438809613270627,-2.239224431506977,0.5200926331948049,-10.592549337874802,0.18293452266576538,0.25,0.5200926331948049,0.7945445787951594,4
pepe,120,-0.22126401182135202,-3.4123622333723853,-5.0,0.4418651234791202,-19.980512950808055,0.22126401182135202,0.25,0.4418651234791202,1.2955741950569812,4
bonk,121,-0.21052583710803952,-3.51626810450363,-5.0,0.5277154445930612,-15.851050277707502,0.26666664241347393,0.42857142857142855,0.5277154445930612,1.202111508752577,7
doge,121,-0.19114969087879896,-7.176148559370786,-5.0,0.26003575499510373,-19.09753468297939,0.22250164465581063,0.25,0.26003575499510373,0.5921327911035997,12
shib,121,-0.1012279452076722,-2.438809613270627,-2.239224431506977,0.5200926331948049,-10.592549337874802,0.18293452266576538,0.25,0.5200926331948049,0.7945445787951594,4
pepe,121,-0.22126401182135202,-3.4123622333723853,-5.0,0.4418651234791202,-19.980512950808055,0.22126401182135202,0.25,0.4418651234791202,1.2955741950569812,4
bonk,122,-0.21052583710803952,-3.51626810450363,-5.0,0.5277154445930612,-15.851050277707502,0.26666664241347393,0.42857142857142855,0.5277154445930612,1.202111508752577,7
doge,122,-0.19114969087879896,-7.176148559370786,-5.0,0.26003575499510373,-19.09753468297939,0.22250164465581063,0.25,0.26003575499510373,0.5921327911035997,12
shib,122,-0.1012279452076722,-2.438809613270627,-2.239224431506977,0.5200926331948049,-10.592549337874802,0.18293452266576538,0.25,0.5200926331948049,0.7945445787951594,4
pepe,122,-0.22126401182135202,-3.4123622333723853,-5.0,0.4418651234791202,-19.980512950808055,0.22126401182135202,0.25,0.4418651234791202,1.2955741950569812,4
bonk,123,-0.21052583710803952,-3.51626810450363,-5.0,0.5277154445930612,-15.851050277707502,0.26666664241347393,0.42857142857142855,0.5277154445930612,1.202111508752577,7
doge,123,-0.19114969087879896,-7.176148559370786,-5.0,0.26003575499510373,-19.09753468297939,0.22250164465581063,0.25,0.26003575499510373,0.5921327911035997,12
shib,123,-0.1012279452076722,-2.438809613270627,-2.239224431506977,0.5200926331948049,-10.592549337874802,0.18293452266576538,0.25,0.5200926331948049,0.7945445787951594,4
pepe,123,-0.22126401182135202,-3.4123622333723853,-5.0,0.4418651234791202,-19.980512950808055,0.22126401182135202,0.25,0.4418651234791202,1.2955741950569812,4
bonk,124,-0.21052583710803952,-3.51626810450363,-5.0,0.5277154445930612,-15.851050277707502,0.26666664241347393,0.42857142857142855,0.5277154445930612,1.202111508752577,7
doge,124,-0.19114969087879896,-7.176148559370786,-5.0,0.26003575499510373,-19.09753468297939,0.22250164465581063,0.25,0.26003575499510373,0.5921327911035997,12
shib,124,-0.1012279452076722,-2.438809613270627,-2.239224431506977,0.5200926331948049,-10.592549337874802,0.18293452266576538,0.25,0.5200926331948049,0.7945445787951594,4
pepe,124,-0.22126401182135202,-3.4123622333723853,-5.0,0.4418651234791202,-19.980512950808055,0.22126401182135202,0.25,0.4418651234791202,1.2955741950569812,4
bonk,125,-0.21052583710803952,-3.51626810450363,-5.0,0.5277154445930612,-15.851050277707502,0.26666664241347393,0.42857142857142855,0.5277154445930612,1.202111508752577,7
doge,125,-0.19114969087879896,-7.176148559370786,-5.0,0.26003575499510373,-19.09753468297939,0.22250164465581063,0.25,0.26003575499510373,0.5921327911035997,12
shib,125,-0.1012279452076722,-2.438809613270627,-2.239224431506977,0.5200926331948049,-10.592549337874802,0.18293452266576538,0.25,0.5200926331948049,0.7945445787951594,4
pepe,125,-0.22126401182135202,-3.4123622333723853,-5.0,0.4418651234791202,-19.980512950808055,0.22126401182135202,0.25,0.4418651234791202,1.2955741950569812,4
bonk,126,-0.21052583710803952,-3.51626810450363,-5.0,0.5277154445930612,-15.851050277707502,0.26666664241347393,0.42857142857142855,0.5277154445930612,1.202111508752577,7
doge,126,-0.19114969087879896,-7.176148559370786,-5.0,0.26003575499510373,-19.09753468297939,0.22250164465581063,0.25,0.26003575499510373,0.5921327911035997,12
shib,126,-0.1012279452076722,-2.438809613270627,-2.239224431506977,0.5200926331948049,-10.592549337874802,0.18293452266576538,0.25,0.5200926331948049,0.7945445787951594,4
pepe,126,-0.22126401182135202,-3.4123622333723853,-5.0,0.4418651234791202,-19.980512950808055,0.22126401182135202,0.25,0.4418651234791202,1.2955741950569812,4
bonk,127,-0.21052583710803952,-3.51626810450363,-5.0,0.5277154445930612,-15.851050277707502,0.26666664241347393,0.42857142857142855,0.5277154445930612,1.202111508752577,7
doge,127,-0.19114969087879896,-7.176148559370786,-5.0,0.26003575499510373,-19.09753468297939,0.22250164465581063,0.25,0.26003575499510373,0.5921327911035997,12
shib,127,-0.1012279452076722,-2.438809613270627,-2.239224431506977,0.5200926331948049,-10.592549337874802,0.18293452266576538,0.25,0.5200926331948049,0.7945445787951594,4
pepe,127,-0.22126401182135202,-3.4123622333723853,-5.0,0.4418651234791202,-19.980512950808055,0.22126401182135202,0.25,0.4418651234791202,1.2955741950569812,4
bonk,128,-0.21052583710803952,-3.51626810450363,-5.0,0.5277154445930612,-15.851050277707502,0.26666664241347393,0.42857142857142855,0.5277154445930612,1.202111508752577,7
doge,128,-0.19114969087879896,-7.176148559370786,-5.0,0.26003575499510373,-19.09753468297939,0.22250164465581063,0.25,0.26003575499510373,0.5921327911035997,12
shib,128,-0.1012279452076722,-2.438809613270627,-2.239224431506977,0.5200926331948049,-10.592549337874802,0.18293452266576538,0.25,0.5200926331948049,0.7945445787951594,4
pepe,128,-0.22126401182135202,-3.4123622333723853,-5.0,0.4418651234791202,-19.980512950808055,0.22126401182135202,0.25,0.4418651234791202,1.2955741950569812,4
bonk,129,-0.21052583710803952,-3.51626810450363,-5.0,0.5277154445930612,-15.851050277707502,0.26666664241347393,0.42857142857142855,0.5277154445930612,1.202111508752577,7
doge,129,-0.19114969087879896,-7.176148559370786,-5.0,0.26003575499510373,-19.09753468297939,0.22250164465581063,0.25,0.26003575499510373,0.5921327911035997,12
shib,129,-0.1012279452076722,-2.438809613270627,-2.239224431506977,0.5200926331948049,-10.592549337874802,0.18293452266576538,0.25,0.5200926331948049,0.7945445787951594,4
pepe,129,-0.22126401182135202,-3.4123622333723853,-5.0,0.4418651234791202,-19.980512950808055,0.22126401182135202,0.25,0.4418651234791202,1.2955741950569812,4
bonk,130,-0.21052583710803952,-3.51626810450363,-5.0,0.5277154445930612,-15.851050277707502,0.26666664241347393,0.42857142857142855,0.5277154445930612,1.202111508752577,7
doge,130,-0.19114969087879896,-7.176148559370786,-5.0,0.26003575499510373,-19.09753468297939,0.22250164465581063,0.25,0.26003575499510373,0.5921327911035997,12
shib,130,-0.1012279452076722,-2.438809613270627,-2.239224431506977,0.5200926331948049,-10.592549337874802,0.18293452266576538,0.25,0.5200926331948049,0.7945445787951594,4
pepe,130,-0.22126401182135202,-3.4123622333723853,-5.0,0.4418651234791202,-19.980512950808055,0.22126401182135202,0.25,0.4418651234791202,1.2955741950569812,4
bonk,131,-0.21052583710803952,-3.51626810450363,-5.0,0.5277154445930612,-15.851050277707502,0.26666664241347393,0.42857142857142855,0.5277154445930612,1.202111508752577,7
doge,131,-0.19114969087879896,-7.176148559370786,-5.0,0.26003575499510373,-19.09753468297939,0.22250164465581063,0.25,0.26003575499510373,0.5921327911035997,12
shib,131,-0.1012279452076722,-2.438809613270627,-2.239224431506977,0.5200926331948049,-10.592549337874802,0.18293452266576538,0.25,0.5200926331948049,0.7945445787951594,4
pepe,131,-0.22126401182135202,-3.4123622333723853,-5.0,0.4418651234791202,-19.980512950808055,0.22126401182135202,0.25,0.4418651234791202,1.2955741950569812,4
bonk,132,-0.21052583710803952,-3.51626810450363,-5.0,0.5277154445930612,-15.851050277707502,0.26666664241347393,0.42857142857142855,0.5277154445930612,1.202111508752577,7
doge,132,-0.19114969087879896,-7.176148559370786,-5.0,0.26003575499510373,-19.09753468297939,0.22250164465581063,0.25,0.26003575499510373,0.5921327911035997,12
shib,132,-0.1012279452076722,-2.438809613270627,-2.239224431506977,0.5200926331948049,-10.592549337874802,0.18293452266576538,0.25,0.5200926331948049,0.7945445787951594,4
pepe,132,-0.22126401182135202,-3.4123622333723853,-5.0,0.4418651234791202,-19.980512950808055,0.22126401182135202,0.25,0.4418651234791202,1.2955741950569812,4
bonk,133,-0.21052583710803952,-3.51626810450363,-5.0,0.5277154445930612,-15.851050277707502,0.26666664241347393,0.42857142857142855,0.5277154445930612,1.202111508752577,7
doge,133,-0.19114969087879896,-7.176148559370786,-5.0,0.26003575499510373,-19.09753468297939,0.22250164465581063,0.25,0.26003575499510373,0.5921327911035997,12
shib,133,-0.1012279452076722,-2.438809613270627,-2.239224431506977,0.5200926331948049,-10.592549337874802,0.18293452266576538,0.25,0.5200926331948049,0.7945445787951594,4
pepe,133,-0.22126401182135202,-3.4123622333723853,-5.0,0.4418651234791202,-19.980512950808055,0.22126401182135202,0.25,0.4418651234791202,1.2955741950569812,4
bonk,134,-0.21052583710803952,-3.51626810450363,-5.0,0.5277154445930612,-15.851050277707502,0.26666664241347393,0.42857142857142855,0.5277154445930612,1.202111508752577,7
doge,134,-0.19114969087879896,-7.176148559370786,-5.0,0.26003575499510373,-19.09753468297939,0.22250164465581063,0.25,0.26003575499510373,0.5921327911035997,12
shib,134,-0.1012279452076722,-2.438809613270627,-2.239224431506977,0.5200926331948049,-10.592549337874802,0.18293452266576538,0.25,0.5200926331948049,0.7945445787951594,4
pepe,134,-0.22126401182135202,-3.4123622333723853,-5.0,0.4418651234791202,-19.980512950808055,0.22126401182135202,0.25,0.4418651234791202,1.2955741950569812,4
bonk,135,-0.21052583710803952,-3.51626810450363,-5.0,0.5277154445930612,-15.851050277707502,0.26666664241347393,0.42857142857142855,0.5277154445930612,1.202111508752577,7
doge,135,-0.19114969087879896,-7.176148559370786,-5.0,0.26003575499510373,-19.09753468297939,0.22250164465581063,0.25,0.26003575499510373,0.5921327911035997,12
shib,135,-0.1012279452076722,-2.438809613270627,-2.239224431506977,0.5200926331948049,-10.592549337874802,0.18293452266576538,0.25,0.5200926331948049,0.7945445787951594,4
pepe,135,-0.22126401182135202,-3.4123622333723853,-5.0,0.4418651234791202,-19.980512950808055,0.22126401182135202,0.25,0.4418651234791202,1.2955741950569812,4
bonk,136,-0.21052583710803952,-3.51626810450363,-5.0,0.5277154445930612,-15.851050277707502,0.26666664241347393,0.42857142857142855,0.5277154445930612,1.202111508752577,7
doge,136,-0.19114969087879896,-7.176148559370786,-5.0,0.26003575499510373,-19.09753468297939,0.22250164465581063,0.25,0.26003575499510373,0.5921327911035997,12
shib,136,-0.1012279452076722,-2.438809613270627,-2.239224431506977,0.5200926331948049,-10.592549337874802,0.18293452266576538,0.25,0.5200926331948049,0.7945445787951594,4
pepe,136,-0.22126401182135202,-3.4123622333723853,-5.0,0.4418651234791202,-19.980512950808055,0.22126401182135202,0.25,0.4418651234791202,1.2955741950569812,4
bonk,137,-0.21052583710803952,-3.51626810450363,-5.0,0.5277154445930612,-15.851050277707502,0.26666664241347393,0.42857142857142855,0.5277154445930612,1.202111508752577,7
doge,137,-0.19114969087879896,-7.176148559370786,-5.0,0.26003575499510373,-19.09753468297939,0.22250164465581063,0.25,0.26003575499510373,0.5921327911035997,12
shib,137,-0.1012279452076722,-2.438809613270627,-2.239224431506977,0.5200926331948049,-10.592549337874802,0.18293452266576538,0.25,0.5200926331948049,0.7945445787951594,4
pepe,137,-0.22126401182135202,-3.4123622333723853,-5.0,0.4418651234791202,-19.980512950808055,0.22126401182135202,0.25,0.4418651234791202,1.2955741950569812,4
bonk,138,-0.21052583710803952,-3.51626810450363,-5.0,0.5277154445930612,-15.851050277707502,0.26666664241347393,0.42857142857142855,0.5277154445930612,1.202111508752577,7
doge,138,-0.19114969087879896,-7.176148559370786,-5.0,0.26003575499510373,-19.09753468297939,0.22250164465581063,0.25,0.26003575499510373,0.5921327911035997,12
shib,138,-0.1012279452076722,-2.438809613270627,-2.239224431506977,0.5200926331948049,-10.592549337874802,0.18293452266576538,0.25,0.5200926331948049,0.7945445787951594,4
pepe,138,-0.22126401182135202,-3.4123622333723853,-5.0,0.4418651234791202,-19.980512950808055,0.22126401182135202,0.25,0.4418651234791202,1.2955741950569812,4
bonk,139,-0.21052583710803952,-3.51626810450363,-5.0,0.5277154445930612,-15.851050277707502,0.26666664241347393,0.42857142857142855,0.5277154445930612,1.202111508752577,7
doge,139,-0.19114969087879896,-7.176148559370786,-5.0,0.26003575499510373,-19.09753468297939,0.22250164465581063,0.25,0.26003575499510373,0.5921327911035997,12
shib,139,-0.1012279452076722,-2.438809613270627,-2.239224431506977,0.5200926331948049,-10.592549337874802,0.18293452266576538,0.25,0.5200926331948049,0.7945445787951594,4
pepe,139,-0.22126401182135202,-3.4123622333723853,-5.0,0.4418651234791202,-19.980512950808055,0.22126401182135202,0.25,0.4418651234791202,1.2955741950569812,4
bonk,140,-0.21052583710803952,-3.51626810450363,-5.0,0.5277154445930612,-15.851050277707502,0.26666664241347393,0.42857142857142855,0.5277154445930612,1.202111508752577,7
doge,140,-0.19114969087879896,-7.176148559370786,-5.0,0.26003575499510373,-19.09753468297939,0.22250164465581063,0.25,0.26003575499510373,0.5921327911035997,12
shib,140,-0.1012279452076722,-2.438809613270627,-2.239224431506977,0.5200926331948049,-10.592549337874802,0.18293452266576538,0.25,0.5200926331948049,0.7945445787951594,4
pepe,140,-0.22126401182135202,-3.4123622333723853,-5.0,0.4418651234791202,-19.980512950808055,0.22126401182135202,0.25,0.4418651234791202,1.2955741950569812,4
bonk,141,-0.21052583710803952,-3.51626810450363,-5.0,0.5277154445930612,-15.851050277707502,0.26666664241347393,0.42857142857142855,0.5277154445930612,1.202111508752577,7
doge,141,-0.19114969087879896,-7.176148559370786,-5.0,0.26003575499510373,-19.09753468297939,0.22250164465581063,0.25,0.26003575499510373,0.5921327911035997,12
shib,141,-0.1012279452076722,-2.438809613270627,-2.239224431506977,0.5200926331948049,-10.592549337874802,0.18293452266576538,0.25,0.5200926331948049,0.7945445787951594,4
pepe,141,-0.22126401182135202,-3.4123622333723853,-5.0,0.4418651234791202,-19.980512950808055,0.22126401182135202,0.25,0.4418651234791202,1.2955741950569812,4
bonk,142,-0.21052583710803952,-3.51626810450363,-5.0,0.5277154445930612,-15.851050277707502,0.26666664241347393,0.42857142857142855,0.5277154445930612,1.202111508752577,7
doge,142,-0.19114969087879896,-7.176148559370786,-5.0,0.26003575499510373,-19.09753468297939,0.22250164465581063,0.25,0.26003575499510373,0.5921327911035997,12
shib,142,-0.1012279452076722,-2.438809613270627,-2.239224431506977,0.5200926331948049,-10.592549337874802,0.18293452266576538,0.25,0.5200926331948049,0.7945445787951594,4
pepe,142,-0.22126401182135202,-3.4123622333723853,-5.0,0.4418651234791202,-19.980512950808055,0.22126401182135202,0.25,0.4418651234791202,1.2955741950569812,4
bonk,143,-0.21052583710803952,-3.51626810450363,-5.0,0.5277154445930612,-15.851050277707502,0.26666664241347393,0.42857142857142855,0.5277154445930612,1.202111508752577,7
doge,143,-0.19114969087879896,-7.176148559370786,-5.0,0.26003575499510373,-19.09753468297939,0.22250164465581063,0.25,0.26003575499510373,0.5921327911035997,12
shib,143,-0.1012279452076722,-2.438809613270627,-2.239224431506977,0.5200926331948049,-10.592549337874802,0.18293452266576538,0.25,0.5200926331948049,0.7945445787951594,4
pepe,143,-0.22126401182135202,-3.4123622333723853,-5.0,0.4418651234791202,-19.980512950808055,0.22126401182135202,0.25,0.4418651234791202,1.2955741950569812,4
bonk,144,-0.21052583710803952,-3.51626810450363,-5.0,0.5277154445930612,-15.851050277707502,0.26666664241347393,0.42857142857142855,0.5277154445930612,1.202111508752577,7
doge,144,-0.19114969087879896,-7.176148559370786,-5.0,0.26003575499510373,-19.09753468297939,0.22250164465581063,0.25,0.26003575499510373,0.5921327911035997,12
shib,144,-0.1012279452076722,-2.438809613270627,-2.239224431506977,0.5200926331948049,-10.592549337874802,0.18293452266576538,0.25,0.5200926331948049,0.7945445787951594,4
pepe,144,-0.22126401182135202,-3.4123622333723853,-5.0,0.4418651234791202,-19.980512950808055,0.22126401182135202,0.25,0.4418651234791202,1.2955741950569812,4
bonk,145,-0.21052583710803952,-3.51626810450363,-5.0,0.5277154445930612,-15.851050277707502,0.26666664241347393,0.42857142857142855,0.5277154445930612,1.202111508752577,7
doge,145,-0.19114969087879896,-7.176148559370786,-5.0,0.26003575499510373,-19.09753468297939,0.22250164465581063,0.25,0.26003575499510373,0.5921327911035997,12
shib,145,-0.1012279452076722,-2.438809613270627,-2.239224431506977,0.5200926331948049,-10.592549337874802,0.18293452266576538,0.25,0.5200926331948049,0.7945445787951594,4
pepe,145,-0.22126401182135202,-3.4123622333723853,-5.0,0.4418651234791202,-19.980512950808055,0.22126401182135202,0.25,0.4418651234791202,1.2955741950569812,4
bonk,146,-0.21052583710803952,-3.51626810450363,-5.0,0.5277154445930612,-15.851050277707502,0.26666664241347393,0.42857142857142855,0.5277154445930612,1.202111508752577,7
doge,146,-0.19114969087879896,-7.176148559370786,-5.0,0.26003575499510373,-19.09753468297939,0.22250164465581063,0.25,0.26003575499510373,0.5921327911035997,12
shib,146,-0.09999994543031654,-2.401920578652337,-5.0,0.5238097816028492,-10.49999427018236,0.18181815926872663,0.3333333333333333,0.5238097816028492,0.7948179667155688,3
pepe,146,-0.22126401182135202,-3.4123622333723853,-5.0,0.4418651234791202,-19.980512950808055,0.22126401182135202,0.25,0.4418651234791202,1.2955741950569812,4
bonk,147,-0.21052583710803952,-3.51626810450363,-5.0,0.5277154445930612,-15.851050277707502,0.26666664241347393,0.42857142857142855,0.5277154445930612,1.202111508752577,7
doge,147,-0.19114969087879896,-7.176148559370786,-5.0,0.26003575499510373,-19.09753468297939,0.22250164465581063,0.25,0.26003575499510373,0.5921327911035997,12
shib,147,-0.1012279452076722,-2.438809613270627,-2.239224431506977,0.5200926331948049,-10.592549337874802,0.18293452266576538,0.25,0.5200926331948049,0.7945445787951594,4
pepe,147,-0.22126401182135202,-3.4123622333723853,-5.0,0.4418651234791202,-19.980512950808055,0.22126401182135202,0.25,0.4418651234791202,1.2955741950569812,4
bonk,148,-0.21052583710803952,-3.51626810450363,-5.0,0.5277154445930612,-15.851050277707502,0.26666664241347393,0.42857142857142855,0.5277154445930612,1.202111508752577,7
doge,148,-0.19114969087879896,-7.176148559370786,-5.0,0.26003575499510373,-19.09753468297939,0.22250164465581063,0.25,0.26003575499510373,0.5921327911035997,12
shib,148,-0.1012279452076722,-2.438809613270627,-2.239224431506977,0.5200926331948049,-10.592549337874802,0.18293452266576538,0.25,0.5200926331948049,0.7945445787951594,4
pepe,148,-0.22126401182135202,-3.4123622333723853,-5.0,0.4418651234791202,-19.980512950808055,0.22126401182135202,0.25,0.4418651234791202,1.2955741950569812,4
bonk,149,-0.21052583710803952,-3.51626810450363,-5.0,0.5277154445930612,-15.851050277707502,0.26666664241347393,0.42857142857142855,0.5277154445930612,1.202111508752577,7
doge,149,-0.19114969087879896,-7.176148559370786,-5.0,0.26003575499510373,-19.09753468297939,0.22250164465581063,0.25,0.26003575499510373,0.5921327911035997,12
shib,149,-0.1012279452076722,-2.438809613270627,-2.239224431506977,0.5200926331948049,-10.592549337874802,0.18293452266576538,0.25,0.5200926331948049,0.7945445787951594,4
pepe,149,-0.22126401182135202,-3.4123622333723853,-5.0,0.4418651234791202,-19.980512950808055,0.22126401182135202,0.25,0.4418651234791202,1.2955741950569812,4
bonk,150,-0.21052583710803952,-3.51626810450363,-5.0,0.5277154445930612,-15.851050277707502,0.26666664241347393,0.42857142857142855,0.5277154445930612,1.202111508752577,7
doge,150,-0.19114969087879896,-7.176148559370786,-5.0,0.26003575499510373,-19.09753468297939,0.22250164465581063,0.25,0.26003575499510373,0.5921327911035997,12
shib,150,-0.1012279452076722,-2.438809613270627,-2.239224431506977,0.5200926331948049,-10.592549337874802,0.18293452266576538,0.25,0.5200926331948049,0.7945445787951594,4
pepe,150,-0.22126401182135202,-3.4123622333723853,-5.0,0.4418651234791202,-19.980512950808055,0.22126401182135202,0.25,0.4418651234791202,1.2955741950569812,4
