asset,trix_length,total_return,sharpe_ratio,sortino_ratio,omega_ratio,calmar_ratio,max_drawdown,win_rate,profit_factor,volatility,num_trades
bonk,5,-0.0666666302868778,-4.58257569495584,0.0,0.0,-21.0,0.0666666302868778,0.0,0.0,0.3055048796172531,1
doge,5,-0.06456947692700044,-7.603660040883916,-5.0,0.0,-21.409373794253195,0.06456947692700044,0.0,0.0,0.18180613806990484,3
shib,5,0.0,0.0,0.0,0.0,0.0,0.0,0.0,0.0,0.0,0
pepe,5,0.0,0.0,0.0,0.0,0.0,0.0,0.0,0.0,0.0,0
bonk,6,0.0,0.0,0.0,0.0,0.0,0.0,0.0,0.0,0.0,0
doge,6,0.0,0.0,0.0,0.0,0.0,0.0,0.0,0.0,0.0,0
shib,6,0.0,0.0,0.0,0.0,0.0,0.0,0.0,0.0,0.0,0
pepe,6,0.0,0.0,0.0,0.0,0.0,0.0,0.0,0.0,0.0,0
bonk,7,0.0,0.0,0.0,0.0,0.0,0.0,0.0,0.0,0.0,0
doge,7,0.0,0.0,0.0,0.0,0.0,0.0,0.0,0.0,0.0,0
shib,7,0.0,0.0,0.0,0.0,0.0,0.0,0.0,0.0,0.0,0
pepe,7,0.0,0.0,0.0,0.0,0.0,0.0,0.0,0.0,0.0,0
bonk,8,0.0,0.0,0.0,0.0,0.0,0.0,0.0,0.0,0.0,0
doge,8,0.0,0.0,0.0,0.0,0.0,0.0,0.0,0.0,0.0,0
shib,8,0.0,0.0,0.0,0.0,0.0,0.0,0.0,0.0,0.0,0
pepe,8,0.0,0.0,0.0,0.0,0.0,0.0,0.0,0.0,0.0,0
bonk,9,0.0,0.0,0.0,0.0,0.0,0.0,0.0,0.0,0.0,0
doge,9,0.0,0.0,0.0,0.0,0.0,0.0,0.0,0.0,0.0,0
shib,9,0.0,0.0,0.0,0.0,0.0,0.0,0.0,0.0,0.0,0
pepe,9,0.0,0.0,0.0,0.0,0.0,0.0,0.0,0.0,0.0,0
bonk,10,0.0,0.0,0.0,0.0,0.0,0.0,0.0,0.0,0.0,0
doge,10,0.0,0.0,0.0,0.0,0.0,0.0,0.0,0.0,0.0,0
shib,10,0.0,0.0,0.0,0.0,0.0,0.0,0.0,0.0,0.0,0
pepe,10,0.0,0.0,0.0,0.0,0.0,0.0,0.0,0.0,0.0,0
bonk,11,0.0,0.0,0.0,0.0,0.0,0.0,0.0,0.0,0.0,0
doge,11,0.0,0.0,0.0,0.0,0.0,0.0,0.0,0.0,0.0,0
shib,11,0.0,0.0,0.0,0.0,0.0,0.0,0.0,0.0,0.0,0
pepe,11,0.0,0.0,0.0,0.0,0.0,0.0,0.0,0.0,0.0,0
bonk,12,0.0,0.0,0.0,0.0,0.0,0.0,0.0,0.0,0.0,0
doge,12,0.0,0.0,0.0,0.0,0.0,0.0,0.0,0.0,0.0,0
shib,12,0.0,0.0,0.0,0.0,0.0,0.0,0.0,0.0,0.0,0
pepe,12,0.0,0.0,0.0,0.0,0.0,0.0,0.0,0.0,0.0,0
bonk,13,0.0,0.0,0.0,0.0,0.0,0.0,0.0,0.0,0.0,0
doge,13,0.0,0.0,0.0,0.0,0.0,0.0,0.0,0.0,0.0,0
shib,13,0.0,0.0,0.0,0.0,0.0,0.0,0.0,0.0,0.0,0
pepe,13,0.0,0.0,0.0,0.0,0.0,0.0,0.0,0.0,0.0,0
bonk,14,0.0,0.0,0.0,0.0,0.0,0.0,0.0,0.0,0.0,0
doge,14,0.0,0.0,0.0,0.0,0.0,0.0,0.0,0.0,0.0,0
shib,14,0.0,0.0,0.0,0.0,0.0,0.0,0.0,0.0,0.0,0
pepe,14,0.0,0.0,0.0,0.0,0.0,0.0,0.0,0.0,0.0,0
bonk,15,0.0,0.0,0.0,0.0,0.0,0.0,0.0,0.0,0.0,0
doge,15,0.0,0.0,0.0,0.0,0.0,0.0,0.0,0.0,0.0,0
shib,15,0.0,0.0,0.0,0.0,0.0,0.0,0.0,0.0,0.0,0
pepe,15,0.0,0.0,0.0,0.0,0.0,0.0,0.0,0.0,0.0,0
bonk,16,0.0,0.0,0.0,0.0,0.0,0.0,0.0,0.0,0.0,0
doge,16,0.0,0.0,0.0,0.0,0.0,0.0,0.0,0.0,0.0,0
shib,16,0.0,0.0,0.0,0.0,0.0,0.0,0.0,0.0,0.0,0
pepe,16,0.0,0.0,0.0,0.0,0.0,0.0,0.0,0.0,0.0,0
bonk,17,0.0,0.0,0.0,0.0,0.0,0.0,0.0,0.0,0.0,0
doge,17,0.0,0.0,0.0,0.0,0.0,0.0,0.0,0.0,0.0,0
shib,17,0.0,0.0,0.0,0.0,0.0,0.0,0.0,0.0,0.0,0
pepe,17,0.0,0.0,0.0,0.0,0.0,0.0,0.0,0.0,0.0,0
bonk,18,0.0,0.0,0.0,0.0,0.0,0.0,0.0,0.0,0.0,0
doge,18,0.0,0.0,0.0,0.0,0.0,0.0,0.0,0.0,0.0,0
shib,18,0.0,0.0,0.0,0.0,0.0,0.0,0.0,0.0,0.0,0
pepe,18,0.0,0.0,0.0,0.0,0.0,0.0,0.0,0.0,0.0,0
bonk,19,0.0,0.0,0.0,0.0,0.0,0.0,0.0,0.0,0.0,0
doge,19,0.0,0.0,0.0,0.0,0.0,0.0,0.0,0.0,0.0,0
shib,19,0.0,0.0,0.0,0.0,0.0,0.0,0.0,0.0,0.0,0
pepe,19,0.0,0.0,0.0,0.0,0.0,0.0,0.0,0.0,0.0,0
bonk,20,0.0,0.0,0.0,0.0,0.0,0.0,0.0,0.0,0.0,0
doge,20,0.0,0.0,0.0,0.0,0.0,0.0,0.0,0.0,0.0,0
shib,20,0.0,0.0,0.0,0.0,0.0,0.0,0.0,0.0,0.0,0
pepe,20,0.0,0.0,0.0,0.0,0.0,0.0,0.0,0.0,0.0,0
bonk,21,0.0,0.0,0.0,0.0,0.0,0.0,0.0,0.0,0.0,0
doge,21,0.0,0.0,0.0,0.0,0.0,0.0,0.0,0.0,0.0,0
shib,21,0.0,0.0,0.0,0.0,0.0,0.0,0.0,0.0,0.0,0
pepe,21,0.0,0.0,0.0,0.0,0.0,0.0,0.0,0.0,0.0,0
bonk,22,0.0,0.0,0.0,0.0,0.0,0.0,0.0,0.0,0.0,0
doge,22,0.0,0.0,0.0,0.0,0.0,0.0,0.0,0.0,0.0,0
shib,22,0.0,0.0,0.0,0.0,0.0,0.0,0.0,0.0,0.0,0
pepe,22,0.0,0.0,0.0,0.0,0.0,0.0,0.0,0.0,0.0,0
bonk,23,0.0,0.0,0.0,0.0,0.0,0.0,0.0,0.0,0.0,0
doge,23,0.0,0.0,0.0,0.0,0.0,0.0,0.0,0.0,0.0,0
shib,23,0.0,0.0,0.0,0.0,0.0,0.0,0.0,0.0,0.0,0
pepe,23,0.0,0.0,0.0,0.0,0.0,0.0,0.0,0.0,0.0,0
bonk,24,0.0,0.0,0.0,0.0,0.0,0.0,0.0,0.0,0.0,0
doge,24,0.0,0.0,0.0,0.0,0.0,0.0,0.0,0.0,0.0,0
shib,24,0.0,0.0,0.0,0.0,0.0,0.0,0.0,0.0,0.0,0
pepe,24,0.0,0.0,0.0,0.0,0.0,0.0,0.0,0.0,0.0,0
bonk,25,0.0,0.0,0.0,0.0,0.0,0.0,0.0,0.0,0.0,0
doge,25,0.0,0.0,0.0,0.0,0.0,0.0,0.0,0.0,0.0,0
shib,25,0.0,0.0,0.0,0.0,0.0,0.0,0.0,0.0,0.0,0
pepe,25,0.0,0.0,0.0,0.0,0.0,0.0,0.0,0.0,0.0,0
bonk,26,0.0,0.0,0.0,0.0,0.0,0.0,0.0,0.0,0.0,0
doge,26,0.0,0.0,0.0,0.0,0.0,0.0,0.0,0.0,0.0,0
shib,26,0.0,0.0,0.0,0.0,0.0,0.0,0.0,0.0,0.0,0
pepe,26,0.0,0.0,0.0,0.0,0.0,0.0,0.0,0.0,0.0,0
bonk,27,0.0,0.0,0.0,0.0,0.0,0.0,0.0,0.0,0.0,0
doge,27,0.0,0.0,0.0,0.0,0.0,0.0,0.0,0.0,0.0,0
shib,27,0.0,0.0,0.0,0.0,0.0,0.0,0.0,0.0,0.0,0
pepe,27,0.0,0.0,0.0,0.0,0.0,0.0,0.0,0.0,0.0,0
bonk,28,0.0,0.0,0.0,0.0,0.0,0.0,0.0,0.0,0.0,0
doge,28,0.0,0.0,0.0,0.0,0.0,0.0,0.0,0.0,0.0,0
shib,28,0.0,0.0,0.0,0.0,0.0,0.0,0.0,0.0,0.0,0
pepe,28,0.0,0.0,0.0,0.0,0.0,0.0,0.0,0.0,0.0,0
bonk,29,0.0,0.0,0.0,0.0,0.0,0.0,0.0,0.0,0.0,0
doge,29,0.0,0.0,0.0,0.0,0.0,0.0,0.0,0.0,0.0,0
shib,29,0.0,0.0,0.0,0.0,0.0,0.0,0.0,0.0,0.0,0
pepe,29,0.0,0.0,0.0,0.0,0.0,0.0,0.0,0.0,0.0,0
bonk,30,0.0,0.0,0.0,0.0,0.0,0.0,0.0,0.0,0.0,0
doge,30,0.0,0.0,0.0,0.0,0.0,0.0,0.0,0.0,0.0,0
shib,30,0.0,0.0,0.0,0.0,0.0,0.0,0.0,0.0,0.0,0
pepe,30,0.0,0.0,0.0,0.0,0.0,0.0,0.0,0.0,0.0,0
bonk,31,0.0,0.0,0.0,0.0,0.0,0.0,0.0,0.0,0.0,0
doge,31,0.0,0.0,0.0,0.0,0.0,0.0,0.0,0.0,0.0,0
shib,31,0.0,0.0,0.0,0.0,0.0,0.0,0.0,0.0,0.0,0
pepe,31,0.0,0.0,0.0,0.0,0.0,0.0,0.0,0.0,0.0,0
bonk,32,0.0,0.0,0.0,0.0,0.0,0.0,0.0,0.0,0.0,0
doge,32,0.0,0.0,0.0,0.0,0.0,0.0,0.0,0.0,0.0,0
shib,32,0.0,0.0,0.0,0.0,0.0,0.0,0.0,0.0,0.0,0
pepe,32,0.0,0.0,0.0,0.0,0.0,0.0,0.0,0.0,0.0,0
bonk,33,0.0,0.0,0.0,0.0,0.0,0.0,0.0,0.0,0.0,0
doge,33,0.0,0.0,0.0,0.0,0.0,0.0,0.0,0.0,0.0,0
shib,33,0.0,0.0,0.0,0.0,0.0,0.0,0.0,0.0,0.0,0
pepe,33,0.0,0.0,0.0,0.0,0.0,0.0,0.0,0.0,0.0,0
bonk,34,0.0,0.0,0.0,0.0,0.0,0.0,0.0,0.0,0.0,0
doge,34,0.0,0.0,0.0,0.0,0.0,0.0,0.0,0.0,0.0,0
shib,34,0.0,0.0,0.0,0.0,0.0,0.0,0.0,0.0,0.0,0
pepe,34,0.0,0.0,0.0,0.0,0.0,0.0,0.0,0.0,0.0,0
bonk,35,0.0,0.0,0.0,0.0,0.0,0.0,0.0,0.0,0.0,0
doge,35,0.0,0.0,0.0,0.0,0.0,0.0,0.0,0.0,0.0,0
shib,35,0.0,0.0,0.0,0.0,0.0,0.0,0.0,0.0,0.0,0
pepe,35,0.0,0.0,0.0,0.0,0.0,0.0,0.0,0.0,0.0,0
bonk,36,0.0,0.0,0.0,0.0,0.0,0.0,0.0,0.0,0.0,0
doge,36,-0.005599411123056619,-4.58257569495584,0.0,0.0,0.0,0.0,0.0,0.0,0.025659725318584646,1
shib,36,0.0,0.0,0.0,0.0,0.0,0.0,0.0,0.0,0.0,0
pepe,36,0.0,0.0,0.0,0.0,0.0,0.0,0.0,0.0,0.0,0
bonk,37,0.0,0.0,0.0,0.0,0.0,0.0,0.0,0.0,0.0,0
doge,37,-0.005599411123056619,-4.58257569495584,0.0,0.0,0.0,0.0,0.0,0.0,0.025659725318584646,1
shib,37,0.0,0.0,0.0,0.0,0.0,0.0,0.0,0.0,0.0,0
pepe,37,0.0,0.0,0.0,0.0,0.0,0.0,0.0,0.0,0.0,0
bonk,38,0.0,0.0,0.0,0.0,0.0,0.0,0.0,0.0,0.0,0
doge,38,0.04032414160301667,3.9549480695627866,0.0,8.247679002415804,0.0,0.0,0.5,8.247679002415804,0.21548637501227763,2
shib,38,0.0,0.0,0.0,0.0,0.0,0.0,0.0,0.0,0.0,0
pepe,38,0.0,0.0,0.0,0.0,0.0,0.0,0.0,0.0,0.0,0
bonk,39,0.0,0.0,0.0,0.0,0.0,0.0,0.0,0.0,0.0,0
doge,39,0.013576248589764806,1.231600485457872,1.3833862346918029,1.474971907386879,12.146654390755636,0.02571111439559263,0.3333333333333333,1.474971907386879,0.2535757530562684,3
shib,39,0.0,0.0,0.0,0.0,0.0,0.0,0.0,0.0,0.0,0
pepe,39,0.0,0.0,0.0,0.0,0.0,0.0,0.0,0.0,0.0,0
bonk,40,0.0,0.0,0.0,0.0,0.0,0.0,0.0,0.0,0.0,0
doge,40,-0.019934443271299895,-1.2794944910286594,-1.6926068228687434,0.7174219547816,-6.594880071948716,0.05792289389868931,0.25,0.7174219547816,0.2985511398137858,4
shib,40,0.0,0.0,0.0,0.0,0.0,0.0,0.0,0.0,0.0,0
pepe,40,0.0,0.0,0.0,0.0,0.0,0.0,0.0,0.0,0.0,0
bonk,41,0.0,0.0,0.0,0.0,0.0,0.0,0.0,0.0,0.0,0
doge,41,-0.026849044054821025,-1.7702524913193407,-2.444816402417994,0.6465587873822178,-8.210607698696998,0.0645694769270006,0.2,0.6465587873822178,0.2994796770276276,5
shib,41,0.0,0.0,0.0,0.0,0.0,0.0,0.0,0.0,0.0,0
pepe,41,0.0,0.0,0.0,0.0,0.0,0.0,0.0,0.0,0.0,0
bonk,42,0.0,0.0,0.0,0.0,0.0,0.0,0.0,0.0,0.0,0
doge,42,-0.026849044054821025,-1.7702524913193407,-2.444816402417994,0.6465587873822178,-8.210607698696998,0.0645694769270006,0.2,0.6465587873822178,0.2994796770276276,5
shib,42,0.0,0.0,0.0,0.0,0.0,0.0,0.0,0.0,0.0,0
pepe,42,0.0,0.0,0.0,0.0,0.0,0.0,0.0,0.0,0.0,0
bonk,43,0.0,0.0,0.0,0.0,0.0,0.0,0.0,0.0,0.0,0
doge,43,-0.0758125549094888,-4.2713987622616765,-5.0,0.3793443676831711,-14.213782623253191,0.11163510666353713,0.16666666666666666,0.3793443676831711,0.3714841969938259,6
shib,43,0.0,0.0,0.0,0.0,0.0,0.0,0.0,0.0,0.0,0
pepe,43,0.0,0.0,0.0,0.0,0.0,0.0,0.0,0.0,0.0,0
bonk,44,0.0,0.0,0.0,0.0,0.0,0.0,0.0,0.0,0.0,0
doge,44,-0.05698082381267344,-2.966553756502341,-3.8984436456219136,0.5467190301989909,-10.3806955685855,0.11163510666353713,0.2857142857142857,0.5467190301989909,0.3906384822795423,7
shib,44,0.0,0.0,0.0,0.0,0.0,0.0,0.0,0.0,0.0,0
pepe,44,0.0,0.0,0.0,0.0,0.0,0.0,0.0,0.0,0.0,0
bonk,45,0.0,0.0,0.0,0.0,0.0,0.0,0.0,0.0,0.0,0
doge,45,-0.052691476961983175,-2.7096951527108124,-3.577111665065657,0.5840810354028351,-9.525059378909862,0.11163510666353713,0.375,0.5840810354028351,0.3924172129390119,8
shib,45,0.0,0.0,0.0,0.0,0.0,0.0,0.0,0.0,0.0,0
pepe,45,0.0,0.0,0.0,0.0,0.0,0.0,0.0,0.0,0.0,0
bonk,46,0.0,0.0,0.0,0.0,0.0,0.0,0.0,0.0,0.0,0
doge,46,-0.056272691148333887,-2.916083175855567,-3.842112566588816,0.5664900301979641,-10.236203058545211,0.11163510666353713,0.3333333333333333,0.5664900301979641,0.39186797884633395,9
shib,46,0.0,0.0,0.0,0.0,0.0,0.0,0.0,0.0,0.0,0
pepe,46,0.0,0.0,0.0,0.0,0.0,0.0,0.0,0.0,0.0,0
bonk,47,0.0,0.0,0.0,0.0,0.0,0.0,0.0,0.0,0.0,0
doge,47,-0.056272691148333887,-2.916083175855567,-3.842112566588816,0.5664900301979641,-10.236203058545211,0.11163510666353713,0.3333333333333333,0.5664900301979641,0.39186797884633395,9
shib,47,0.0,0.0,0.0,0.0,0.0,0.0,0.0,0.0,0.0,0
pepe,47,0.0,0.0,0.0,0.0,0.0,0.0,0.0,0.0,0.0,0
bonk,48,0.0,0.0,0.0,0.0,0.0,0.0,0.0,0.0,0.0,0
doge,48,-0.15404806166866947,-5.550411904961443,-5.0,0.31033838682926124,-17.761021500971925,0.18683811660102545,0.3,0.31033838682926124,0.5978719891375277,10
shib,48,0.0,0.0,0.0,0.0,0.0,0.0,0.0,0.0,0.0,0
pepe,48,0.0,0.0,0.0,0.0,0.0,0.0,0.0,0.0,0.0,0
bonk,49,0.0,0.0,0.0,0.0,0.0,0.0,0.0,0.0,0.0,0
doge,49,-0.177052838530376,-6.513590583445789,-5.0,0.2774136651075554,-18.61443613302002,0.2089512022651329,0.2727272727272727,0.2774136651075554,0.5971374405028163,11
shib,49,0.0,0.0,0.0,0.0,0.0,0.0,0.0,0.0,0.0,0
pepe,49,0.0,0.0,0.0,0.0,0.0,0.0,0.0,0.0,0.0,0
bonk,50,0.0,0.0,0.0,0.0,0.0,0.0,0.0,0.0,0.0,0
doge,50,-0.19031048395120387,-7.139887819359651,-5.0,0.2610091122611918,-19.07042829281507,0.22169496633889493,0.25,0.2610091122611918,0.5921406701909671,12
shib,50,0.0,0.0,0.0,0.0,0.0,0.0,0.0,0.0,0.0,0
pepe,50,0.0,0.0,0.0,0.0,0.0,0.0,0.0,0.0,0.0,0
bonk,51,0.0,0.0,0.0,0.0,0.0,0.0,0.0,0.0,0.0,0
doge,51,-0.19031048395120387,-7.139887819359651,-5.0,0.2610091122611918,-19.07042829281507,0.22169496633889493,0.25,0.2610091122611918,0.5921406701909671,12
shib,51,0.0,0.0,0.0,0.0,0.0,0.0,0.0,0.0,0.0,0
pepe,51,0.0,0.0,0.0,0.0,0.0,0.0,0.0,0.0,0.0,0
bonk,52,0.0,0.0,0.0,0.0,0.0,0.0,0.0,0.0,0.0,0
doge,52,-0.19031048395120387,-7.139887819359651,-5.0,0.2610091122611918,-19.07042829281507,0.22169496633889493,0.25,0.2610091122611918,0.5921406701909671,12
shib,52,0.0,0.0,0.0,0.0,0.0,0.0,0.0,0.0,0.0,0
pepe,52,0.0,0.0,0.0,0.0,0.0,0.0,0.0,0.0,0.0,0
bonk,53,0.0,0.0,0.0,0.0,0.0,0.0,0.0,0.0,0.0,0
doge,53,-0.19031048395120387,-7.139887819359651,-5.0,0.2610091122611918,-19.07042829281507,0.22169496633889493,0.25,0.2610091122611918,0.5921406701909671,12
shib,53,0.0,0.0,0.0,0.0,0.0,0.0,0.0,0.0,0.0,0
pepe,53,0.0,0.0,0.0,0.0,0.0,0.0,0.0,0.0,0.0,0
bonk,54,0.0,0.0,0.0,0.0,0.0,0.0,0.0,0.0,0.0,0
doge,54,-0.19031048395120387,-7.139887819359651,-5.0,0.2610091122611918,-19.07042829281507,0.22169496633889493,0.25,0.2610091122611918,0.5921406701909671,12
shib,54,0.0,0.0,0.0,0.0,0.0,0.0,0.0,0.0,0.0,0
pepe,54,0.0,0.0,0.0,0.0,0.0,0.0,0.0,0.0,0.0,0
bonk,55,0.0,0.0,0.0,0.0,0.0,0.0,0.0,0.0,0.0,0
doge,55,-0.19031048395120387,-7.139887819359651,-5.0,0.2610091122611918,-19.07042829281507,0.22169496633889493,0.25,0.2610091122611918,0.5921406701909671,12
shib,55,0.0,0.0,0.0,0.0,0.0,0.0,0.0,0.0,0.0,0
pepe,55,0.0,0.0,0.0,0.0,0.0,0.0,0.0,0.0,0.0,0
bonk,56,0.0,0.0,0.0,0.0,0.0,0.0,0.0,0.0,0.0,0
doge,56,-0.19031048395120387,-7.139887819359651,-5.0,0.2610091122611918,-19.07042829281507,0.22169496633889493,0.25,0.2610091122611918,0.5921406701909671,12
shib,56,0.0,0.0,0.0,0.0,0.0,0.0,0.0,0.0,0.0,0
pepe,56,0.0,0.0,0.0,0.0,0.0,0.0,0.0,0.0,0.0,0
bonk,57,0.0,0.0,0.0,0.0,0.0,0.0,0.0,0.0,0.0,0
doge,57,-0.19031048395120387,-7.139887819359651,-5.0,0.2610091122611918,-19.07042829281507,0.22169496633889493,0.25,0.2610091122611918,0.5921406701909671,12
shib,57,0.0,0.0,0.0,0.0,0.0,0.0,0.0,0.0,0.0,0
pepe,57,0.0,0.0,0.0,0.0,0.0,0.0,0.0,0.0,0.0,0
bonk,58,0.0,0.0,0.0,0.0,0.0,0.0,0.0,0.0,0.0,0
doge,58,-0.19031048395120387,-7.139887819359651,-5.0,0.2610091122611918,-19.07042829281507,0.22169496633889493,0.25,0.2610091122611918,0.5921406701909671,12
shib,58,0.0,0.0,0.0,0.0,0.0,0.0,0.0,0.0,0.0,0
pepe,58,0.0,0.0,0.0,0.0,0.0,0.0,0.0,0.0,0.0,0
bonk,59,0.0,0.0,0.0,0.0,0.0,0.0,0.0,0.0,0.0,0
doge,59,-0.19031048395120387,-7.139887819359651,-5.0,0.2610091122611918,-19.07042829281507,0.22169496633889493,0.25,0.2610091122611918,0.5921406701909671,12
shib,59,0.0,0.0,0.0,0.0,0.0,0.0,0.0,0.0,0.0,0
pepe,59,0.0,0.0,0.0,0.0,0.0,0.0,0.0,0.0,0.0,0
bonk,60,0.0,0.0,0.0,0.0,0.0,0.0,0.0,0.0,0.0,0
doge,60,-0.19031048395120387,-7.139887819359651,-5.0,0.2610091122611918,-19.07042829281507,0.22169496633889493,0.25,0.2610091122611918,0.5921406701909671,12
shib,60,0.0,0.0,0.0,0.0,0.0,0.0,0.0,0.0,0.0,0
pepe,60,0.0,0.0,0.0,0.0,0.0,0.0,0.0,0.0,0.0,0
bonk,61,0.0,0.0,0.0,0.0,0.0,0.0,0.0,0.0,0.0,0
doge,61,-0.19031048395120387,-7.139887819359651,-5.0,0.2610091122611918,-19.07042829281507,0.22169496633889493,0.25,0.2610091122611918,0.5921406701909671,12
shib,61,0.0,0.0,0.0,0.0,0.0,0.0,0.0,0.0,0.0,0
pepe,61,0.0,0.0,0.0,0.0,0.0,0.0,0.0,0.0,0.0,0
bonk,62,0.0,0.0,0.0,0.0,0.0,0.0,0.0,0.0,0.0,0
doge,62,-0.19031048395120387,-7.139887819359651,-5.0,0.2610091122611918,-19.07042829281507,0.22169496633889493,0.25,0.2610091122611918,0.5921406701909671,12
shib,62,0.0,0.0,0.0,0.0,0.0,0.0,0.0,0.0,0.0,0
pepe,62,0.0,0.0,0.0,0.0,0.0,0.0,0.0,0.0,0.0,0
bonk,63,0.0,0.0,0.0,0.0,0.0,0.0,0.0,0.0,0.0,0
doge,63,-0.19031048395120387,-7.139887819359651,-5.0,0.2610091122611918,-19.07042829281507,0.22169496633889493,0.25,0.2610091122611918,0.5921406701909671,12
shib,63,0.0,0.0,0.0,0.0,0.0,0.0,0.0,0.0,0.0,0
pepe,63,0.0,0.0,0.0,0.0,0.0,0.0,0.0,0.0,0.0,0
bonk,64,0.0,0.0,0.0,0.0,0.0,0.0,0.0,0.0,0.0,0
doge,64,-0.19031048395120387,-7.139887819359651,-5.0,0.2610091122611918,-19.07042829281507,0.22169496633889493,0.25,0.2610091122611918,0.5921406701909671,12
shib,64,0.0,0.0,0.0,0.0,0.0,0.0,0.0,0.0,0.0,0
pepe,64,0.0,0.0,0.0,0.0,0.0,0.0,0.0,0.0,0.0,0
bonk,65,0.0,0.0,0.0,0.0,0.0,0.0,0.0,0.0,0.0,0
doge,65,-0.19031048395120387,-7.139887819359651,-5.0,0.2610091122611918,-19.07042829281507,0.22169496633889493,0.25,0.2610091122611918,0.5921406701909671,12
shib,65,0.0,0.0,0.0,0.0,0.0,0.0,0.0,0.0,0.0,0
pepe,65,0.0,0.0,0.0,0.0,0.0,0.0,0.0,0.0,0.0,0
bonk,66,0.0,0.0,0.0,0.0,0.0,0.0,0.0,0.0,0.0,0
doge,66,-0.19031048395120387,-7.139887819359651,-5.0,0.2610091122611918,-19.07042829281507,0.22169496633889493,0.25,0.2610091122611918,0.5921406701909671,12
shib,66,0.0,0.0,0.0,0.0,0.0,0.0,0.0,0.0,0.0,0
pepe,66,0.0,0.0,0.0,0.0,0.0,0.0,0.0,0.0,0.0,0
bonk,67,0.0,0.0,0.0,0.0,0.0,0.0,0.0,0.0,0.0,0
doge,67,-0.19031048395120387,-7.139887819359651,-5.0,0.2610091122611918,-19.07042829281507,0.22169496633889493,0.25,0.2610091122611918,0.5921406701909671,12
shib,67,0.0,0.0,0.0,0.0,0.0,0.0,0.0,0.0,0.0,0
pepe,67,0.0,0.0,0.0,0.0,0.0,0.0,0.0,0.0,0.0,0
bonk,68,0.0,0.0,0.0,0.0,0.0,0.0,0.0,0.0,0.0,0
doge,68,-0.19031048395120387,-7.139887819359651,-5.0,0.2610091122611918,-19.07042829281507,0.22169496633889493,0.25,0.2610091122611918,0.5921406701909671,12
shib,68,0.0,0.0,0.0,0.0,0.0,0.0,0.0,0.0,0.0,0
pepe,68,0.0,0.0,0.0,0.0,0.0,0.0,0.0,0.0,0.0,0
bonk,69,0.0,0.0,0.0,0.0,0.0,0.0,0.0,0.0,0.0,0
doge,69,-0.19031048395120387,-7.139887819359651,-5.0,0.2610091122611918,-19.07042829281507,0.22169496633889493,0.25,0.2610091122611918,0.5921406701909671,12
shib,69,0.0,0.0,0.0,0.0,0.0,0.0,0.0,0.0,0.0,0
pepe,69,0.0,0.0,0.0,0.0,0.0,0.0,0.0,0.0,0.0,0
bonk,70,0.0,0.0,0.0,0.0,0.0,0.0,0.0,0.0,0.0,0
doge,70,-0.19031048395120387,-7.139887819359651,-5.0,0.2610091122611918,-19.07042829281507,0.22169496633889493,0.25,0.2610091122611918,0.5921406701909671,12
shib,70,0.0,0.0,0.0,0.0,0.0,0.0,0.0,0.0,0.0,0
pepe,70,0.0,0.0,0.0,0.0,0.0,0.0,0.0,0.0,0.0,0
bonk,71,0.0,0.0,0.0,0.0,0.0,0.0,0.0,0.0,0.0,0
doge,71,-0.19031048395120387,-7.139887819359651,-5.0,0.2610091122611918,-19.07042829281507,0.22169496633889493,0.25,0.2610091122611918,0.5921406701909671,12
shib,71,0.0,0.0,0.0,0.0,0.0,0.0,0.0,0.0,0.0,0
pepe,71,0.0,0.0,0.0,0.0,0.0,0.0,0.0,0.0,0.0,0
bonk,72,0.0,0.0,0.0,0.0,0.0,0.0,0.0,0.0,0.0,0
doge,72,-0.19031048395120387,-7.139887819359651,-5.0,0.2610091122611918,-19.07042829281507,0.22169496633889493,0.25,0.2610091122611918,0.5921406701909671,12
shib,72,0.0,0.0,0.0,0.0,0.0,0.0,0.0,0.0,0.0,0
pepe,72,0.0,0.0,0.0,0.0,0.0,0.0,0.0,0.0,0.0,0
bonk,73,0.0,0.0,0.0,0.0,0.0,0.0,0.0,0.0,0.0,0
doge,73,-0.19031048395120387,-7.139887819359651,-5.0,0.2610091122611918,-19.07042829281507,0.22169496633889493,0.25,0.2610091122611918,0.5921406701909671,12
shib,73,0.0,0.0,0.0,0.0,0.0,0.0,0.0,0.0,0.0,0
pepe,73,0.0,0.0,0.0,0.0,0.0,0.0,0.0,0.0,0.0,0
bonk,74,-0.0666666302868778,-4.58257569495584,0.0,0.0,-21.0,0.0666666302868778,0.0,0.0,0.3055048796172531,1
doge,74,-0.19031048395120387,-7.139887819359651,-5.0,0.2610091122611918,-19.07042829281507,0.22169496633889493,0.25,0.2610091122611918,0.5921406701909671,12
shib,74,0.0,0.0,0.0,0.0,0.0,0.0,0.0,0.0,0.0,0
pepe,74,0.0,0.0,0.0,0.0,0.0,0.0,0.0,0.0,0.0,0
bonk,75,-0.0666666302868778,-4.58257569495584,0.0,0.0,-21.0,0.0666666302868778,0.0,0.0,0.3055048796172531,1
doge,75,-0.19031048395120387,-7.139887819359651,-5.0,0.2610091122611918,-19.07042829281507,0.22169496633889493,0.25,0.2610091122611918,0.5921406701909671,12
shib,75,0.0,0.0,0.0,0.0,0.0,0.0,0.0,0.0,0.0,0
pepe,75,0.0,0.0,0.0,0.0,0.0,0.0,0.0,0.0,0.0,0
bonk,76,0.0,0.21385384385587997,0.0,1.0714285296660613,1.499999122987286,0.0666666302868778,0.5,1.0714285296660613,0.4676085552627528,2
doge,76,-0.19031048395120387,-7.139887819359651,-5.0,0.2610091122611918,-19.07042829281507,0.22169496633889493,0.25,0.2610091122611918,0.5921406701909671,12
shib,76,0.0,0.0,0.0,0.0,0.0,0.0,0.0,0.0,0.0,0
pepe,76,0.0,0.0,0.0,0.0,0.0,0.0,0.0,0.0,0.0,0
bonk,77,0.0,0.21385384385587997,0.0,1.0714285296660613,1.499999122987286,0.0666666302868778,0.5,1.0714285296660613,0.4676085552627528,2
doge,77,-0.19031048395120387,-7.139887819359651,-5.0,0.2610091122611918,-19.07042829281507,0.22169496633889493,0.25,0.2610091122611918,0.5921406701909671,12
shib,77,0.0,0.0,0.0,0.0,0.0,0.0,0.0,0.0,0.0,0
pepe,77,0.0,0.0,0.0,0.0,0.0,0.0,0.0,0.0,0.0,0
bonk,78,-0.13333332120673713,-3.502021146049836,-3.6080252639762556,0.3571427349488171,-20.25000077956671,0.13333332120673713,0.3333333333333333,0.3571427349488171,0.7709833110014644,3
doge,78,-0.19031048395120387,-7.139887819359651,-5.0,0.2610091122611918,-19.07042829281507,0.22169496633889493,0.25,0.2610091122611918,0.5921406701909671,12
shib,78,0.0,0.0,0.0,0.0,0.0,0.0,0.0,0.0,0.0,0
pepe,78,0.0,0.0,0.0,0.0,0.0,0.0,0.0,0.0,0.0,0
bonk,79,-0.13333332120673713,-3.502021146049836,-3.6080252639762556,0.3571427349488171,-20.25000077956671,0.13333332120673713,0.3333333333333333,0.3571427349488171,0.7709833110014644,3
doge,79,-0.19031048395120387,-7.139887819359651,-5.0,0.2610091122611918,-19.07042829281507,0.22169496633889493,0.25,0.2610091122611918,0.5921406701909671,12
shib,79,0.0,0.0,0.0,0.0,0.0,0.0,0.0,0.0,0.0,0
pepe,79,0.0,0.0,0.0,0.0,0.0,0.0,0.0,0.0,0.0,0
bonk,80,-0.06666663028687769,-1.2470642258528843,-1.4493768018109696,0.7417583473864051,-8.134610824263671,0.13333332120673713,0.5,0.7417583473864051,0.8697344173926294,4
doge,80,-0.19031048395120387,-7.139887819359651,-5.0,0.2610091122611918,-19.07042829281507,0.22169496633889493,0.25,0.2610091122611918,0.5921406701909671,12
shib,80,0.0,0.0,0.0,0.0,0.0,0.0,0.0,0.0,0.0,0
pepe,80,0.0,0.0,0.0,0.0,0.0,0.0,0.0,0.0,0.0,0
bonk,81,-0.06666663028687769,-1.2470642258528843,-1.4493768018109696,0.7417583473864051,-8.134610824263671,0.13333332120673713,0.5,0.7417583473864051,0.8697344173926294,4
doge,81,-0.19031048395120387,-7.139887819359651,-5.0,0.2610091122611918,-19.07042829281507,0.22169496633889493,0.25,0.2610091122611918,0.5921406701909671,12
shib,81,0.0,0.0,0.0,0.0,0.0,0.0,0.0,0.0,0.0,0
pepe,81,0.0,0.0,0.0,0.0,0.0,0.0,0.0,0.0,0.0,0
bonk,82,-0.06666663028687769,-1.2470642258528843,-1.4493768018109696,0.7417583473864051,-8.134610824263671,0.13333332120673713,0.5,0.7417583473864051,0.8697344173926294,4
doge,82,-0.19031048395120387,-7.139887819359651,-5.0,0.2610091122611918,-19.07042829281507,0.22169496633889493,0.25,0.2610091122611918,0.5921406701909671,12
shib,82,0.0,0.0,0.0,0.0,0.0,0.0,0.0,0.0,0.0,0
pepe,82,0.0,0.0,0.0,0.0,0.0,0.0,0.0,0.0,0.0,0
bonk,83,-0.06666663028687769,-1.2470642258528843,-1.4493768018109696,0.7417583473864051,-8.134610824263671,0.13333332120673713,0.5,0.7417583473864051,0.8697344173926294,4
doge,83,-0.19031048395120387,-7.139887819359651,-5.0,0.2610091122611918,-19.07042829281507,0.22169496633889493,0.25,0.2610091122611918,0.5921406701909671,12
shib,83,0.0,0.0,0.0,0.0,0.0,0.0,0.0,0.0,0.0,0
pepe,83,0.0,0.0,0.0,0.0,0.0,0.0,0.0,0.0,0.0,0
bonk,84,-0.06666663028687769,-1.2470642258528843,-1.4493768018109696,0.7417583473864051,-8.134610824263671,0.13333332120673713,0.5,0.7417583473864051,0.8697344173926294,4
doge,84,-0.19031048395120387,-7.139887819359651,-5.0,0.2610091122611918,-19.07042829281507,0.22169496633889493,0.25,0.2610091122611918,0.5921406701909671,12
shib,84,0.0,0.0,0.0,0.0,0.0,0.0,0.0,0.0,0.0,0
pepe,84,0.0,0.0,0.0,0.0,0.0,0.0,0.0,0.0,0.0,0
bonk,85,-0.06666663028687769,-1.2470642258528843,-1.4493768018109696,0.7417583473864051,-8.134610824263671,0.13333332120673713,0.5,0.7417583473864051,0.8697344173926294,4
doge,85,-0.19031048395120387,-7.139887819359651,-5.0,0.2610091122611918,-19.07042829281507,0.22169496633889493,0.25,0.2610091122611918,0.5921406701909671,12
shib,85,0.0,0.0,0.0,0.0,0.0,0.0,0.0,0.0,0.0,0
pepe,85,0.0,0.0,0.0,0.0,0.0,0.0,0.0,0.0,0.0,0
bonk,86,-0.06666663028687769,-1.2470642258528843,-1.4493768018109696,0.7417583473864051,-8.134610824263671,0.13333332120673713,0.5,0.7417583473864051,0.8697344173926294,4
doge,86,-0.19031048395120387,-7.139887819359651,-5.0,0.2610091122611918,-19.07042829281507,0.22169496633889493,0.25,0.2610091122611918,0.5921406701909671,12
shib,86,0.0,0.0,0.0,0.0,0.0,0.0,0.0,0.0,0.0,0
pepe,86,0.0,0.0,0.0,0.0,0.0,0.0,0.0,0.0,0.0,0
bonk,87,-0.1999999514936146,-3.7976494964698997,-5.0,0.4326923490075074,-20.423076393947607,0.1999999514936146,0.4,0.4326923490075074,1.0755637906912565,5
doge,87,-0.19031048395120387,-7.139887819359651,-5.0,0.2610091122611918,-19.07042829281507,0.22169496633889493,0.25,0.2610091122611918,0.5921406701909671,12
shib,87,0.0,0.0,0.0,0.0,0.0,0.0,0.0,0.0,0.0,0
pepe,87,0.0,0.0,0.0,0.0,0.0,0.0,0.0,0.0,0.0,0
bonk,88,-0.1999999514936146,-3.7976494964698997,-5.0,0.4326923490075074,-20.423076393947607,0.1999999514936146,0.4,0.4326923490075074,1.0755637906912565,5
doge,88,-0.19031048395120387,-7.139887819359651,-5.0,0.2610091122611918,-19.07042829281507,0.22169496633889493,0.25,0.2610091122611918,0.5921406701909671,12
shib,88,0.0,0.0,0.0,0.0,0.0,0.0,0.0,0.0,0.0,0
pepe,88,0.0,0.0,0.0,0.0,0.0,0.0,0.0,0.0,0.0,0
bonk,89,-0.1999999514936146,-3.7976494964698997,-5.0,0.4326923490075074,-20.423076393947607,0.1999999514936146,0.4,0.4326923490075074,1.0755637906912565,5
doge,89,-0.19031048395120387,-7.139887819359651,-5.0,0.2610091122611918,-19.07042829281507,0.22169496633889493,0.25,0.2610091122611918,0.5921406701909671,12
shib,89,0.0,0.0,0.0,0.0,0.0,0.0,0.0,0.0,0.0,0
pepe,89,0.0,0.0,0.0,0.0,0.0,0.0,0.0,0.0,0.0,0
bonk,90,-0.26666664241347393,-5.237985751180497,-5.0,0.34808766581244766,-21.8798075600012,0.26666664241347393,0.3333333333333333,0.34808766581244766,1.1139042937189174,6
doge,90,-0.19031048395120387,-7.139887819359651,-5.0,0.2610091122611918,-19.07042829281507,0.22169496633889493,0.25,0.2610091122611918,0.5921406701909671,12
shib,90,0.0,0.0,0.0,0.0,0.0,0.0,0.0,0.0,0.0,0
pepe,90,0.0,0.0,0.0,0.0,0.0,0.0,0.0,0.0,0.0,0
bonk,91,-0.26666664241347393,-5.237985751180497,-5.0,0.34808766581244766,-21.8798075600012,0.26666664241347393,0.3333333333333333,0.34808766581244766,1.1139042937189174,6
doge,91,-0.19031048395120387,-7.139887819359651,-5.0,0.2610091122611918,-19.07042829281507,0.22169496633889493,0.25,0.2610091122611918,0.5921406701909671,12
shib,91,0.0,0.0,0.0,0.0,0.0,0.0,0.0,0.0,0.0,0
pepe,91,0.0,0.0,0.0,0.0,0.0,0.0,0.0,0.0,0.0,0
bonk,92,-0.26666664241347393,-5.237985751180497,-5.0,0.34808766581244766,-21.8798075600012,0.26666664241347393,0.3333333333333333,0.34808766581244766,1.1139042937189174,6
doge,92,-0.19031048395120387,-7.139887819359651,-5.0,0.2610091122611918,-19.07042829281507,0.22169496633889493,0.25,0.2610091122611918,0.5921406701909671,12
shib,92,0.0,0.0,0.0,0.0,0.0,0.0,0.0,0.0,0.0,0
pepe,92,0.0,0.0,0.0,0.0,0.0,0.0,0.0,0.0,0.0,0
bonk,93,-0.26666664241347393,-5.237985751180497,-5.0,0.34808766581244766,-21.8798075600012,0.26666664241347393,0.3333333333333333,0.34808766581244766,1.1139042937189174,6
doge,93,-0.19031048395120387,-7.139887819359651,-5.0,0.2610091122611918,-19.07042829281507,0.22169496633889493,0.25,0.2610091122611918,0.5921406701909671,12
shib,93,0.0,0.0,0.0,0.0,0.0,0.0,0.0,0.0,0.0,0
pepe,93,0.0,0.0,0.0,0.0,0.0,0.0,0.0,0.0,0.0,0
bonk,94,-0.20792353016860687,-3.4359708052966327,-5.0,0.5360417700294797,-15.571597982242313,0.26666664241347393,0.42857142857142855,0.5360417700294797,1.208516016648313,7
doge,94,-0.19031048395120387,-7.139887819359651,-5.0,0.2610091122611918,-19.07042829281507,0.22169496633889493,0.25,0.2610091122611918,0.5921406701909671,12
shib,94,0.0,0.0,0.0,0.0,0.0,0.0,0.0,0.0,0.0,0
pepe,94,0.0,0.0,0.0,0.0,0.0,0.0,0.0,0.0,0.0,0
bonk,95,-0.20792353016860687,-3.4359708052966327,-5.0,0.5360417700294797,-15.571597982242313,0.26666664241347393,0.42857142857142855,0.5360417700294797,1.208516016648313,7
doge,95,-0.19031048395120387,-7.139887819359651,-5.0,0.2610091122611918,-19.07042829281507,0.22169496633889493,0.25,0.2610091122611918,0.5921406701909671,12
shib,95,0.0,0.0,0.0,0.0,0.0,0.0,0.0,0.0,0.0,0
pepe,95,0.0,0.0,0.0,0.0,0.0,0.0,0.0,0.0,0.0,0
bonk,96,-0.20792353016860687,-3.4359708052966327,-5.0,0.5360417700294797,-15.571597982242313,0.26666664241347393,0.42857142857142855,0.5360417700294797,1.208516016648313,7
doge,96,-0.19031048395120387,-7.139887819359651,-5.0,0.2610091122611918,-19.07042829281507,0.22169496633889493,0.25,0.2610091122611918,0.5921406701909671,12
shib,96,0.0,0.0,0.0,0.0,0.0,0.0,0.0,0.0,0.0,0
pepe,96,0.0,0.0,0.0,0.0,0.0,0.0,0.0,0.0,0.0,0
bonk,97,-0.20792353016860687,-3.4359708052966327,-5.0,0.5360417700294797,-15.571597982242313,0.26666664241347393,0.42857142857142855,0.5360417700294797,1.208516016648313,7
doge,97,-0.19031048395120387,-7.139887819359651,-5.0,0.2610091122611918,-19.07042829281507,0.22169496633889493,0.25,0.2610091122611918,0.5921406701909671,12
shib,97,0.0,0.0,0.0,0.0,0.0,0.0,0.0,0.0,0.0,0
pepe,97,0.0,0.0,0.0,0.0,0.0,0.0,0.0,0.0,0.0,0
bonk,98,-0.20792353016860687,-3.4359708052966327,-5.0,0.5360417700294797,-15.571597982242313,0.26666664241347393,0.42857142857142855,0.5360417700294797,1.208516016648313,7
doge,98,-0.19031048395120387,-7.139887819359651,-5.0,0.2610091122611918,-19.07042829281507,0.22169496633889493,0.25,0.2610091122611918,0.5921406701909671,12
shib,98,0.0,0.0,0.0,0.0,0.0,0.0,0.0,0.0,0.0,0
pepe,98,0.0,0.0,0.0,0.0,0.0,0.0,0.0,0.0,0.0,0
bonk,99,-0.20792353016860687,-3.4359708052966327,-5.0,0.5360417700294797,-15.571597982242313,0.26666664241347393,0.42857142857142855,0.5360417700294797,1.208516016648313,7
doge,99,-0.19031048395120387,-7.139887819359651,-5.0,0.2610091122611918,-19.07042829281507,0.22169496633889493,0.25,0.2610091122611918,0.5921406701909671,12
shib,99,0.0,0.0,0.0,0.0,0.0,0.0,0.0,0.0,0.0,0
pepe,99,0.0,0.0,0.0,0.0,0.0,0.0,0.0,0.0,0.0,0
bonk,100,-0.20792353016860687,-3.4359708052966327,-5.0,0.5360417700294797,-15.571597982242313,0.26666664241347393,0.42857142857142855,0.5360417700294797,1.208516016648313,7
doge,100,-0.19031048395120387,-7.139887819359651,-5.0,0.2610091122611918,-19.07042829281507,0.22169496633889493,0.25,0.2610091122611918,0.5921406701909671,12
shib,100,0.0,0.0,0.0,0.0,0.0,0.0,0.0,0.0,0.0,0
pepe,100,0.0,0.0,0.0,0.0,0.0,0.0,0.0,0.0,0.0,0
bonk,101,-0.20792353016860687,-3.4359708052966327,-5.0,0.5360417700294797,-15.571597982242313,0.26666664241347393,0.42857142857142855,0.5360417700294797,1.208516016648313,7
doge,101,-0.19031048395120387,-7.139887819359651,-5.0,0.2610091122611918,-19.07042829281507,0.22169496633889493,0.25,0.2610091122611918,0.5921406701909671,12
shib,101,0.0,0.0,0.0,0.0,0.0,0.0,0.0,0.0,0.0,0
pepe,101,0.0,0.0,0.0,0.0,0.0,0.0,0.0,0.0,0.0,0
bonk,102,-0.20792353016860687,-3.4359708052966327,-5.0,0.5360417700294797,-15.571597982242313,0.26666664241347393,0.42857142857142855,0.5360417700294797,1.208516016648313,7
doge,102,-0.19031048395120387,-7.139887819359651,-5.0,0.2610091122611918,-19.07042829281507,0.22169496633889493,0.25,0.2610091122611918,0.5921406701909671,12
shib,102,0.0,0.0,0.0,0.0,0.0,0.0,0.0,0.0,0.0,0
pepe,102,0.0,0.0,0.0,0.0,0.0,0.0,0.0,0.0,0.0,0
bonk,103,-0.20792353016860687,-3.4359708052966327,-5.0,0.5360417700294797,-15.571597982242313,0.26666664241347393,0.42857142857142855,0.5360417700294797,1.208516016648313,7
doge,103,-0.19031048395120387,-7.139887819359651,-5.0,0.2610091122611918,-19.07042829281507,0.22169496633889493,0.25,0.2610091122611918,0.5921406701909671,12
shib,103,0.0,0.0,0.0,0.0,0.0,0.0,0.0,0.0,0.0,0
pepe,103,0.0,0.0,0.0,0.0,0.0,0.0,0.0,0.0,0.0,0
bonk,104,-0.20792353016860687,-3.4359708052966327,-5.0,0.5360417700294797,-15.571597982242313,0.26666664241347393,0.42857142857142855,0.5360417700294797,1.208516016648313,7
doge,104,-0.19031048395120387,-7.139887819359651,-5.0,0.2610091122611918,-19.07042829281507,0.22169496633889493,0.25,0.2610091122611918,0.5921406701909671,12
shib,104,0.0,0.0,0.0,0.0,0.0,0.0,0.0,0.0,0.0,0
pepe,104,0.0,0.0,0.0,0.0,0.0,0.0,0.0,0.0,0.0,0
bonk,105,-0.20792353016860687,-3.4359708052966327,-5.0,0.5360417700294797,-15.571597982242313,0.26666664241347393,0.42857142857142855,0.5360417700294797,1.208516016648313,7
doge,105,-0.19031048395120387,-7.139887819359651,-5.0,0.2610091122611918,-19.07042829281507,0.22169496633889493,0.25,0.2610091122611918,0.5921406701909671,12
shib,105,0.0,0.0,0.0,0.0,0.0,0.0,0.0,0.0,0.0,0
pepe,105,0.0,0.0,0.0,0.0,0.0,0.0,0.0,0.0,0.0,0
bonk,106,-0.20792353016860687,-3.4359708052966327,-5.0,0.5360417700294797,-15.571597982242313,0.26666664241347393,0.42857142857142855,0.5360417700294797,1.208516016648313,7
doge,106,-0.19031048395120387,-7.139887819359651,-5.0,0.2610091122611918,-19.07042829281507,0.22169496633889493,0.25,0.2610091122611918,0.5921406701909671,12
shib,106,0.0,0.0,0.0,0.0,0.0,0.0,0.0,0.0,0.0,0
pepe,106,0.0,0.0,0.0,0.0,0.0,0.0,0.0,0.0,0.0,0
bonk,107,-0.20792353016860687,-3.4359708052966327,-5.0,0.5360417700294797,-15.571597982242313,0.26666664241347393,0.42857142857142855,0.5360417700294797,1.208516016648313,7
doge,107,-0.19031048395120387,-7.139887819359651,-5.0,0.2610091122611918,-19.07042829281507,0.22169496633889493,0.25,0.2610091122611918,0.5921406701909671,12
shib,107,0.0,0.0,0.0,0.0,0.0,0.0,0.0,0.0,0.0,0
pepe,107,0.0,0.0,0.0,0.0,0.0,0.0,0.0,0.0,0.0,0
bonk,108,-0.20792353016860687,-3.4359708052966327,-5.0,0.5360417700294797,-15.571597982242313,0.26666664241347393,0.42857142857142855,0.5360417700294797,1.208516016648313,7
doge,108,-0.19031048395120387,-7.139887819359651,-5.0,0.2610091122611918,-19.07042829281507,0.22169496633889493,0.25,0.2610091122611918,0.5921406701909671,12
shib,108,0.0,0.0,0.0,0.0,0.0,0.0,0.0,0.0,0.0,0
pepe,108,0.0,0.0,0.0,0.0,0.0,0.0,0.0,0.0,0.0,0
bonk,109,-0.20792353016860687,-3.4359708052966327,-5.0,0.5360417700294797,-15.571597982242313,0.26666664241347393,0.42857142857142855,0.5360417700294797,1.208516016648313,7
doge,109,-0.19031048395120387,-7.139887819359651,-5.0,0.2610091122611918,-19.07042829281507,0.22169496633889493,0.25,0.2610091122611918,0.5921406701909671,12
shib,109,0.0,0.0,0.0,0.0,0.0,0.0,0.0,0.0,0.0,0
pepe,109,0.0,0.0,0.0,0.0,0.0,0.0,0.0,0.0,0.0,0
bonk,110,-0.20792353016860687,-3.4359708052966327,-5.0,0.5360417700294797,-15.571597982242313,0.26666664241347393,0.42857142857142855,0.5360417700294797,1.208516016648313,7
doge,110,-0.19031048395120387,-7.139887819359651,-5.0,0.2610091122611918,-19.07042829281507,0.22169496633889493,0.25,0.2610091122611918,0.5921406701909671,12
shib,110,0.0,0.0,0.0,0.0,0.0,0.0,0.0,0.0,0.0,0
pepe,110,0.0,0.0,0.0,0.0,0.0,0.0,0.0,0.0,0.0,0
bonk,111,-0.20792353016860687,-3.4359708052966327,-5.0,0.5360417700294797,-15.571597982242313,0.26666664241347393,0.42857142857142855,0.5360417700294797,1.208516016648313,7
doge,111,-0.19031048395120387,-7.139887819359651,-5.0,0.2610091122611918,-19.07042829281507,0.22169496633889493,0.25,0.2610091122611918,0.5921406701909671,12
shib,111,0.0,0.0,0.0,0.0,0.0,0.0,0.0,0.0,0.0,0
pepe,111,0.0,0.0,0.0,0.0,0.0,0.0,0.0,0.0,0.0,0
bonk,112,-0.20792353016860687,-3.4359708052966327,-5.0,0.5360417700294797,-15.571597982242313,0.26666664241347393,0.42857142857142855,0.5360417700294797,1.208516016648313,7
doge,112,-0.19031048395120387,-7.139887819359651,-5.0,0.2610091122611918,-19.07042829281507,0.22169496633889493,0.25,0.2610091122611918,0.5921406701909671,12
shib,112,0.0,0.0,0.0,0.0,0.0,0.0,0.0,0.0,0.0,0
pepe,112,0.0,0.0,0.0,0.0,0.0,0.0,0.0,0.0,0.0,0
bonk,113,-0.20792353016860687,-3.4359708052966327,-5.0,0.5360417700294797,-15.571597982242313,0.26666664241347393,0.42857142857142855,0.5360417700294797,1.208516016648313,7
doge,113,-0.19031048395120387,-7.139887819359651,-5.0,0.2610091122611918,-19.07042829281507,0.22169496633889493,0.25,0.2610091122611918,0.5921406701909671,12
shib,113,0.0,0.0,0.0,0.0,0.0,0.0,0.0,0.0,0.0,0
pepe,113,0.0,0.0,0.0,0.0,0.0,0.0,0.0,0.0,0.0,0
bonk,114,-0.20792353016860687,-3.4359708052966327,-5.0,0.5360417700294797,-15.571597982242313,0.26666664241347393,0.42857142857142855,0.5360417700294797,1.208516016648313,7
doge,114,-0.19031048395120387,-7.139887819359651,-5.0,0.2610091122611918,-19.07042829281507,0.22169496633889493,0.25,0.2610091122611918,0.5921406701909671,12
shib,114,0.0,0.0,0.0,0.0,0.0,0.0,0.0,0.0,0.0,0
pepe,114,0.0,0.0,0.0,0.0,0.0,0.0,0.0,0.0,0.0,0
bonk,115,-0.20792353016860687,-3.4359708052966327,-5.0,0.5360417700294797,-15.571597982242313,0.26666664241347393,0.42857142857142855,0.5360417700294797,1.208516016648313,7
doge,115,-0.19031048395120387,-7.139887819359651,-5.0,0.2610091122611918,-19.07042829281507,0.22169496633889493,0.25,0.2610091122611918,0.5921406701909671,12
shib,115,0.0,0.0,0.0,0.0,0.0,0.0,0.0,0.0,0.0,0
pepe,115,0.0,0.0,0.0,0.0,0.0,0.0,0.0,0.0,0.0,0
bonk,116,-0.20792353016860687,-3.4359708052966327,-5.0,0.5360417700294797,-15.571597982242313,0.26666664241347393,0.42857142857142855,0.5360417700294797,1.208516016648313,7
doge,116,-0.19031048395120387,-7.139887819359651,-5.0,0.2610091122611918,-19.07042829281507,0.22169496633889493,0.25,0.2610091122611918,0.5921406701909671,12
shib,116,0.0,0.0,0.0,0.0,0.0,0.0,0.0,0.0,0.0,0
pepe,116,0.0,0.0,0.0,0.0,0.0,0.0,0.0,0.0,0.0,0
bonk,117,-0.20792353016860687,-3.4359708052966327,-5.0,0.5360417700294797,-15.571597982242313,0.26666664241347393,0.42857142857142855,0.5360417700294797,1.208516016648313,7
doge,117,-0.19031048395120387,-7.139887819359651,-5.0,0.2610091122611918,-19.07042829281507,0.22169496633889493,0.25,0.2610091122611918,0.5921406701909671,12
shib,117,0.0,0.0,0.0,0.0,0.0,0.0,0.0,0.0,0.0,0
pepe,117,0.0,0.0,0.0,0.0,0.0,0.0,0.0,0.0,0.0,0
bonk,118,-0.20792353016860687,-3.4359708052966327,-5.0,0.5360417700294797,-15.571597982242313,0.26666664241347393,0.42857142857142855,0.5360417700294797,1.208516016648313,7
doge,118,-0.19031048395120387,-7.139887819359651,-5.0,0.2610091122611918,-19.07042829281507,0.22169496633889493,0.25,0.2610091122611918,0.5921406701909671,12
shib,118,0.0,0.0,0.0,0.0,0.0,0.0,0.0,0.0,0.0,0
pepe,118,0.0,0.0,0.0,0.0,0.0,0.0,0.0,0.0,0.0,0
bonk,119,-0.20792353016860687,-3.4359708052966327,-5.0,0.5360417700294797,-15.571597982242313,0.26666664241347393,0.42857142857142855,0.5360417700294797,1.208516016648313,7
doge,119,-0.19031048395120387,-7.139887819359651,-5.0,0.2610091122611918,-19.07042829281507,0.22169496633889493,0.25,0.2610091122611918,0.5921406701909671,12
shib,119,0.0,0.0,0.0,0.0,0.0,0.0,0.0,0.0,0.0,0
pepe,119,0.0,0.0,0.0,0.0,0.0,0.0,0.0,0.0,0.0,0
bonk,120,-0.20792353016860687,-3.4359708052966327,-5.0,0.5360417700294797,-15.571597982242313,0.26666664241347393,0.42857142857142855,0.5360417700294797,1.208516016648313,7
doge,120,-0.19031048395120387,-7.139887819359651,-5.0,0.2610091122611918,-19.07042829281507,0.22169496633889493,0.25,0.2610091122611918,0.5921406701909671,12
shib,120,0.0,0.0,0.0,0.0,0.0,0.0,0.0,0.0,0.0,0
pepe,120,0.0,0.0,0.0,0.0,0.0,0.0,0.0,0.0,0.0,0
bonk,121,-0.20792353016860687,-3.4359708052966327,-5.0,0.5360417700294797,-15.571597982242313,0.26666664241347393,0.42857142857142855,0.5360417700294797,1.208516016648313,7
doge,121,-0.19031048395120387,-7.139887819359651,-5.0,0.2610091122611918,-19.07042829281507,0.22169496633889493,0.25,0.2610091122611918,0.5921406701909671,12
shib,121,0.0,0.0,0.0,0.0,0.0,0.0,0.0,0.0,0.0,0
pepe,121,0.0,0.0,0.0,0.0,0.0,0.0,0.0,0.0,0.0,0
bonk,122,-0.20792353016860687,-3.4359708052966327,-5.0,0.5360417700294797,-15.571597982242313,0.26666664241347393,0.42857142857142855,0.5360417700294797,1.208516016648313,7
doge,122,-0.19031048395120387,-7.139887819359651,-5.0,0.2610091122611918,-19.07042829281507,0.22169496633889493,0.25,0.2610091122611918,0.5921406701909671,12
shib,122,0.0,0.0,0.0,0.0,0.0,0.0,0.0,0.0,0.0,0
pepe,122,0.0,0.0,0.0,0.0,0.0,0.0,0.0,0.0,0.0,0
bonk,123,-0.20792353016860687,-3.4359708052966327,-5.0,0.5360417700294797,-15.571597982242313,0.26666664241347393,0.42857142857142855,0.5360417700294797,1.208516016648313,7
doge,123,-0.19031048395120387,-7.139887819359651,-5.0,0.2610091122611918,-19.07042829281507,0.22169496633889493,0.25,0.2610091122611918,0.5921406701909671,12
shib,123,0.0,0.0,0.0,0.0,0.0,0.0,0.0,0.0,0.0,0
pepe,123,0.0,0.0,0.0,0.0,0.0,0.0,0.0,0.0,0.0,0
bonk,124,-0.20792353016860687,-3.4359708052966327,-5.0,0.5360417700294797,-15.571597982242313,0.26666664241347393,0.42857142857142855,0.5360417700294797,1.208516016648313,7
doge,124,-0.19031048395120387,-7.139887819359651,-5.0,0.2610091122611918,-19.07042829281507,0.22169496633889493,0.25,0.2610091122611918,0.5921406701909671,12
shib,124,0.0,0.0,0.0,0.0,0.0,0.0,0.0,0.0,0.0,0
pepe,124,0.0,0.0,0.0,0.0,0.0,0.0,0.0,0.0,0.0,0
bonk,125,-0.26666664241347393,-5.237985751180497,-5.0,0.34808766581244766,-21.8798075600012,0.26666664241347393,0.3333333333333333,0.34808766581244766,1.1139042937189174,6
doge,125,-0.19031048395120387,-7.139887819359651,-5.0,0.2610091122611918,-19.07042829281507,0.22169496633889493,0.25,0.2610091122611918,0.5921406701909671,12
shib,125,0.0,0.0,0.0,0.0,0.0,0.0,0.0,0.0,0.0,0
pepe,125,0.0,0.0,0.0,0.0,0.0,0.0,0.0,0.0,0.0,0
bonk,126,-0.26666664241347393,-5.237985751180497,-5.0,0.34808766581244766,-21.8798075600012,0.26666664241347393,0.3333333333333333,0.34808766581244766,1.1139042937189174,6
doge,126,-0.19031048395120387,-7.139887819359651,-5.0,0.2610091122611918,-19.07042829281507,0.22169496633889493,0.25,0.2610091122611918,0.5921406701909671,12
shib,126,0.0,0.0,0.0,0.0,0.0,0.0,0.0,0.0,0.0,0
pepe,126,0.0,0.0,0.0,0.0,0.0,0.0,0.0,0.0,0.0,0
bonk,127,-0.26666664241347393,-5.237985751180497,-5.0,0.34808766581244766,-21.8798075600012,0.26666664241347393,0.3333333333333333,0.34808766581244766,1.1139042937189174,6
doge,127,-0.19031048395120387,-7.139887819359651,-5.0,0.2610091122611918,-19.07042829281507,0.22169496633889493,0.25,0.2610091122611918,0.5921406701909671,12
shib,127,0.0,0.0,0.0,0.0,0.0,0.0,0.0,0.0,0.0,0
pepe,127,0.0,0.0,0.0,0.0,0.0,0.0,0.0,0.0,0.0,0
bonk,128,-0.1999999514936146,-3.7976494964698997,-5.0,0.4326923490075074,-20.423076393947607,0.1999999514936146,0.4,0.4326923490075074,1.0755637906912565,5
doge,128,-0.19031048395120387,-7.139887819359651,-5.0,0.2610091122611918,-19.07042829281507,0.22169496633889493,0.25,0.2610091122611918,0.5921406701909671,12
shib,128,0.0,0.0,0.0,0.0,0.0,0.0,0.0,0.0,0.0,0
pepe,128,0.0,0.0,0.0,0.0,0.0,0.0,0.0,0.0,0.0,0
bonk,129,-0.1999999514936146,-3.7976494964698997,-5.0,0.4326923490075074,-20.423076393947607,0.1999999514936146,0.4,0.4326923490075074,1.0755637906912565,5
doge,129,-0.19031048395120387,-7.139887819359651,-5.0,0.2610091122611918,-19.07042829281507,0.22169496633889493,0.25,0.2610091122611918,0.5921406701909671,12
shib,129,0.0,0.0,0.0,0.0,0.0,0.0,0.0,0.0,0.0,0
pepe,129,0.0,0.0,0.0,0.0,0.0,0.0,0.0,0.0,0.0,0
bonk,130,-0.1999999514936146,-3.7976494964698997,-5.0,0.4326923490075074,-20.423076393947607,0.1999999514936146,0.4,0.4326923490075074,1.0755637906912565,5
doge,130,-0.19031048395120387,-7.139887819359651,-5.0,0.2610091122611918,-19.07042829281507,0.22169496633889493,0.25,0.2610091122611918,0.5921406701909671,12
shib,130,0.0,0.0,0.0,0.0,0.0,0.0,0.0,0.0,0.0,0
pepe,130,0.0,0.0,0.0,0.0,0.0,0.0,0.0,0.0,0.0,0
bonk,131,-0.06666663028687769,-1.2470642258528843,-1.4493768018109696,0.7417583473864051,-8.134610824263671,0.13333332120673713,0.5,0.7417583473864051,0.8697344173926294,4
doge,131,-0.19031048395120387,-7.139887819359651,-5.0,0.2610091122611918,-19.07042829281507,0.22169496633889493,0.25,0.2610091122611918,0.5921406701909671,12
shib,131,0.0,0.0,0.0,0.0,0.0,0.0,0.0,0.0,0.0,0
pepe,131,0.0,0.0,0.0,0.0,0.0,0.0,0.0,0.0,0.0,0
bonk,132,-0.06666663028687769,-1.2470642258528843,-1.4493768018109696,0.7417583473864051,-8.134610824263671,0.13333332120673713,0.5,0.7417583473864051,0.8697344173926294,4
doge,132,-0.19031048395120387,-7.139887819359651,-5.0,0.2610091122611918,-19.07042829281507,0.22169496633889493,0.25,0.2610091122611918,0.5921406701909671,12
shib,132,0.0,0.0,0.0,0.0,0.0,0.0,0.0,0.0,0.0,0
pepe,132,0.0,0.0,0.0,0.0,0.0,0.0,0.0,0.0,0.0,0
bonk,133,-0.06666663028687769,-1.2470642258528843,-1.4493768018109696,0.7417583473864051,-8.134610824263671,0.13333332120673713,0.5,0.7417583473864051,0.8697344173926294,4
doge,133,-0.19031048395120387,-7.139887819359651,-5.0,0.2610091122611918,-19.07042829281507,0.22169496633889493,0.25,0.2610091122611918,0.5921406701909671,12
shib,133,0.0,0.0,0.0,0.0,0.0,0.0,0.0,0.0,0.0,0
pepe,133,0.0,0.0,0.0,0.0,0.0,0.0,0.0,0.0,0.0,0
bonk,134,-0.06666663028687769,-1.2470642258528843,-1.4493768018109696,0.7417583473864051,-8.134610824263671,0.13333332120673713,0.5,0.7417583473864051,0.8697344173926294,4
doge,134,-0.19031048395120387,-7.139887819359651,-5.0,0.2610091122611918,-19.07042829281507,0.22169496633889493,0.25,0.2610091122611918,0.5921406701909671,12
shib,134,0.0,0.0,0.0,0.0,0.0,0.0,0.0,0.0,0.0,0
pepe,134,0.0,0.0,0.0,0.0,0.0,0.0,0.0,0.0,0.0,0
bonk,135,-0.06666663028687769,-1.2470642258528843,-1.4493768018109696,0.7417583473864051,-8.134610824263671,0.13333332120673713,0.5,0.7417583473864051,0.8697344173926294,4
doge,135,-0.19031048395120387,-7.139887819359651,-5.0,0.2610091122611918,-19.07042829281507,0.22169496633889493,0.25,0.2610091122611918,0.5921406701909671,12
shib,135,0.0,0.0,0.0,0.0,0.0,0.0,0.0,0.0,0.0,0
pepe,135,0.0,0.0,0.0,0.0,0.0,0.0,0.0,0.0,0.0,0
bonk,136,-0.13333332120673713,-3.502021146049836,-3.6080252639762556,0.3571427349488171,-20.25000077956671,0.13333332120673713,0.3333333333333333,0.3571427349488171,0.7709833110014644,3
doge,136,-0.19031048395120387,-7.139887819359651,-5.0,0.2610091122611918,-19.07042829281507,0.22169496633889493,0.25,0.2610091122611918,0.5921406701909671,12
shib,136,0.0,0.0,0.0,0.0,0.0,0.0,0.0,0.0,0.0,0
pepe,136,0.0,0.0,0.0,0.0,0.0,0.0,0.0,0.0,0.0,0
bonk,137,-0.13333332120673713,-3.502021146049836,-3.6080252639762556,0.3571427349488171,-20.25000077956671,0.13333332120673713,0.3333333333333333,0.3571427349488171,0.7709833110014644,3
doge,137,-0.19031048395120387,-7.139887819359651,-5.0,0.2610091122611918,-19.07042829281507,0.22169496633889493,0.25,0.2610091122611918,0.5921406701909671,12
shib,137,0.0,0.0,0.0,0.0,0.0,0.0,0.0,0.0,0.0,0
pepe,137,0.0,0.0,0.0,0.0,0.0,0.0,0.0,0.0,0.0,0
bonk,138,0.0,0.21385384385587997,0.0,1.0714285296660613,1.499999122987286,0.0666666302868778,0.5,1.0714285296660613,0.4676085552627528,2
doge,138,-0.19031048395120387,-7.139887819359651,-5.0,0.2610091122611918,-19.07042829281507,0.22169496633889493,0.25,0.2610091122611918,0.5921406701909671,12
shib,138,0.0,0.0,0.0,0.0,0.0,0.0,0.0,0.0,0.0,0
pepe,138,0.0,0.0,0.0,0.0,0.0,0.0,0.0,0.0,0.0,0
bonk,139,-0.0666666302868778,-4.58257569495584,0.0,0.0,-21.0,0.0666666302868778,0.0,0.0,0.3055048796172531,1
doge,139,-0.19031048395120387,-7.139887819359651,-5.0,0.2610091122611918,-19.07042829281507,0.22169496633889493,0.25,0.2610091122611918,0.5921406701909671,12
shib,139,0.0,0.0,0.0,0.0,0.0,0.0,0.0,0.0,0.0,0
pepe,139,0.0,0.0,0.0,0.0,0.0,0.0,0.0,0.0,0.0,0
bonk,140,-0.0666666302868778,-4.58257569495584,0.0,0.0,-21.0,0.0666666302868778,0.0,0.0,0.3055048796172531,1
doge,140,-0.19031048395120387,-7.139887819359651,-5.0,0.2610091122611918,-19.07042829281507,0.22169496633889493,0.25,0.2610091122611918,0.5921406701909671,12
shib,140,0.0,0.0,0.0,0.0,0.0,0.0,0.0,0.0,0.0,0
pepe,140,0.0,0.0,0.0,0.0,0.0,0.0,0.0,0.0,0.0,0
bonk,141,0.0,0.0,0.0,0.0,0.0,0.0,0.0,0.0,0.0,0
doge,141,-0.19031048395120387,-7.139887819359651,-5.0,0.2610091122611918,-19.07042829281507,0.22169496633889493,0.25,0.2610091122611918,0.5921406701909671,12
shib,141,0.0,0.0,0.0,0.0,0.0,0.0,0.0,0.0,0.0,0
pepe,141,0.0,0.0,0.0,0.0,0.0,0.0,0.0,0.0,0.0,0
bonk,142,0.0,0.0,0.0,0.0,0.0,0.0,0.0,0.0,0.0,0
doge,142,-0.19031048395120387,-7.139887819359651,-5.0,0.2610091122611918,-19.07042829281507,0.22169496633889493,0.25,0.2610091122611918,0.5921406701909671,12
shib,142,0.0,0.0,0.0,0.0,0.0,0.0,0.0,0.0,0.0,0
pepe,142,0.0,0.0,0.0,0.0,0.0,0.0,0.0,0.0,0.0,0
bonk,143,0.0,0.0,0.0,0.0,0.0,0.0,0.0,0.0,0.0,0
doge,143,-0.19031048395120387,-7.139887819359651,-5.0,0.2610091122611918,-19.07042829281507,0.22169496633889493,0.25,0.2610091122611918,0.5921406701909671,12
shib,143,0.0,0.0,0.0,0.0,0.0,0.0,0.0,0.0,0.0,0
pepe,143,0.0,0.0,0.0,0.0,0.0,0.0,0.0,0.0,0.0,0
bonk,144,0.0,0.0,0.0,0.0,0.0,0.0,0.0,0.0,0.0,0
doge,144,-0.19031048395120387,-7.139887819359651,-5.0,0.2610091122611918,-19.07042829281507,0.22169496633889493,0.25,0.2610091122611918,0.5921406701909671,12
shib,144,0.0,0.0,0.0,0.0,0.0,0.0,0.0,0.0,0.0,0
pepe,144,0.0,0.0,0.0,0.0,0.0,0.0,0.0,0.0,0.0,0
bonk,145,0.0,0.0,0.0,0.0,0.0,0.0,0.0,0.0,0.0,0
doge,145,-0.19031048395120387,-7.139887819359651,-5.0,0.2610091122611918,-19.07042829281507,0.22169496633889493,0.25,0.2610091122611918,0.5921406701909671,12
shib,145,0.0,0.0,0.0,0.0,0.0,0.0,0.0,0.0,0.0,0
pepe,145,0.0,0.0,0.0,0.0,0.0,0.0,0.0,0.0,0.0,0
bonk,146,0.0,0.0,0.0,0.0,0.0,0.0,0.0,0.0,0.0,0
doge,146,-0.19031048395120387,-7.139887819359651,-5.0,0.2610091122611918,-19.07042829281507,0.22169496633889493,0.25,0.2610091122611918,0.5921406701909671,12
shib,146,0.0,0.0,0.0,0.0,0.0,0.0,0.0,0.0,0.0,0
pepe,146,0.0,0.0,0.0,0.0,0.0,0.0,0.0,0.0,0.0,0
bonk,147,0.0,0.0,0.0,0.0,0.0,0.0,0.0,0.0,0.0,0
doge,147,-0.19031048395120387,-7.139887819359651,-5.0,0.2610091122611918,-19.07042829281507,0.22169496633889493,0.25,0.2610091122611918,0.5921406701909671,12
shib,147,0.0,0.0,0.0,0.0,0.0,0.0,0.0,0.0,0.0,0
pepe,147,0.0,0.0,0.0,0.0,0.0,0.0,0.0,0.0,0.0,0
bonk,148,0.0,0.0,0.0,0.0,0.0,0.0,0.0,0.0,0.0,0
doge,148,-0.19031048395120387,-7.139887819359651,-5.0,0.2610091122611918,-19.07042829281507,0.22169496633889493,0.25,0.2610091122611918,0.5921406701909671,12
shib,148,0.0,0.0,0.0,0.0,0.0,0.0,0.0,0.0,0.0,0
pepe,148,0.0,0.0,0.0,0.0,0.0,0.0,0.0,0.0,0.0,0
bonk,149,0.0,0.0,0.0,0.0,0.0,0.0,0.0,0.0,0.0,0
doge,149,-0.19031048395120387,-7.139887819359651,-5.0,0.2610091122611918,-19.07042829281507,0.22169496633889493,0.25,0.2610091122611918,0.5921406701909671,12
shib,149,0.0,0.0,0.0,0.0,0.0,0.0,0.0,0.0,0.0,0
pepe,149,0.0,0.0,0.0,0.0,0.0,0.0,0.0,0.0,0.0,0
bonk,150,0.0,0.0,0.0,0.0,0.0,0.0,0.0,0.0,0.0,0
doge,150,-0.19031048395120387,-7.139887819359651,-5.0,0.2610091122611918,-19.07042829281507,0.22169496633889493,0.25,0.2610091122611918,0.5921406701909671,12
shib,150,0.0,0.0,0.0,0.0,0.0,0.0,0.0,0.0,0.0,0
pepe,150,0.0,0.0,0.0,0.0,0.0,0.0,0.0,0.0,0.0,0
