asset,willr_length,total_return,sharpe_ratio,sortino_ratio,omega_ratio,calmar_ratio,max_drawdown,win_rate,profit_factor,volatility,num_trades
bonk,5,-0.1428571242960266,-4.582575694955839,0.0,0.0,-21.0,0.1428571242960266,0.0,0.0,0.654653585650257,1
doge,5,-0.019934443271299895,-1.2794944910286594,-1.6926068228687434,0.7174219547816,-6.594880071948716,0.05792289389868931,0.25,0.7174219547816,0.2985511398137858,4
shib,5,-0.18293452266576538,-6.8457243750279835,-4.665951361434149,0.0,-22.07207071729439,0.18293452266576538,0.0,0.0,0.5898197911154963,3
pepe,5,-0.3325119956783782,-8.565586267970968,-5.0,0.0,-23.821600502098157,0.3325119956783782,0.0,0.0,0.9247432312747049,3
bonk,6,-0.1428571242960266,-4.582575694955839,0.0,0.0,-21.0,0.1428571242960266,0.0,0.0,0.654653585650257,1
doge,6,-0.019934443271299895,-1.2794944910286594,-1.6926068228687434,0.7174219547816,-6.594880071948716,0.05792289389868931,0.25,0.7174219547816,0.2985511398137858,4
shib,6,-0.18293452266576538,-6.8457243750279835,-4.665951361434149,0.0,-22.07207071729439,0.18293452266576538,0.0,0.0,0.5898197911154963,3
pepe,6,-0.3325119956783782,-8.565586267970968,-5.0,0.0,-23.821600502098157,0.3325119956783782,0.0,0.0,0.9247432312747049,3
bonk,7,0.0,0.0,0.0,0.0,0.0,0.0,0.0,0.0,0.0,0
doge,7,-0.019934443271299895,-1.2794944910286594,-1.6926068228687434,0.7174219547816,-6.594880071948716,0.05792289389868931,0.25,0.7174219547816,0.2985511398137858,4
shib,7,-0.09214952467430937,-4.657188595757914,-1.9278424945219164,0.0,-21.028267630520382,0.09214952467430937,0.0,0.0,0.41607609978295695,2
pepe,7,-0.3325119956783782,-8.565586267970968,-5.0,0.0,-23.821600502098157,0.3325119956783782,0.0,0.0,0.9247432312747049,3
bonk,8,0.0,0.0,0.0,0.0,0.0,0.0,0.0,0.0,0.0,0
doge,8,-0.019934443271299895,-1.2794944910286594,-1.6926068228687434,0.7174219547816,-6.594880071948716,0.05792289389868931,0.25,0.7174219547816,0.2985511398137858,4
shib,8,-0.09214952467430937,-4.657188595757914,-1.9278424945219164,0.0,-21.028267630520382,0.09214952467430937,0.0,0.0,0.41607609978295695,2
pepe,8,-0.3325119956783782,-8.565586267970968,-5.0,0.0,-23.821600502098157,0.3325119956783782,0.0,0.0,0.9247432312747049,3
bonk,9,0.0,0.0,0.0,0.0,0.0,0.0,0.0,0.0,0.0,0
doge,9,-0.019934443271299895,-1.2794944910286594,-1.6926068228687434,0.7174219547816,-6.594880071948716,0.05792289389868931,0.25,0.7174219547816,0.2985511398137858,4
shib,9,-0.09090912097503123,-4.58257569495584,0.0,0.0,-21.0,0.09090912097503123,0.0,0.0,0.4165979282299783,1
pepe,9,-0.3325119956783782,-8.565586267970968,-5.0,0.0,-23.821600502098157,0.3325119956783782,0.0,0.0,0.9247432312747049,3
bonk,10,0.0,0.0,0.0,0.0,0.0,0.0,0.0,0.0,0.0,0
doge,10,-0.019934443271299895,-1.2794944910286594,-1.6926068228687434,0.7174219547816,-6.594880071948716,0.05792289389868931,0.25,0.7174219547816,0.2985511398137858,4
shib,10,-0.09090912097503123,-4.58257569495584,0.0,0.0,-21.0,0.09090912097503123,0.0,0.0,0.4165979282299783,1
pepe,10,-0.3325119956783782,-8.565586267970968,-5.0,0.0,-23.821600502098157,0.3325119956783782,0.0,0.0,0.9247432312747049,3
bonk,11,-0.0666666302868778,-4.58257569495584,0.0,0.0,-21.0,0.0666666302868778,0.0,0.0,0.3055048796172531,1
doge,11,-0.019934443271299895,-1.2794944910286594,-1.6926068228687434,0.7174219547816,-6.594880071948716,0.05792289389868931,0.25,0.7174219547816,0.2985511398137858,4
shib,11,-0.09090912097503123,-4.58257569495584,0.0,0.0,-21.0,0.09090912097503123,0.0,0.0,0.4165979282299783,1
pepe,11,-0.3325119956783782,-8.565586267970968,-5.0,0.0,-23.821600502098157,0.3325119956783782,0.0,0.0,0.9247432312747049,3
bonk,12,-0.0666666302868778,-4.58257569495584,0.0,0.0,-21.0,0.0666666302868778,0.0,0.0,0.3055048796172531,1
doge,12,-0.026849044054821025,-1.7702524913193407,-2.444816402417994,0.6465587873822178,-8.210607698696998,0.0645694769270006,0.2,0.6465587873822178,0.2994796770276276,5
shib,12,-0.09090912097503123,-4.58257569495584,0.0,0.0,-21.0,0.09090912097503123,0.0,0.0,0.4165979282299783,1
pepe,12,-0.3325119956783782,-8.565586267970968,-5.0,0.0,-23.821600502098157,0.3325119956783782,0.0,0.0,0.9247432312747049,3
bonk,13,-0.13333332120673713,-4.582575694955839,0.0,0.0,-21.0,0.13333332120673713,0.0,0.0,0.6110100370897338,1
doge,13,-0.06980733700274222,-8.345527066010705,-5.0,0.0,-23.23047625907763,0.0645694769270006,0.0,0.0,0.17973456786483857,4
shib,13,-0.09090912097503123,-4.58257569495584,0.0,0.0,-21.0,0.09090912097503123,0.0,0.0,0.4165979282299783,1
pepe,13,-0.3325119956783782,-8.565586267970968,-5.0,0.0,-23.821600502098157,0.3325119956783782,0.0,0.0,0.9247432312747049,3
bonk,14,-0.13333332120673713,-4.582575694955839,0.0,0.0,-21.0,0.13333332120673713,0.0,0.0,0.6110100370897338,1
doge,14,-0.06980733700274222,-8.345527066010705,-5.0,0.0,-23.23047625907763,0.0645694769270006,0.0,0.0,0.17973456786483857,4
shib,14,-0.09090912097503123,-4.58257569495584,0.0,0.0,-21.0,0.09090912097503123,0.0,0.0,0.4165979282299783,1
pepe,14,-0.3325119956783782,-8.565586267970968,-5.0,0.0,-23.821600502098157,0.3325119956783782,0.0,0.0,0.9247432312747049,3
bonk,15,0.0,0.0,0.0,0.0,0.0,0.0,0.0,0.0,0.0,0
doge,15,-0.06319797092536994,-7.442279197229561,-5.0,0.0,-23.33826064530825,0.05792289389868927,0.0,0.0,0.18164053770535366,3
shib,15,-0.09090912097503123,-4.58257569495584,0.0,0.0,-21.0,0.09090912097503123,0.0,0.0,0.4165979282299783,1
pepe,15,-0.22126401182135202,-6.609072218884767,-5.0,0.0,-22.240256210134746,0.22126401182135202,0.0,0.0,0.7445777788488942,2
bonk,16,0.0,0.0,0.0,0.0,0.0,0.0,0.0,0.0,0.0,0
doge,16,-0.019934443271299895,-1.2794944910286594,-1.6926068228687434,0.7174219547816,-6.594880071948716,0.05792289389868931,0.25,0.7174219547816,0.2985511398137858,4
shib,16,0.0,0.2951897520716116,0.0,1.1000000363797895,2.10000076397558,0.09090912097503127,0.5,1.1000000363797895,0.6467339132206747,2
pepe,16,-0.22126401182135202,-6.609072218884767,-5.0,0.0,-22.240256210134746,0.22126401182135202,0.0,0.0,0.7445777788488942,2
bonk,17,0.0,0.0,0.0,0.0,0.0,0.0,0.0,0.0,0.0,0
doge,17,-0.019934443271299895,-1.2794944910286594,-1.6926068228687434,0.7174219547816,-6.594880071948716,0.05792289389868931,0.25,0.7174219547816,0.2985511398137858,4
shib,17,0.0,0.2951897520716116,0.0,1.1000000363797895,2.10000076397558,0.09090912097503127,0.5,1.1000000363797895,0.6467339132206747,2
pepe,17,-0.22126401182135202,-6.609072218884767,-5.0,0.0,-22.240256210134746,0.22126401182135202,0.0,0.0,0.7445777788488942,2
bonk,18,-0.0666666302868778,-4.58257569495584,0.0,0.0,-21.0,0.0666666302868778,0.0,0.0,0.3055048796172531,1
doge,18,-0.019934443271299895,-1.2794944910286594,-1.6926068228687434,0.7174219547816,-6.594880071948716,0.05792289389868931,0.25,0.7174219547816,0.2985511398137858,4
shib,18,0.0,0.2951897520716116,0.0,1.1000000363797895,2.10000076397558,0.09090912097503127,0.5,1.1000000363797895,0.6467339132206747,2
pepe,18,-0.22126401182135202,-6.609072218884767,-5.0,0.0,-22.240256210134746,0.22126401182135202,0.0,0.0,0.7445777788488942,2
bonk,19,0.0,0.21385384385587997,0.0,1.0714285296660613,1.499999122987286,0.0666666302868778,0.5,1.0714285296660613,0.4676085552627528,2
doge,19,-0.026849044054821025,-1.7702524913193407,-2.444816402417994,0.6465587873822178,-8.210607698696998,0.0645694769270006,0.2,0.6465587873822178,0.2994796770276276,5
shib,19,-0.09090912097503123,-4.58257569495584,0.0,0.0,-21.0,0.09090912097503123,0.0,0.0,0.4165979282299783,1
pepe,19,-0.09147470013202819,-4.58257569495584,0.0,0.0,-21.0,0.09147470013202819,0.0,0.0,0.41918973752840616,1
bonk,20,-0.13333332120673713,-3.502021146049836,-3.6080252639762556,0.3571427349488171,-20.25000077956671,0.13333332120673713,0.3333333333333333,0.3571427349488171,0.7709833110014644,3
doge,20,-0.0758125549094888,-4.2713987622616765,-5.0,0.3793443676831711,-14.213782623253191,0.11163510666353713,0.16666666666666666,0.3793443676831711,0.3714841969938259,6
shib,20,-0.09090912097503123,-4.58257569495584,0.0,0.0,-21.0,0.09090912097503123,0.0,0.0,0.4165979282299783,1
pepe,20,-0.22126401182135202,-6.609072218884766,-5.0,0.0,-22.240256210134746,0.22126401182135202,0.0,0.0,0.7445777788488943,2
bonk,21,-0.13333332120673713,-3.502021146049836,-3.6080252639762556,0.3571427349488171,-20.25000077956671,0.13333332120673713,0.3333333333333333,0.3571427349488171,0.7709833110014644,3
doge,21,-0.0758125549094888,-4.2713987622616765,-5.0,0.3793443676831711,-14.213782623253191,0.11163510666353713,0.16666666666666666,0.3793443676831711,0.3714841969938259,6
shib,21,-0.09090912097503123,-4.58257569495584,0.0,0.0,-21.0,0.09090912097503123,0.0,0.0,0.4165979282299783,1
pepe,21,-0.1428571242960267,-4.582575694955839,0.0,0.0,-21.0,0.1428571242960267,0.0,0.0,0.6546535856502576,1
bonk,22,-0.19111106826380386,-6.3847239616619005,-5.0,0.0,-21.976743783192944,0.19111106826380386,0.0,0.0,0.6578199788409775,2
doge,22,-0.07160886466951533,-3.989104191469826,-5.0,0.4167063728870152,-13.358146433577556,0.11163510666353713,0.2857142857142857,0.4167063728870152,0.37382781455756275,7
shib,22,-0.09090912097503123,-4.58257569495584,0.0,0.0,-21.0,0.09090912097503123,0.0,0.0,0.4165979282299783,1
pepe,22,-0.1428571242960267,-4.582575694955839,0.0,0.0,-21.0,0.1428571242960267,0.0,0.0,0.6546535856502576,1
bonk,23,-0.19111106826380386,-6.3847239616619005,-5.0,0.0,-21.976743783192944,0.19111106826380386,0.0,0.0,0.6578199788409775,2
doge,23,-0.07511856338273415,-4.212410158307417,-5.0,0.4041562582110563,-14.069290113212901,0.11163510666353713,0.25,0.4041562582110563,0.3728570209079217,8
shib,23,-0.09090912097503123,-4.58257569495584,0.0,0.0,-21.0,0.09090912097503123,0.0,0.0,0.4165979282299783,1
pepe,23,-0.1428571242960267,-4.582575694955839,0.0,0.0,-21.0,0.1428571242960267,0.0,0.0,0.6546535856502576,1
bonk,24,-0.3066666149265218,-8.301633584127813,-5.0,0.0,-23.478260238101278,0.3066666149265218,0.0,0.0,0.8672990103235109,3
doge,24,-0.13097062102778767,-5.055276630973724,-4.606200616788337,0.2582698364725472,-16.915710567877117,0.1646551836880949,0.14285714285714285,0.2582698364725472,0.5509608344087732,7
shib,24,-0.18181815926872658,-6.787829488257438,-5.0,0.0,-22.04999990450284,0.18181815926872658,0.0,0.0,0.5906292138669369,2
pepe,24,-0.26530609062992294,-6.797058187186572,0.0,0.0,-22.615384389356354,0.26530609062992294,0.0,0.0,0.8827347148129435,2
bonk,25,-0.3066666149265218,-8.301633584127813,-5.0,0.0,-23.478260238101278,0.3066666149265218,0.0,0.0,0.8672990103235109,3
doge,25,-0.12767286720511006,-4.898616449697636,-4.247411201627479,0.2638480130977339,-16.756148033399565,0.16148525453736293,0.16666666666666666,0.2638480130977339,0.5523745037042613,6
shib,25,-0.18181815926872658,-6.787829488257438,-5.0,0.0,-22.04999990450284,0.18181815926872658,0.0,0.0,0.5906292138669369,2
pepe,25,-0.26530609062992294,-6.797058187186572,0.0,0.0,-22.615384389356354,0.26530609062992294,0.0,0.0,0.8827347148129435,2
bonk,26,-0.3066666149265218,-8.301633584127813,-5.0,0.0,-23.478260238101278,0.3066666149265218,0.0,0.0,0.8672990103235109,3
doge,26,-0.026849044054821025,-1.7702524913193407,-2.444816402417994,0.6465587873822178,-8.210607698696998,0.0645694769270006,0.2,0.6465587873822178,0.2994796770276276,5
shib,26,-0.18181815926872658,-6.787829488257438,-5.0,0.0,-22.04999990450284,0.18181815926872658,0.0,0.0,0.5906292138669369,2
pepe,26,-0.26530609062992294,-6.797058187186572,0.0,0.0,-22.615384389356354,0.26530609062992294,0.0,0.0,0.8827347148129435,2
bonk,27,-0.19111106826380386,-6.3847239616619005,-5.0,0.0,-21.976743783192944,0.19111106826380386,0.0,0.0,0.6578199788409775,2
doge,27,-0.026849044054821025,-1.7702524913193407,-2.444816402417994,0.6465587873822178,-8.210607698696998,0.0645694769270006,0.2,0.6465587873822178,0.2994796770276276,5
shib,27,-0.09090912097503123,-4.58257569495584,0.0,0.0,-21.0,0.09090912097503123,0.0,0.0,0.4165979282299783,1
pepe,27,-0.26530609062992294,-6.797058187186572,0.0,0.0,-22.615384389356354,0.26530609062992294,0.0,0.0,0.8827347148129435,2
bonk,28,-0.19111106826380386,-6.3847239616619005,-5.0,0.0,-21.976743783192944,0.19111106826380386,0.0,0.0,0.6578199788409775,2
doge,28,-0.026849044054821025,-1.7702524913193407,-2.444816402417994,0.6465587873822178,-8.210607698696998,0.0645694769270006,0.2,0.6465587873822178,0.2994796770276276,5
shib,28,-0.09090912097503123,-4.58257569495584,0.0,0.0,-21.0,0.09090912097503123,0.0,0.0,0.4165979282299783,1
pepe,28,-0.26530609062992294,-6.797058187186572,0.0,0.0,-22.615384389356354,0.26530609062992294,0.0,0.0,0.8827347148129435,2
bonk,29,-0.19111106826380386,-6.3847239616619005,-5.0,0.0,-21.976743783192944,0.19111106826380386,0.0,0.0,0.6578199788409775,2
doge,29,-0.026849044054821025,-1.7702524913193407,-2.444816402417994,0.6465587873822178,-8.210607698696998,0.0645694769270006,0.2,0.6465587873822178,0.2994796770276276,5
shib,29,-0.09090912097503123,-4.58257569495584,0.0,0.0,-21.0,0.09090912097503123,0.0,0.0,0.4165979282299783,1
pepe,29,-0.26530609062992294,-6.797058187186572,0.0,0.0,-22.615384389356354,0.26530609062992294,0.0,0.0,0.8827347148129435,2
bonk,30,-0.19111106826380386,-6.3847239616619005,-5.0,0.0,-21.976743783192944,0.19111106826380386,0.0,0.0,0.6578199788409775,2
doge,30,-0.026849044054821025,-1.7702524913193407,-2.444816402417994,0.6465587873822178,-8.210607698696998,0.0645694769270006,0.2,0.6465587873822178,0.2994796770276276,5
shib,30,-0.09090912097503123,-4.58257569495584,0.0,0.0,-21.0,0.09090912097503123,0.0,0.0,0.4165979282299783,1
pepe,30,-0.26530609062992294,-6.797058187186572,0.0,0.0,-22.615384389356354,0.26530609062992294,0.0,0.0,0.8827347148129435,2
bonk,31,-0.19111106826380386,-6.3847239616619005,-5.0,0.0,-21.976743783192944,0.19111106826380386,0.0,0.0,0.6578199788409775,2
doge,31,-0.026849044054821025,-1.7702524913193407,-2.444816402417994,0.6465587873822178,-8.210607698696998,0.0645694769270006,0.2,0.6465587873822178,0.2994796770276276,5
shib,31,-0.09090912097503123,-4.58257569495584,0.0,0.0,-21.0,0.09090912097503123,0.0,0.0,0.4165979282299783,1
pepe,31,-0.26530609062992294,-6.797058187186572,0.0,0.0,-22.615384389356354,0.26530609062992294,0.0,0.0,0.8827347148129435,2
bonk,32,-0.19111106826380386,-6.3847239616619005,-5.0,0.0,-21.976743783192944,0.19111106826380386,0.0,0.0,0.6578199788409775,2
doge,32,-0.026849044054821025,-1.7702524913193407,-2.444816402417994,0.6465587873822178,-8.210607698696998,0.0645694769270006,0.2,0.6465587873822178,0.2994796770276276,5
shib,32,-0.09090912097503123,-4.58257569495584,0.0,0.0,-21.0,0.09090912097503123,0.0,0.0,0.4165979282299783,1
pepe,32,-0.26530609062992294,-6.797058187186572,0.0,0.0,-22.615384389356354,0.26530609062992294,0.0,0.0,0.8827347148129435,2
bonk,33,-0.19111106826380386,-6.3847239616619005,-5.0,0.0,-21.976743783192944,0.19111106826380386,0.0,0.0,0.6578199788409775,2
doge,33,-0.026849044054821025,-1.7702524913193407,-2.444816402417994,0.6465587873822178,-8.210607698696998,0.0645694769270006,0.2,0.6465587873822178,0.2994796770276276,5
shib,33,-0.09090912097503123,-4.58257569495584,0.0,0.0,-21.0,0.09090912097503123,0.0,0.0,0.4165979282299783,1
pepe,33,-0.26530609062992294,-6.797058187186572,0.0,0.0,-22.615384389356354,0.26530609062992294,0.0,0.0,0.8827347148129435,2
bonk,34,-0.19111106826380386,-6.3847239616619005,-5.0,0.0,-21.976743783192944,0.19111106826380386,0.0,0.0,0.6578199788409775,2
doge,34,-0.026849044054821025,-1.7702524913193407,-2.444816402417994,0.6465587873822178,-8.210607698696998,0.0645694769270006,0.2,0.6465587873822178,0.2994796770276276,5
shib,34,-0.09090912097503123,-4.58257569495584,0.0,0.0,-21.0,0.09090912097503123,0.0,0.0,0.4165979282299783,1
pepe,34,-0.26530609062992294,-6.797058187186572,0.0,0.0,-22.615384389356354,0.26530609062992294,0.0,0.0,0.8827347148129435,2
bonk,35,-0.19111106826380386,-6.3847239616619005,-5.0,0.0,-21.976743783192944,0.19111106826380386,0.0,0.0,0.6578199788409775,2
doge,35,-0.026849044054821025,-1.7702524913193407,-2.444816402417994,0.6465587873822178,-8.210607698696998,0.0645694769270006,0.2,0.6465587873822178,0.2994796770276276,5
shib,35,-0.09090912097503123,-4.58257569495584,0.0,0.0,-21.0,0.09090912097503123,0.0,0.0,0.4165979282299783,1
pepe,35,-0.26530609062992294,-6.797058187186572,0.0,0.0,-22.615384389356354,0.26530609062992294,0.0,0.0,0.8827347148129435,2
bonk,36,-0.19111106826380386,-6.3847239616619005,-5.0,0.0,-21.976743783192944,0.19111106826380386,0.0,0.0,0.6578199788409775,2
doge,36,-0.021369288362714234,-1.3794472699987592,-1.9385472236783596,0.7015557159552409,-6.389505233872517,0.06456947692700049,0.25,0.7015557159552409,0.2990813927768703,4
shib,36,-0.09090912097503123,-4.58257569495584,0.0,0.0,-21.0,0.09090912097503123,0.0,0.0,0.4165979282299783,1
pepe,36,-0.26530609062992294,-6.797058187186572,0.0,0.0,-22.615384389356354,0.26530609062992294,0.0,0.0,0.8827347148129435,2
bonk,37,-0.19111106826380386,-6.3847239616619005,-5.0,0.0,-21.976743783192944,0.19111106826380386,0.0,0.0,0.6578199788409775,2
doge,37,-0.06456947692700044,-7.603660040883916,-5.0,0.0,-21.409373794253195,0.06456947692700044,0.0,0.0,0.18180613806990484,3
shib,37,-0.09090912097503123,-4.58257569495584,0.0,0.0,-21.0,0.09090912097503123,0.0,0.0,0.4165979282299783,1
pepe,37,-0.26530609062992294,-6.797058187186572,0.0,0.0,-22.615384389356354,0.26530609062992294,0.0,0.0,0.8827347148129435,2
bonk,38,-0.13333332120673713,-4.582575694955839,0.0,0.0,-21.0,0.13333332120673713,0.0,0.0,0.6110100370897338,1
doge,38,-0.06456947692700044,-7.603660040883916,-5.0,0.0,-21.409373794253195,0.06456947692700044,0.0,0.0,0.18180613806990484,3
shib,38,-0.09090912097503123,-4.58257569495584,0.0,0.0,-21.0,0.09090912097503123,0.0,0.0,0.4165979282299783,1
pepe,38,-0.26530609062992294,-6.797058187186572,0.0,0.0,-22.615384389356354,0.26530609062992294,0.0,0.0,0.8827347148129435,2
bonk,39,-0.13333332120673713,-4.582575694955839,0.0,0.0,-21.0,0.13333332120673713,0.0,0.0,0.6110100370897338,1
doge,39,-0.06456947692700044,-7.603660040883916,-5.0,0.0,-21.409373794253195,0.06456947692700044,0.0,0.0,0.18180613806990484,3
shib,39,-0.09090912097503123,-4.58257569495584,0.0,0.0,-21.0,0.09090912097503123,0.0,0.0,0.4165979282299783,1
pepe,39,-0.1428571242960267,-4.58257569495584,0.0,0.0,-21.0,0.1428571242960267,0.0,0.0,0.6546535856502574,1
bonk,40,0.0,0.0,0.0,0.0,0.0,0.0,0.0,0.0,0.0,0
doge,40,-0.025711114395592594,-4.58257569495584,0.0,0.0,-21.0,0.025711114395592594,0.0,0.0,0.11782312791947185,1
shib,40,-0.09090912097503123,-4.58257569495584,0.0,0.0,-21.0,0.09090912097503123,0.0,0.0,0.4165979282299783,1
pepe,40,-0.1428571242960267,-4.58257569495584,0.0,0.0,-21.0,0.1428571242960267,0.0,0.0,0.6546535856502574,1
bonk,41,0.0,0.0,0.0,0.0,0.0,0.0,0.0,0.0,0.0,0
doge,41,-0.025711114395592594,-4.58257569495584,0.0,0.0,-21.0,0.025711114395592594,0.0,0.0,0.11782312791947185,1
shib,41,-0.09090912097503123,-4.58257569495584,0.0,0.0,-21.0,0.09090912097503123,0.0,0.0,0.4165979282299783,1
pepe,41,-0.1428571242960267,-4.58257569495584,0.0,0.0,-21.0,0.1428571242960267,0.0,0.0,0.6546535856502574,1
bonk,42,0.0,0.0,0.0,0.0,0.0,0.0,0.0,0.0,0.0,0
doge,42,-0.025711114395592594,-4.58257569495584,0.0,0.0,-21.0,0.025711114395592594,0.0,0.0,0.11782312791947185,1
shib,42,-0.09090912097503123,-4.58257569495584,0.0,0.0,-21.0,0.09090912097503123,0.0,0.0,0.4165979282299783,1
pepe,42,-0.1428571242960267,-4.58257569495584,0.0,0.0,-21.0,0.1428571242960267,0.0,0.0,0.6546535856502574,1
bonk,43,0.0,0.0,0.0,0.0,0.0,0.0,0.0,0.0,0.0,0
doge,43,-0.025711114395592594,-4.58257569495584,0.0,0.0,-21.0,0.025711114395592594,0.0,0.0,0.11782312791947185,1
shib,43,-0.09090912097503123,-4.58257569495584,0.0,0.0,-21.0,0.09090912097503123,0.0,0.0,0.4165979282299783,1
pepe,43,0.0,0.0,0.0,0.0,0.0,0.0,0.0,0.0,0.0,0
bonk,44,0.0,0.0,0.0,0.0,0.0,0.0,0.0,0.0,0.0,0
doge,44,0.0,0.0,0.0,0.0,0.0,0.0,0.0,0.0,0.0,0
shib,44,-0.09090912097503123,-4.58257569495584,0.0,0.0,-21.0,0.09090912097503123,0.0,0.0,0.4165979282299783,1
pepe,44,0.0,0.0,0.0,0.0,0.0,0.0,0.0,0.0,0.0,0
bonk,45,0.0,0.0,0.0,0.0,0.0,0.0,0.0,0.0,0.0,0
doge,45,0.0,0.0,0.0,0.0,0.0,0.0,0.0,0.0,0.0,0
shib,45,-0.09090912097503123,-4.58257569495584,0.0,0.0,-21.0,0.09090912097503123,0.0,0.0,0.4165979282299783,1
pepe,45,0.0,0.0,0.0,0.0,0.0,0.0,0.0,0.0,0.0,0
bonk,46,0.0,0.0,0.0,0.0,0.0,0.0,0.0,0.0,0.0,0
doge,46,0.0,0.0,0.0,0.0,0.0,0.0,0.0,0.0,0.0,0
shib,46,-0.09090912097503123,-4.58257569495584,0.0,0.0,-21.0,0.09090912097503123,0.0,0.0,0.4165979282299783,1
pepe,46,0.0,0.0,0.0,0.0,0.0,0.0,0.0,0.0,0.0,0
bonk,47,0.0,0.0,0.0,0.0,0.0,0.0,0.0,0.0,0.0,0
doge,47,0.0,0.0,0.0,0.0,0.0,0.0,0.0,0.0,0.0,0
shib,47,-0.09090912097503123,-4.58257569495584,0.0,0.0,-21.0,0.09090912097503123,0.0,0.0,0.4165979282299783,1
pepe,47,0.0,0.0,0.0,0.0,0.0,0.0,0.0,0.0,0.0,0
bonk,48,0.0,0.0,0.0,0.0,0.0,0.0,0.0,0.0,0.0,0
doge,48,0.0,0.0,0.0,0.0,0.0,0.0,0.0,0.0,0.0,0
shib,48,-0.09090912097503123,-4.58257569495584,0.0,0.0,-21.0,0.09090912097503123,0.0,0.0,0.4165979282299783,1
pepe,48,0.0,0.0,0.0,0.0,0.0,0.0,0.0,0.0,0.0,0
bonk,49,0.0,0.0,0.0,0.0,0.0,0.0,0.0,0.0,0.0,0
doge,49,0.0,0.0,0.0,0.0,0.0,0.0,0.0,0.0,0.0,0
shib,49,-0.09090912097503123,-4.58257569495584,0.0,0.0,-21.0,0.09090912097503123,0.0,0.0,0.4165979282299783,1
pepe,49,0.0,0.0,0.0,0.0,0.0,0.0,0.0,0.0,0.0,0
bonk,50,0.0,0.0,0.0,0.0,0.0,0.0,0.0,0.0,0.0,0
doge,50,0.0,0.0,0.0,0.0,0.0,0.0,0.0,0.0,0.0,0
shib,50,-0.09090912097503123,-4.58257569495584,0.0,0.0,-21.0,0.09090912097503123,0.0,0.0,0.4165979282299783,1
pepe,50,0.0,0.0,0.0,0.0,0.0,0.0,0.0,0.0,0.0,0
bonk,51,0.0,0.0,0.0,0.0,0.0,0.0,0.0,0.0,0.0,0
doge,51,0.0,0.0,0.0,0.0,0.0,0.0,0.0,0.0,0.0,0
shib,51,-0.09090912097503123,-4.58257569495584,0.0,0.0,-21.0,0.09090912097503123,0.0,0.0,0.4165979282299783,1
pepe,51,0.0,0.0,0.0,0.0,0.0,0.0,0.0,0.0,0.0,0
bonk,52,0.0,0.0,0.0,0.0,0.0,0.0,0.0,0.0,0.0,0
doge,52,0.0,0.0,0.0,0.0,0.0,0.0,0.0,0.0,0.0,0
shib,52,-0.09090912097503123,-4.58257569495584,0.0,0.0,-21.0,0.09090912097503123,0.0,0.0,0.4165979282299783,1
pepe,52,0.0,0.0,0.0,0.0,0.0,0.0,0.0,0.0,0.0,0
bonk,53,0.0,0.0,0.0,0.0,0.0,0.0,0.0,0.0,0.0,0
doge,53,0.0,0.0,0.0,0.0,0.0,0.0,0.0,0.0,0.0,0
shib,53,-0.09090912097503123,-4.58257569495584,0.0,0.0,-21.0,0.09090912097503123,0.0,0.0,0.4165979282299783,1
pepe,53,0.0,0.0,0.0,0.0,0.0,0.0,0.0,0.0,0.0,0
bonk,54,0.0,0.0,0.0,0.0,0.0,0.0,0.0,0.0,0.0,0
doge,54,0.0,0.0,0.0,0.0,0.0,0.0,0.0,0.0,0.0,0
shib,54,-0.09090912097503123,-4.58257569495584,0.0,0.0,-21.0,0.09090912097503123,0.0,0.0,0.4165979282299783,1
pepe,54,0.0,0.0,0.0,0.0,0.0,0.0,0.0,0.0,0.0,0
bonk,55,0.0,0.0,0.0,0.0,0.0,0.0,0.0,0.0,0.0,0
doge,55,0.0,0.0,0.0,0.0,0.0,0.0,0.0,0.0,0.0,0
shib,55,-0.09090912097503123,-4.58257569495584,0.0,0.0,-21.0,0.09090912097503123,0.0,0.0,0.4165979282299783,1
pepe,55,0.0,0.0,0.0,0.0,0.0,0.0,0.0,0.0,0.0,0
bonk,56,0.0,0.0,0.0,0.0,0.0,0.0,0.0,0.0,0.0,0
doge,56,0.0,0.0,0.0,0.0,0.0,0.0,0.0,0.0,0.0,0
shib,56,-0.09090912097503123,-4.58257569495584,0.0,0.0,-21.0,0.09090912097503123,0.0,0.0,0.4165979282299783,1
pepe,56,0.0,0.0,0.0,0.0,0.0,0.0,0.0,0.0,0.0,0
bonk,57,0.0,0.0,0.0,0.0,0.0,0.0,0.0,0.0,0.0,0
doge,57,0.0,0.0,0.0,0.0,0.0,0.0,0.0,0.0,0.0,0
shib,57,-0.09090912097503123,-4.58257569495584,0.0,0.0,-21.0,0.09090912097503123,0.0,0.0,0.4165979282299783,1
pepe,57,0.0,0.0,0.0,0.0,0.0,0.0,0.0,0.0,0.0,0
bonk,58,0.0,0.0,0.0,0.0,0.0,0.0,0.0,0.0,0.0,0
doge,58,0.0,0.0,0.0,0.0,0.0,0.0,0.0,0.0,0.0,0
shib,58,-0.09090912097503123,-4.58257569495584,0.0,0.0,-21.0,0.09090912097503123,0.0,0.0,0.4165979282299783,1
pepe,58,0.0,0.0,0.0,0.0,0.0,0.0,0.0,0.0,0.0,0
bonk,59,0.0,0.0,0.0,0.0,0.0,0.0,0.0,0.0,0.0,0
doge,59,0.0,0.0,0.0,0.0,0.0,0.0,0.0,0.0,0.0,0
shib,59,-0.09090912097503123,-4.58257569495584,0.0,0.0,-21.0,0.09090912097503123,0.0,0.0,0.4165979282299783,1
pepe,59,0.0,0.0,0.0,0.0,0.0,0.0,0.0,0.0,0.0,0
bonk,60,0.0,0.0,0.0,0.0,0.0,0.0,0.0,0.0,0.0,0
doge,60,0.0,0.0,0.0,0.0,0.0,0.0,0.0,0.0,0.0,0
shib,60,-0.09090912097503123,-4.58257569495584,0.0,0.0,-21.0,0.09090912097503123,0.0,0.0,0.4165979282299783,1
pepe,60,0.0,0.0,0.0,0.0,0.0,0.0,0.0,0.0,0.0,0
bonk,61,0.0,0.0,0.0,0.0,0.0,0.0,0.0,0.0,0.0,0
doge,61,0.0,0.0,0.0,0.0,0.0,0.0,0.0,0.0,0.0,0
shib,61,-0.09090912097503123,-4.58257569495584,0.0,0.0,-21.0,0.09090912097503123,0.0,0.0,0.4165979282299783,1
pepe,61,0.0,0.0,0.0,0.0,0.0,0.0,0.0,0.0,0.0,0
bonk,62,0.0,0.0,0.0,0.0,0.0,0.0,0.0,0.0,0.0,0
doge,62,0.0,0.0,0.0,0.0,0.0,0.0,0.0,0.0,0.0,0
shib,62,-0.09090912097503123,-4.58257569495584,0.0,0.0,-21.0,0.09090912097503123,0.0,0.0,0.4165979282299783,1
pepe,62,0.0,0.0,0.0,0.0,0.0,0.0,0.0,0.0,0.0,0
bonk,63,0.0,0.0,0.0,0.0,0.0,0.0,0.0,0.0,0.0,0
doge,63,0.0,0.0,0.0,0.0,0.0,0.0,0.0,0.0,0.0,0
shib,63,-0.09090912097503123,-4.58257569495584,0.0,0.0,-21.0,0.09090912097503123,0.0,0.0,0.4165979282299783,1
pepe,63,0.0,0.0,0.0,0.0,0.0,0.0,0.0,0.0,0.0,0
bonk,64,0.0,0.0,0.0,0.0,0.0,0.0,0.0,0.0,0.0,0
doge,64,0.0,0.0,0.0,0.0,0.0,0.0,0.0,0.0,0.0,0
shib,64,-0.09090912097503123,-4.58257569495584,0.0,0.0,-21.0,0.09090912097503123,0.0,0.0,0.4165979282299783,1
pepe,64,0.0,0.0,0.0,0.0,0.0,0.0,0.0,0.0,0.0,0
bonk,65,0.0,0.0,0.0,0.0,0.0,0.0,0.0,0.0,0.0,0
doge,65,0.0,0.0,0.0,0.0,0.0,0.0,0.0,0.0,0.0,0
shib,65,-0.09090912097503123,-4.58257569495584,0.0,0.0,-21.0,0.09090912097503123,0.0,0.0,0.4165979282299783,1
pepe,65,0.0,0.0,0.0,0.0,0.0,0.0,0.0,0.0,0.0,0
bonk,66,0.0,0.0,0.0,0.0,0.0,0.0,0.0,0.0,0.0,0
doge,66,0.0,0.0,0.0,0.0,0.0,0.0,0.0,0.0,0.0,0
shib,66,-0.09090912097503123,-4.58257569495584,0.0,0.0,-21.0,0.09090912097503123,0.0,0.0,0.4165979282299783,1
pepe,66,0.0,0.0,0.0,0.0,0.0,0.0,0.0,0.0,0.0,0
bonk,67,0.0,0.0,0.0,0.0,0.0,0.0,0.0,0.0,0.0,0
doge,67,0.0,0.0,0.0,0.0,0.0,0.0,0.0,0.0,0.0,0
shib,67,-0.09090912097503123,-4.58257569495584,0.0,0.0,-21.0,0.09090912097503123,0.0,0.0,0.4165979282299783,1
pepe,67,0.0,0.0,0.0,0.0,0.0,0.0,0.0,0.0,0.0,0
bonk,68,0.0,0.0,0.0,0.0,0.0,0.0,0.0,0.0,0.0,0
doge,68,0.0,0.0,0.0,0.0,0.0,0.0,0.0,0.0,0.0,0
shib,68,-0.09090912097503123,-4.58257569495584,0.0,0.0,-21.0,0.09090912097503123,0.0,0.0,0.4165979282299783,1
pepe,68,0.0,0.0,0.0,0.0,0.0,0.0,0.0,0.0,0.0,0
bonk,69,0.0,0.0,0.0,0.0,0.0,0.0,0.0,0.0,0.0,0
doge,69,0.0,0.0,0.0,0.0,0.0,0.0,0.0,0.0,0.0,0
shib,69,-0.09090912097503123,-4.58257569495584,0.0,0.0,-21.0,0.09090912097503123,0.0,0.0,0.4165979282299783,1
pepe,69,0.0,0.0,0.0,0.0,0.0,0.0,0.0,0.0,0.0,0
bonk,70,0.0,0.0,0.0,0.0,0.0,0.0,0.0,0.0,0.0,0
doge,70,0.0,0.0,0.0,0.0,0.0,0.0,0.0,0.0,0.0,0
shib,70,-0.09090912097503123,-4.58257569495584,0.0,0.0,-21.0,0.09090912097503123,0.0,0.0,0.4165979282299783,1
pepe,70,0.0,0.0,0.0,0.0,0.0,0.0,0.0,0.0,0.0,0
bonk,71,0.0,0.0,0.0,0.0,0.0,0.0,0.0,0.0,0.0,0
doge,71,0.0,0.0,0.0,0.0,0.0,0.0,0.0,0.0,0.0,0
shib,71,-0.09090912097503123,-4.58257569495584,0.0,0.0,-21.0,0.09090912097503123,0.0,0.0,0.4165979282299783,1
pepe,71,0.0,0.0,0.0,0.0,0.0,0.0,0.0,0.0,0.0,0
bonk,72,0.0,0.0,0.0,0.0,0.0,0.0,0.0,0.0,0.0,0
doge,72,0.0,0.0,0.0,0.0,0.0,0.0,0.0,0.0,0.0,0
shib,72,-0.09090912097503123,-4.58257569495584,0.0,0.0,-21.0,0.09090912097503123,0.0,0.0,0.4165979282299783,1
pepe,72,0.0,0.0,0.0,0.0,0.0,0.0,0.0,0.0,0.0,0
bonk,73,0.0,0.0,0.0,0.0,0.0,0.0,0.0,0.0,0.0,0
doge,73,0.0,0.0,0.0,0.0,0.0,0.0,0.0,0.0,0.0,0
shib,73,-0.09090912097503123,-4.58257569495584,0.0,0.0,-21.0,0.09090912097503123,0.0,0.0,0.4165979282299783,1
pepe,73,0.0,0.0,0.0,0.0,0.0,0.0,0.0,0.0,0.0,0
bonk,74,0.0,0.0,0.0,0.0,0.0,0.0,0.0,0.0,0.0,0
doge,74,0.0,0.0,0.0,0.0,0.0,0.0,0.0,0.0,0.0,0
shib,74,-0.09090912097503123,-4.58257569495584,0.0,0.0,-21.0,0.09090912097503123,0.0,0.0,0.4165979282299783,1
pepe,74,0.0,0.0,0.0,0.0,0.0,0.0,0.0,0.0,0.0,0
bonk,75,0.0,0.0,0.0,0.0,0.0,0.0,0.0,0.0,0.0,0
doge,75,0.0,0.0,0.0,0.0,0.0,0.0,0.0,0.0,0.0,0
shib,75,-0.09090912097503123,-4.58257569495584,0.0,0.0,-21.0,0.09090912097503123,0.0,0.0,0.4165979282299783,1
pepe,75,0.0,0.0,0.0,0.0,0.0,0.0,0.0,0.0,0.0,0
bonk,76,0.0,0.0,0.0,0.0,0.0,0.0,0.0,0.0,0.0,0
doge,76,0.0,0.0,0.0,0.0,0.0,0.0,0.0,0.0,0.0,0
shib,76,-0.09090912097503123,-4.58257569495584,0.0,0.0,-21.0,0.09090912097503123,0.0,0.0,0.4165979282299783,1
pepe,76,0.0,0.0,0.0,0.0,0.0,0.0,0.0,0.0,0.0,0
bonk,77,0.0,0.0,0.0,0.0,0.0,0.0,0.0,0.0,0.0,0
doge,77,0.0,0.0,0.0,0.0,0.0,0.0,0.0,0.0,0.0,0
shib,77,-0.09090912097503123,-4.58257569495584,0.0,0.0,-21.0,0.09090912097503123,0.0,0.0,0.4165979282299783,1
pepe,77,0.0,0.0,0.0,0.0,0.0,0.0,0.0,0.0,0.0,0
bonk,78,0.0,0.0,0.0,0.0,0.0,0.0,0.0,0.0,0.0,0
doge,78,0.0,0.0,0.0,0.0,0.0,0.0,0.0,0.0,0.0,0
shib,78,-0.09090912097503123,-4.58257569495584,0.0,0.0,-21.0,0.09090912097503123,0.0,0.0,0.4165979282299783,1
pepe,78,0.0,0.0,0.0,0.0,0.0,0.0,0.0,0.0,0.0,0
bonk,79,0.0,0.0,0.0,0.0,0.0,0.0,0.0,0.0,0.0,0
doge,79,0.0,0.0,0.0,0.0,0.0,0.0,0.0,0.0,0.0,0
shib,79,-0.09090912097503123,-4.58257569495584,0.0,0.0,-21.0,0.09090912097503123,0.0,0.0,0.4165979282299783,1
pepe,79,0.0,0.0,0.0,0.0,0.0,0.0,0.0,0.0,0.0,0
bonk,80,0.0,0.0,0.0,0.0,0.0,0.0,0.0,0.0,0.0,0
doge,80,0.0,0.0,0.0,0.0,0.0,0.0,0.0,0.0,0.0,0
shib,80,-0.09090912097503123,-4.58257569495584,0.0,0.0,-21.0,0.09090912097503123,0.0,0.0,0.4165979282299783,1
pepe,80,0.0,0.0,0.0,0.0,0.0,0.0,0.0,0.0,0.0,0
bonk,81,0.0,0.0,0.0,0.0,0.0,0.0,0.0,0.0,0.0,0
doge,81,0.0,0.0,0.0,0.0,0.0,0.0,0.0,0.0,0.0,0
shib,81,-0.09090912097503123,-4.58257569495584,0.0,0.0,-21.0,0.09090912097503123,0.0,0.0,0.4165979282299783,1
pepe,81,0.0,0.0,0.0,0.0,0.0,0.0,0.0,0.0,0.0,0
bonk,82,0.0,0.0,0.0,0.0,0.0,0.0,0.0,0.0,0.0,0
doge,82,0.0,0.0,0.0,0.0,0.0,0.0,0.0,0.0,0.0,0
shib,82,-0.09090912097503123,-4.58257569495584,0.0,0.0,-21.0,0.09090912097503123,0.0,0.0,0.4165979282299783,1
pepe,82,0.0,0.0,0.0,0.0,0.0,0.0,0.0,0.0,0.0,0
bonk,83,0.0,0.0,0.0,0.0,0.0,0.0,0.0,0.0,0.0,0
doge,83,0.0,0.0,0.0,0.0,0.0,0.0,0.0,0.0,0.0,0
shib,83,-0.09090912097503123,-4.58257569495584,0.0,0.0,-21.0,0.09090912097503123,0.0,0.0,0.4165979282299783,1
pepe,83,0.0,0.0,0.0,0.0,0.0,0.0,0.0,0.0,0.0,0
bonk,84,0.0,0.0,0.0,0.0,0.0,0.0,0.0,0.0,0.0,0
doge,84,0.0,0.0,0.0,0.0,0.0,0.0,0.0,0.0,0.0,0
shib,84,-0.09090912097503123,-4.58257569495584,0.0,0.0,-21.0,0.09090912097503123,0.0,0.0,0.4165979282299783,1
pepe,84,0.0,0.0,0.0,0.0,0.0,0.0,0.0,0.0,0.0,0
bonk,85,0.0,0.0,0.0,0.0,0.0,0.0,0.0,0.0,0.0,0
doge,85,0.0,0.0,0.0,0.0,0.0,0.0,0.0,0.0,0.0,0
shib,85,-0.09090912097503123,-4.58257569495584,0.0,0.0,-21.0,0.09090912097503123,0.0,0.0,0.4165979282299783,1
pepe,85,0.0,0.0,0.0,0.0,0.0,0.0,0.0,0.0,0.0,0
bonk,86,0.0,0.0,0.0,0.0,0.0,0.0,0.0,0.0,0.0,0
doge,86,0.0,0.0,0.0,0.0,0.0,0.0,0.0,0.0,0.0,0
shib,86,-0.09090912097503123,-4.58257569495584,0.0,0.0,-21.0,0.09090912097503123,0.0,0.0,0.4165979282299783,1
pepe,86,0.0,0.0,0.0,0.0,0.0,0.0,0.0,0.0,0.0,0
bonk,87,0.0,0.0,0.0,0.0,0.0,0.0,0.0,0.0,0.0,0
doge,87,0.0,0.0,0.0,0.0,0.0,0.0,0.0,0.0,0.0,0
shib,87,-0.09090912097503123,-4.58257569495584,0.0,0.0,-21.0,0.09090912097503123,0.0,0.0,0.4165979282299783,1
pepe,87,0.0,0.0,0.0,0.0,0.0,0.0,0.0,0.0,0.0,0
bonk,88,0.0,0.0,0.0,0.0,0.0,0.0,0.0,0.0,0.0,0
doge,88,0.0,0.0,0.0,0.0,0.0,0.0,0.0,0.0,0.0,0
shib,88,-0.09090912097503123,-4.58257569495584,0.0,0.0,-21.0,0.09090912097503123,0.0,0.0,0.4165979282299783,1
pepe,88,0.0,0.0,0.0,0.0,0.0,0.0,0.0,0.0,0.0,0
bonk,89,0.0,0.0,0.0,0.0,0.0,0.0,0.0,0.0,0.0,0
doge,89,0.0,0.0,0.0,0.0,0.0,0.0,0.0,0.0,0.0,0
shib,89,-0.09090912097503123,-4.58257569495584,0.0,0.0,-21.0,0.09090912097503123,0.0,0.0,0.4165979282299783,1
pepe,89,0.0,0.0,0.0,0.0,0.0,0.0,0.0,0.0,0.0,0
bonk,90,0.0,0.0,0.0,0.0,0.0,0.0,0.0,0.0,0.0,0
doge,90,0.0,0.0,0.0,0.0,0.0,0.0,0.0,0.0,0.0,0
shib,90,-0.09090912097503123,-4.58257569495584,0.0,0.0,-21.0,0.09090912097503123,0.0,0.0,0.4165979282299783,1
pepe,90,0.0,0.0,0.0,0.0,0.0,0.0,0.0,0.0,0.0,0
bonk,91,0.0,0.0,0.0,0.0,0.0,0.0,0.0,0.0,0.0,0
doge,91,0.0,0.0,0.0,0.0,0.0,0.0,0.0,0.0,0.0,0
shib,91,-0.09090912097503123,-4.58257569495584,0.0,0.0,-21.0,0.09090912097503123,0.0,0.0,0.4165979282299783,1
pepe,91,0.0,0.0,0.0,0.0,0.0,0.0,0.0,0.0,0.0,0
bonk,92,0.0,0.0,0.0,0.0,0.0,0.0,0.0,0.0,0.0,0
doge,92,0.0,0.0,0.0,0.0,0.0,0.0,0.0,0.0,0.0,0
shib,92,-0.09090912097503123,-4.58257569495584,0.0,0.0,-21.0,0.09090912097503123,0.0,0.0,0.4165979282299783,1
pepe,92,0.0,0.0,0.0,0.0,0.0,0.0,0.0,0.0,0.0,0
bonk,93,0.0,0.0,0.0,0.0,0.0,0.0,0.0,0.0,0.0,0
doge,93,0.0,0.0,0.0,0.0,0.0,0.0,0.0,0.0,0.0,0
shib,93,-0.09090912097503123,-4.58257569495584,0.0,0.0,-21.0,0.09090912097503123,0.0,0.0,0.4165979282299783,1
pepe,93,0.0,0.0,0.0,0.0,0.0,0.0,0.0,0.0,0.0,0
bonk,94,0.0,0.0,0.0,0.0,0.0,0.0,0.0,0.0,0.0,0
doge,94,0.0,0.0,0.0,0.0,0.0,0.0,0.0,0.0,0.0,0
shib,94,-0.09090912097503123,-4.58257569495584,0.0,0.0,-21.0,0.09090912097503123,0.0,0.0,0.4165979282299783,1
pepe,94,0.0,0.0,0.0,0.0,0.0,0.0,0.0,0.0,0.0,0
bonk,95,0.0,0.0,0.0,0.0,0.0,0.0,0.0,0.0,0.0,0
doge,95,0.0,0.0,0.0,0.0,0.0,0.0,0.0,0.0,0.0,0
shib,95,-0.09090912097503123,-4.58257569495584,0.0,0.0,-21.0,0.09090912097503123,0.0,0.0,0.4165979282299783,1
pepe,95,0.0,0.0,0.0,0.0,0.0,0.0,0.0,0.0,0.0,0
bonk,96,0.0,0.0,0.0,0.0,0.0,0.0,0.0,0.0,0.0,0
doge,96,0.0,0.0,0.0,0.0,0.0,0.0,0.0,0.0,0.0,0
shib,96,-0.09090912097503123,-4.58257569495584,0.0,0.0,-21.0,0.09090912097503123,0.0,0.0,0.4165979282299783,1
pepe,96,0.0,0.0,0.0,0.0,0.0,0.0,0.0,0.0,0.0,0
bonk,97,0.0,0.0,0.0,0.0,0.0,0.0,0.0,0.0,0.0,0
doge,97,0.0,0.0,0.0,0.0,0.0,0.0,0.0,0.0,0.0,0
shib,97,0.0,0.0,0.0,0.0,0.0,0.0,0.0,0.0,0.0,0
pepe,97,0.0,0.0,0.0,0.0,0.0,0.0,0.0,0.0,0.0,0
bonk,98,0.0,0.0,0.0,0.0,0.0,0.0,0.0,0.0,0.0,0
doge,98,0.0,0.0,0.0,0.0,0.0,0.0,0.0,0.0,0.0,0
shib,98,0.0,0.0,0.0,0.0,0.0,0.0,0.0,0.0,0.0,0
pepe,98,0.0,0.0,0.0,0.0,0.0,0.0,0.0,0.0,0.0,0
bonk,99,0.0,0.0,0.0,0.0,0.0,0.0,0.0,0.0,0.0,0
doge,99,0.0,0.0,0.0,0.0,0.0,0.0,0.0,0.0,0.0,0
shib,99,0.0,0.0,0.0,0.0,0.0,0.0,0.0,0.0,0.0,0
pepe,99,0.0,0.0,0.0,0.0,0.0,0.0,0.0,0.0,0.0,0
bonk,100,0.0,0.0,0.0,0.0,0.0,0.0,0.0,0.0,0.0,0
doge,100,0.0,0.0,0.0,0.0,0.0,0.0,0.0,0.0,0.0,0
shib,100,0.0,0.0,0.0,0.0,0.0,0.0,0.0,0.0,0.0,0
pepe,100,0.0,0.0,0.0,0.0,0.0,0.0,0.0,0.0,0.0,0
bonk,101,0.0,0.0,0.0,0.0,0.0,0.0,0.0,0.0,0.0,0
doge,101,0.0,0.0,0.0,0.0,0.0,0.0,0.0,0.0,0.0,0
shib,101,0.0,0.0,0.0,0.0,0.0,0.0,0.0,0.0,0.0,0
pepe,101,0.0,0.0,0.0,0.0,0.0,0.0,0.0,0.0,0.0,0
bonk,102,0.0,0.0,0.0,0.0,0.0,0.0,0.0,0.0,0.0,0
doge,102,0.0,0.0,0.0,0.0,0.0,0.0,0.0,0.0,0.0,0
shib,102,0.0,0.0,0.0,0.0,0.0,0.0,0.0,0.0,0.0,0
pepe,102,0.0,0.0,0.0,0.0,0.0,0.0,0.0,0.0,0.0,0
bonk,103,0.0,0.0,0.0,0.0,0.0,0.0,0.0,0.0,0.0,0
doge,103,0.0,0.0,0.0,0.0,0.0,0.0,0.0,0.0,0.0,0
shib,103,0.0,0.0,0.0,0.0,0.0,0.0,0.0,0.0,0.0,0
pepe,103,0.0,0.0,0.0,0.0,0.0,0.0,0.0,0.0,0.0,0
bonk,104,0.0,0.0,0.0,0.0,0.0,0.0,0.0,0.0,0.0,0
doge,104,0.0,0.0,0.0,0.0,0.0,0.0,0.0,0.0,0.0,0
shib,104,0.0,0.0,0.0,0.0,0.0,0.0,0.0,0.0,0.0,0
pepe,104,0.0,0.0,0.0,0.0,0.0,0.0,0.0,0.0,0.0,0
bonk,105,0.0,0.0,0.0,0.0,0.0,0.0,0.0,0.0,0.0,0
doge,105,0.0,0.0,0.0,0.0,0.0,0.0,0.0,0.0,0.0,0
shib,105,0.0,0.0,0.0,0.0,0.0,0.0,0.0,0.0,0.0,0
pepe,105,0.0,0.0,0.0,0.0,0.0,0.0,0.0,0.0,0.0,0
bonk,106,0.0,0.0,0.0,0.0,0.0,0.0,0.0,0.0,0.0,0
doge,106,0.0,0.0,0.0,0.0,0.0,0.0,0.0,0.0,0.0,0
shib,106,0.0,0.0,0.0,0.0,0.0,0.0,0.0,0.0,0.0,0
pepe,106,0.0,0.0,0.0,0.0,0.0,0.0,0.0,0.0,0.0,0
bonk,107,0.0,0.0,0.0,0.0,0.0,0.0,0.0,0.0,0.0,0
doge,107,0.0,0.0,0.0,0.0,0.0,0.0,0.0,0.0,0.0,0
shib,107,0.0,0.0,0.0,0.0,0.0,0.0,0.0,0.0,0.0,0
pepe,107,0.0,0.0,0.0,0.0,0.0,0.0,0.0,0.0,0.0,0
bonk,108,0.0,0.0,0.0,0.0,0.0,0.0,0.0,0.0,0.0,0
doge,108,0.0,0.0,0.0,0.0,0.0,0.0,0.0,0.0,0.0,0
shib,108,0.0,0.0,0.0,0.0,0.0,0.0,0.0,0.0,0.0,0
pepe,108,0.0,0.0,0.0,0.0,0.0,0.0,0.0,0.0,0.0,0
bonk,109,0.0,0.0,0.0,0.0,0.0,0.0,0.0,0.0,0.0,0
doge,109,0.0,0.0,0.0,0.0,0.0,0.0,0.0,0.0,0.0,0
shib,109,0.0,0.0,0.0,0.0,0.0,0.0,0.0,0.0,0.0,0
pepe,109,0.0,0.0,0.0,0.0,0.0,0.0,0.0,0.0,0.0,0
bonk,110,0.0,0.0,0.0,0.0,0.0,0.0,0.0,0.0,0.0,0
doge,110,0.0,0.0,0.0,0.0,0.0,0.0,0.0,0.0,0.0,0
shib,110,0.0,0.0,0.0,0.0,0.0,0.0,0.0,0.0,0.0,0
pepe,110,0.0,0.0,0.0,0.0,0.0,0.0,0.0,0.0,0.0,0
bonk,111,0.0,0.0,0.0,0.0,0.0,0.0,0.0,0.0,0.0,0
doge,111,0.0,0.0,0.0,0.0,0.0,0.0,0.0,0.0,0.0,0
shib,111,0.0,0.0,0.0,0.0,0.0,0.0,0.0,0.0,0.0,0
pepe,111,0.0,0.0,0.0,0.0,0.0,0.0,0.0,0.0,0.0,0
bonk,112,0.0,0.0,0.0,0.0,0.0,0.0,0.0,0.0,0.0,0
doge,112,0.0,0.0,0.0,0.0,0.0,0.0,0.0,0.0,0.0,0
shib,112,0.0,0.0,0.0,0.0,0.0,0.0,0.0,0.0,0.0,0
pepe,112,0.0,0.0,0.0,0.0,0.0,0.0,0.0,0.0,0.0,0
bonk,113,0.0,0.0,0.0,0.0,0.0,0.0,0.0,0.0,0.0,0
doge,113,0.0,0.0,0.0,0.0,0.0,0.0,0.0,0.0,0.0,0
shib,113,0.0,0.0,0.0,0.0,0.0,0.0,0.0,0.0,0.0,0
pepe,113,0.0,0.0,0.0,0.0,0.0,0.0,0.0,0.0,0.0,0
bonk,114,0.0,0.0,0.0,0.0,0.0,0.0,0.0,0.0,0.0,0
doge,114,0.0,0.0,0.0,0.0,0.0,0.0,0.0,0.0,0.0,0
shib,114,0.0,0.0,0.0,0.0,0.0,0.0,0.0,0.0,0.0,0
pepe,114,0.0,0.0,0.0,0.0,0.0,0.0,0.0,0.0,0.0,0
bonk,115,0.0,0.0,0.0,0.0,0.0,0.0,0.0,0.0,0.0,0
doge,115,0.0,0.0,0.0,0.0,0.0,0.0,0.0,0.0,0.0,0
shib,115,0.0,0.0,0.0,0.0,0.0,0.0,0.0,0.0,0.0,0
pepe,115,0.0,0.0,0.0,0.0,0.0,0.0,0.0,0.0,0.0,0
bonk,116,0.0,0.0,0.0,0.0,0.0,0.0,0.0,0.0,0.0,0
doge,116,0.0,0.0,0.0,0.0,0.0,0.0,0.0,0.0,0.0,0
shib,116,0.0,0.0,0.0,0.0,0.0,0.0,0.0,0.0,0.0,0
pepe,116,0.0,0.0,0.0,0.0,0.0,0.0,0.0,0.0,0.0,0
bonk,117,0.0,0.0,0.0,0.0,0.0,0.0,0.0,0.0,0.0,0
doge,117,0.0,0.0,0.0,0.0,0.0,0.0,0.0,0.0,0.0,0
shib,117,0.0,0.0,0.0,0.0,0.0,0.0,0.0,0.0,0.0,0
pepe,117,0.0,0.0,0.0,0.0,0.0,0.0,0.0,0.0,0.0,0
bonk,118,0.0,0.0,0.0,0.0,0.0,0.0,0.0,0.0,0.0,0
doge,118,0.0,0.0,0.0,0.0,0.0,0.0,0.0,0.0,0.0,0
shib,118,0.0,0.0,0.0,0.0,0.0,0.0,0.0,0.0,0.0,0
pepe,118,0.0,0.0,0.0,0.0,0.0,0.0,0.0,0.0,0.0,0
bonk,119,0.0,0.0,0.0,0.0,0.0,0.0,0.0,0.0,0.0,0
doge,119,0.0,0.0,0.0,0.0,0.0,0.0,0.0,0.0,0.0,0
shib,119,0.0,0.0,0.0,0.0,0.0,0.0,0.0,0.0,0.0,0
pepe,119,0.0,0.0,0.0,0.0,0.0,0.0,0.0,0.0,0.0,0
bonk,120,0.0,0.0,0.0,0.0,0.0,0.0,0.0,0.0,0.0,0
doge,120,0.0,0.0,0.0,0.0,0.0,0.0,0.0,0.0,0.0,0
shib,120,0.0,0.0,0.0,0.0,0.0,0.0,0.0,0.0,0.0,0
pepe,120,0.0,0.0,0.0,0.0,0.0,0.0,0.0,0.0,0.0,0
bonk,121,0.0,0.0,0.0,0.0,0.0,0.0,0.0,0.0,0.0,0
doge,121,0.0,0.0,0.0,0.0,0.0,0.0,0.0,0.0,0.0,0
shib,121,0.0,0.0,0.0,0.0,0.0,0.0,0.0,0.0,0.0,0
pepe,121,0.0,0.0,0.0,0.0,0.0,0.0,0.0,0.0,0.0,0
bonk,122,0.0,0.0,0.0,0.0,0.0,0.0,0.0,0.0,0.0,0
doge,122,0.0,0.0,0.0,0.0,0.0,0.0,0.0,0.0,0.0,0
shib,122,0.0,0.0,0.0,0.0,0.0,0.0,0.0,0.0,0.0,0
pepe,122,0.0,0.0,0.0,0.0,0.0,0.0,0.0,0.0,0.0,0
bonk,123,0.0,0.0,0.0,0.0,0.0,0.0,0.0,0.0,0.0,0
doge,123,0.0,0.0,0.0,0.0,0.0,0.0,0.0,0.0,0.0,0
shib,123,0.0,0.0,0.0,0.0,0.0,0.0,0.0,0.0,0.0,0
pepe,123,0.0,0.0,0.0,0.0,0.0,0.0,0.0,0.0,0.0,0
bonk,124,0.0,0.0,0.0,0.0,0.0,0.0,0.0,0.0,0.0,0
doge,124,0.0,0.0,0.0,0.0,0.0,0.0,0.0,0.0,0.0,0
shib,124,0.0,0.0,0.0,0.0,0.0,0.0,0.0,0.0,0.0,0
pepe,124,0.0,0.0,0.0,0.0,0.0,0.0,0.0,0.0,0.0,0
bonk,125,0.0,0.0,0.0,0.0,0.0,0.0,0.0,0.0,0.0,0
doge,125,0.0,0.0,0.0,0.0,0.0,0.0,0.0,0.0,0.0,0
shib,125,0.0,0.0,0.0,0.0,0.0,0.0,0.0,0.0,0.0,0
pepe,125,0.0,0.0,0.0,0.0,0.0,0.0,0.0,0.0,0.0,0
bonk,126,0.0,0.0,0.0,0.0,0.0,0.0,0.0,0.0,0.0,0
doge,126,0.0,0.0,0.0,0.0,0.0,0.0,0.0,0.0,0.0,0
shib,126,0.0,0.0,0.0,0.0,0.0,0.0,0.0,0.0,0.0,0
pepe,126,0.0,0.0,0.0,0.0,0.0,0.0,0.0,0.0,0.0,0
bonk,127,0.0,0.0,0.0,0.0,0.0,0.0,0.0,0.0,0.0,0
doge,127,0.0,0.0,0.0,0.0,0.0,0.0,0.0,0.0,0.0,0
shib,127,0.0,0.0,0.0,0.0,0.0,0.0,0.0,0.0,0.0,0
pepe,127,0.0,0.0,0.0,0.0,0.0,0.0,0.0,0.0,0.0,0
bonk,128,0.0,0.0,0.0,0.0,0.0,0.0,0.0,0.0,0.0,0
doge,128,0.0,0.0,0.0,0.0,0.0,0.0,0.0,0.0,0.0,0
shib,128,0.0,0.0,0.0,0.0,0.0,0.0,0.0,0.0,0.0,0
pepe,128,0.0,0.0,0.0,0.0,0.0,0.0,0.0,0.0,0.0,0
bonk,129,0.0,0.0,0.0,0.0,0.0,0.0,0.0,0.0,0.0,0
doge,129,0.0,0.0,0.0,0.0,0.0,0.0,0.0,0.0,0.0,0
shib,129,0.0,0.0,0.0,0.0,0.0,0.0,0.0,0.0,0.0,0
pepe,129,0.0,0.0,0.0,0.0,0.0,0.0,0.0,0.0,0.0,0
bonk,130,0.0,0.0,0.0,0.0,0.0,0.0,0.0,0.0,0.0,0
doge,130,0.0,0.0,0.0,0.0,0.0,0.0,0.0,0.0,0.0,0
shib,130,0.0,0.0,0.0,0.0,0.0,0.0,0.0,0.0,0.0,0
pepe,130,0.0,0.0,0.0,0.0,0.0,0.0,0.0,0.0,0.0,0
bonk,131,0.0,0.0,0.0,0.0,0.0,0.0,0.0,0.0,0.0,0
doge,131,0.0,0.0,0.0,0.0,0.0,0.0,0.0,0.0,0.0,0
shib,131,0.0,0.0,0.0,0.0,0.0,0.0,0.0,0.0,0.0,0
pepe,131,0.0,0.0,0.0,0.0,0.0,0.0,0.0,0.0,0.0,0
bonk,132,0.0,0.0,0.0,0.0,0.0,0.0,0.0,0.0,0.0,0
doge,132,0.0,0.0,0.0,0.0,0.0,0.0,0.0,0.0,0.0,0
shib,132,0.0,0.0,0.0,0.0,0.0,0.0,0.0,0.0,0.0,0
pepe,132,0.0,0.0,0.0,0.0,0.0,0.0,0.0,0.0,0.0,0
bonk,133,0.0,0.0,0.0,0.0,0.0,0.0,0.0,0.0,0.0,0
doge,133,0.0,0.0,0.0,0.0,0.0,0.0,0.0,0.0,0.0,0
shib,133,0.0,0.0,0.0,0.0,0.0,0.0,0.0,0.0,0.0,0
pepe,133,0.0,0.0,0.0,0.0,0.0,0.0,0.0,0.0,0.0,0
bonk,134,0.0,0.0,0.0,0.0,0.0,0.0,0.0,0.0,0.0,0
doge,134,0.0,0.0,0.0,0.0,0.0,0.0,0.0,0.0,0.0,0
shib,134,0.0,0.0,0.0,0.0,0.0,0.0,0.0,0.0,0.0,0
pepe,134,0.0,0.0,0.0,0.0,0.0,0.0,0.0,0.0,0.0,0
bonk,135,0.0,0.0,0.0,0.0,0.0,0.0,0.0,0.0,0.0,0
doge,135,0.0,0.0,0.0,0.0,0.0,0.0,0.0,0.0,0.0,0
shib,135,0.0,0.0,0.0,0.0,0.0,0.0,0.0,0.0,0.0,0
pepe,135,0.0,0.0,0.0,0.0,0.0,0.0,0.0,0.0,0.0,0
bonk,136,0.0,0.0,0.0,0.0,0.0,0.0,0.0,0.0,0.0,0
doge,136,0.0,0.0,0.0,0.0,0.0,0.0,0.0,0.0,0.0,0
shib,136,0.0,0.0,0.0,0.0,0.0,0.0,0.0,0.0,0.0,0
pepe,136,0.0,0.0,0.0,0.0,0.0,0.0,0.0,0.0,0.0,0
bonk,137,0.0,0.0,0.0,0.0,0.0,0.0,0.0,0.0,0.0,0
doge,137,0.0,0.0,0.0,0.0,0.0,0.0,0.0,0.0,0.0,0
shib,137,0.0,0.0,0.0,0.0,0.0,0.0,0.0,0.0,0.0,0
pepe,137,0.0,0.0,0.0,0.0,0.0,0.0,0.0,0.0,0.0,0
bonk,138,0.0,0.0,0.0,0.0,0.0,0.0,0.0,0.0,0.0,0
doge,138,0.0,0.0,0.0,0.0,0.0,0.0,0.0,0.0,0.0,0
shib,138,0.0,0.0,0.0,0.0,0.0,0.0,0.0,0.0,0.0,0
pepe,138,0.0,0.0,0.0,0.0,0.0,0.0,0.0,0.0,0.0,0
bonk,139,0.0,0.0,0.0,0.0,0.0,0.0,0.0,0.0,0.0,0
doge,139,0.0,0.0,0.0,0.0,0.0,0.0,0.0,0.0,0.0,0
shib,139,0.0,0.0,0.0,0.0,0.0,0.0,0.0,0.0,0.0,0
pepe,139,0.0,0.0,0.0,0.0,0.0,0.0,0.0,0.0,0.0,0
bonk,140,0.0,0.0,0.0,0.0,0.0,0.0,0.0,0.0,0.0,0
doge,140,0.0,0.0,0.0,0.0,0.0,0.0,0.0,0.0,0.0,0
shib,140,0.0,0.0,0.0,0.0,0.0,0.0,0.0,0.0,0.0,0
pepe,140,0.0,0.0,0.0,0.0,0.0,0.0,0.0,0.0,0.0,0
bonk,141,0.0,0.0,0.0,0.0,0.0,0.0,0.0,0.0,0.0,0
doge,141,0.0,0.0,0.0,0.0,0.0,0.0,0.0,0.0,0.0,0
shib,141,0.0,0.0,0.0,0.0,0.0,0.0,0.0,0.0,0.0,0
pepe,141,0.0,0.0,0.0,0.0,0.0,0.0,0.0,0.0,0.0,0
bonk,142,0.0,0.0,0.0,0.0,0.0,0.0,0.0,0.0,0.0,0
doge,142,0.0,0.0,0.0,0.0,0.0,0.0,0.0,0.0,0.0,0
shib,142,0.0,0.0,0.0,0.0,0.0,0.0,0.0,0.0,0.0,0
pepe,142,0.0,0.0,0.0,0.0,0.0,0.0,0.0,0.0,0.0,0
bonk,143,0.0,0.0,0.0,0.0,0.0,0.0,0.0,0.0,0.0,0
doge,143,0.0,0.0,0.0,0.0,0.0,0.0,0.0,0.0,0.0,0
shib,143,0.0,0.0,0.0,0.0,0.0,0.0,0.0,0.0,0.0,0
pepe,143,0.0,0.0,0.0,0.0,0.0,0.0,0.0,0.0,0.0,0
bonk,144,0.0,0.0,0.0,0.0,0.0,0.0,0.0,0.0,0.0,0
doge,144,0.0,0.0,0.0,0.0,0.0,0.0,0.0,0.0,0.0,0
shib,144,0.0,0.0,0.0,0.0,0.0,0.0,0.0,0.0,0.0,0
pepe,144,0.0,0.0,0.0,0.0,0.0,0.0,0.0,0.0,0.0,0
bonk,145,0.0,0.0,0.0,0.0,0.0,0.0,0.0,0.0,0.0,0
doge,145,0.0,0.0,0.0,0.0,0.0,0.0,0.0,0.0,0.0,0
shib,145,0.0,0.0,0.0,0.0,0.0,0.0,0.0,0.0,0.0,0
pepe,145,0.0,0.0,0.0,0.0,0.0,0.0,0.0,0.0,0.0,0
bonk,146,0.0,0.0,0.0,0.0,0.0,0.0,0.0,0.0,0.0,0
doge,146,0.0,0.0,0.0,0.0,0.0,0.0,0.0,0.0,0.0,0
shib,146,0.0,0.0,0.0,0.0,0.0,0.0,0.0,0.0,0.0,0
pepe,146,0.0,0.0,0.0,0.0,0.0,0.0,0.0,0.0,0.0,0
bonk,147,0.0,0.0,0.0,0.0,0.0,0.0,0.0,0.0,0.0,0
doge,147,0.0,0.0,0.0,0.0,0.0,0.0,0.0,0.0,0.0,0
shib,147,0.0,0.0,0.0,0.0,0.0,0.0,0.0,0.0,0.0,0
pepe,147,0.0,0.0,0.0,0.0,0.0,0.0,0.0,0.0,0.0,0
bonk,148,0.0,0.0,0.0,0.0,0.0,0.0,0.0,0.0,0.0,0
doge,148,0.0,0.0,0.0,0.0,0.0,0.0,0.0,0.0,0.0,0
shib,148,0.0,0.0,0.0,0.0,0.0,0.0,0.0,0.0,0.0,0
pepe,148,0.0,0.0,0.0,0.0,0.0,0.0,0.0,0.0,0.0,0
bonk,149,0.0,0.0,0.0,0.0,0.0,0.0,0.0,0.0,0.0,0
doge,149,0.0,0.0,0.0,0.0,0.0,0.0,0.0,0.0,0.0,0
shib,149,0.0,0.0,0.0,0.0,0.0,0.0,0.0,0.0,0.0,0
pepe,149,0.0,0.0,0.0,0.0,0.0,0.0,0.0,0.0,0.0,0
bonk,150,0.0,0.0,0.0,0.0,0.0,0.0,0.0,0.0,0.0,0
doge,150,0.0,0.0,0.0,0.0,0.0,0.0,0.0,0.0,0.0,0
shib,150,0.0,0.0,0.0,0.0,0.0,0.0,0.0,0.0,0.0,0
pepe,150,0.0,0.0,0.0,0.0,0.0,0.0,0.0,0.0,0.0,0
